ISO-10303-21;
HEADER;
FILE_DESCRIPTION(('Open CASCADE Model'),'2;1');
FILE_NAME('Open CASCADE Shape Model','2026-10-05T11:38:55',('Author'),(
    'Open CASCADE'),'Open CASCADE STEP processor 7.9','Open CASCADE 7.9'
  ,'Unknown');
FILE_SCHEMA(('AUTOMOTIVE_DESIGN { 1 0 10303 214 1 1 1 1 }'));
ENDSEC;
DATA;
#1 = APPLICATION_PROTOCOL_DEFINITION('international standard',
  'automotive_design',2000,#2);
#2 = APPLICATION_CONTEXT(
  'core data for automotive mechanical design processes');
#3 = SHAPE_DEFINITION_REPRESENTATION(#4,#10);
#4 = PRODUCT_DEFINITION_SHAPE('','',#5);
#5 = PRODUCT_DEFINITION('design','',#6,#9);
#6 = PRODUCT_DEFINITION_FORMATION('','',#7);
#7 = PRODUCT('TRACKER_CANDIDATE_CARRIERS','TRACKER_CANDIDATE_CARRIERS',
  '',(#8));
#8 = PRODUCT_CONTEXT('',#2,'mechanical');
#9 = PRODUCT_DEFINITION_CONTEXT('part definition',#2,'design');
#10 = SHAPE_REPRESENTATION('',(#11,#15,#19,#23,#27,#31,#35,#39,#43,#47,
    #51,#55),#59);
#11 = AXIS2_PLACEMENT_3D('',#12,#13,#14);
#12 = CARTESIAN_POINT('',(0.,0.,0.));
#13 = DIRECTION('',(0.,0.,1.));
#14 = DIRECTION('',(1.,0.,-0.));
#15 = AXIS2_PLACEMENT_3D('',#16,#17,#18);
#16 = CARTESIAN_POINT('',(0.,0.,0.));
#17 = DIRECTION('',(0.,0.,1.));
#18 = DIRECTION('',(1.,0.,-0.));
#19 = AXIS2_PLACEMENT_3D('',#20,#21,#22);
#20 = CARTESIAN_POINT('',(0.,0.,0.));
#21 = DIRECTION('',(0.,0.,1.));
#22 = DIRECTION('',(1.,0.,-0.));
#23 = AXIS2_PLACEMENT_3D('',#24,#25,#26);
#24 = CARTESIAN_POINT('',(0.,0.,0.));
#25 = DIRECTION('',(0.,0.,1.));
#26 = DIRECTION('',(1.,0.,-0.));
#27 = AXIS2_PLACEMENT_3D('',#28,#29,#30);
#28 = CARTESIAN_POINT('',(0.,0.,0.));
#29 = DIRECTION('',(0.,0.,1.));
#30 = DIRECTION('',(1.,0.,-0.));
#31 = AXIS2_PLACEMENT_3D('',#32,#33,#34);
#32 = CARTESIAN_POINT('',(0.,0.,0.));
#33 = DIRECTION('',(0.,0.,1.));
#34 = DIRECTION('',(1.,0.,-0.));
#35 = AXIS2_PLACEMENT_3D('',#36,#37,#38);
#36 = CARTESIAN_POINT('',(0.,0.,0.));
#37 = DIRECTION('',(0.,0.,1.));
#38 = DIRECTION('',(1.,0.,-0.));
#39 = AXIS2_PLACEMENT_3D('',#40,#41,#42);
#40 = CARTESIAN_POINT('',(0.,0.,0.));
#41 = DIRECTION('',(0.,0.,1.));
#42 = DIRECTION('',(1.,0.,-0.));
#43 = AXIS2_PLACEMENT_3D('',#44,#45,#46);
#44 = CARTESIAN_POINT('',(0.,0.,0.));
#45 = DIRECTION('',(0.,0.,1.));
#46 = DIRECTION('',(1.,0.,-0.));
#47 = AXIS2_PLACEMENT_3D('',#48,#49,#50);
#48 = CARTESIAN_POINT('',(0.,0.,0.));
#49 = DIRECTION('',(0.,0.,1.));
#50 = DIRECTION('',(1.,0.,-0.));
#51 = AXIS2_PLACEMENT_3D('',#52,#53,#54);
#52 = CARTESIAN_POINT('',(0.,0.,0.));
#53 = DIRECTION('',(0.,0.,1.));
#54 = DIRECTION('',(1.,0.,-0.));
#55 = AXIS2_PLACEMENT_3D('',#56,#57,#58);
#56 = CARTESIAN_POINT('',(0.,0.,0.));
#57 = DIRECTION('',(0.,0.,1.));
#58 = DIRECTION('',(1.,0.,-0.));
#59 = ( GEOMETRIC_REPRESENTATION_CONTEXT(3) 
GLOBAL_UNCERTAINTY_ASSIGNED_CONTEXT((#63)) GLOBAL_UNIT_ASSIGNED_CONTEXT(
(#60,#61,#62)) REPRESENTATION_CONTEXT('Context #1',
  '3D Context with UNIT and UNCERTAINTY') );
#60 = ( LENGTH_UNIT() NAMED_UNIT(*) SI_UNIT(.MILLI.,.METRE.) );
#61 = ( NAMED_UNIT(*) PLANE_ANGLE_UNIT() SI_UNIT($,.RADIAN.) );
#62 = ( NAMED_UNIT(*) SI_UNIT($,.STERADIAN.) SOLID_ANGLE_UNIT() );
#63 = UNCERTAINTY_MEASURE_WITH_UNIT(LENGTH_MEASURE(1.E-07),#60,
  'distance_accuracy_value','confusion accuracy');
#64 = PRODUCT_RELATED_PRODUCT_CATEGORY('part',$,(#7));
#65 = SHAPE_DEFINITION_REPRESENTATION(#66,#72);
#66 = PRODUCT_DEFINITION_SHAPE('','',#67);
#67 = PRODUCT_DEFINITION('design','',#68,#71);
#68 = PRODUCT_DEFINITION_FORMATION('','',#69);
#69 = PRODUCT('yaw-carrier-draft','yaw-carrier-draft','',(#70));
#70 = PRODUCT_CONTEXT('',#2,'mechanical');
#71 = PRODUCT_DEFINITION_CONTEXT('part definition',#2,'design');
#72 = ADVANCED_BREP_SHAPE_REPRESENTATION('',(#11,#73),#1942);
#73 = MANIFOLD_SOLID_BREP('',#74);
#74 = CLOSED_SHELL('',(#75,#163,#395,#499,#575,#707,#783,#905,#976,#1210
    ,#1286,#1357,#1384,#1411,#1418,#1492,#1561,#1588,#1614,#1645,#1766,
    #1793,#1821,#1828,#1875,#1903,#1931,#1938));
#75 = ADVANCED_FACE('',(#76),#90,.T.);
#76 = FACE_BOUND('',#77,.F.);
#77 = EDGE_LOOP('',(#78,#108,#135,#136));
#78 = ORIENTED_EDGE('',*,*,#79,.T.);
#79 = EDGE_CURVE('',#80,#82,#84,.T.);
#80 = VERTEX_POINT('',#81);
#81 = CARTESIAN_POINT('',(22.,0.,38.));
#82 = VERTEX_POINT('',#83);
#83 = CARTESIAN_POINT('',(22.,0.,41.));
#84 = SEAM_CURVE('',#85,(#89,#101),.PCURVE_S1.);
#85 = LINE('',#86,#87);
#86 = CARTESIAN_POINT('',(22.,0.,38.));
#87 = VECTOR('',#88,1.);
#88 = DIRECTION('',(0.,0.,1.));
#89 = PCURVE('',#90,#95);
#90 = CYLINDRICAL_SURFACE('',#91,22.);
#91 = AXIS2_PLACEMENT_3D('',#92,#93,#94);
#92 = CARTESIAN_POINT('',(0.,0.,38.));
#93 = DIRECTION('',(-0.,-0.,-1.));
#94 = DIRECTION('',(1.,0.,0.));
#95 = DEFINITIONAL_REPRESENTATION('',(#96),#100);
#96 = LINE('',#97,#98);
#97 = CARTESIAN_POINT('',(-0.,0.));
#98 = VECTOR('',#99,1.);
#99 = DIRECTION('',(-0.,-1.));
#100 = ( GEOMETRIC_REPRESENTATION_CONTEXT(2) 
PARAMETRIC_REPRESENTATION_CONTEXT() REPRESENTATION_CONTEXT('2D SPACE',''
  ) );
#101 = PCURVE('',#90,#102);
#102 = DEFINITIONAL_REPRESENTATION('',(#103),#107);
#103 = LINE('',#104,#105);
#104 = CARTESIAN_POINT('',(-6.28318530718,0.));
#105 = VECTOR('',#106,1.);
#106 = DIRECTION('',(-0.,-1.));
#107 = ( GEOMETRIC_REPRESENTATION_CONTEXT(2) 
PARAMETRIC_REPRESENTATION_CONTEXT() REPRESENTATION_CONTEXT('2D SPACE',''
  ) );
#108 = ORIENTED_EDGE('',*,*,#109,.T.);
#109 = EDGE_CURVE('',#82,#82,#110,.T.);
#110 = SURFACE_CURVE('',#111,(#116,#123),.PCURVE_S1.);
#111 = CIRCLE('',#112,22.);
#112 = AXIS2_PLACEMENT_3D('',#113,#114,#115);
#113 = CARTESIAN_POINT('',(0.,0.,41.));
#114 = DIRECTION('',(0.,0.,1.));
#115 = DIRECTION('',(1.,0.,0.));
#116 = PCURVE('',#90,#117);
#117 = DEFINITIONAL_REPRESENTATION('',(#118),#122);
#118 = LINE('',#119,#120);
#119 = CARTESIAN_POINT('',(-0.,-3.));
#120 = VECTOR('',#121,1.);
#121 = DIRECTION('',(-1.,0.));
#122 = ( GEOMETRIC_REPRESENTATION_CONTEXT(2) 
PARAMETRIC_REPRESENTATION_CONTEXT() REPRESENTATION_CONTEXT('2D SPACE',''
  ) );
#123 = PCURVE('',#124,#129);
#124 = PLANE('',#125);
#125 = AXIS2_PLACEMENT_3D('',#126,#127,#128);
#126 = CARTESIAN_POINT('',(-1.491752871861E-15,-8.980743193747E-16,41.)
  );
#127 = DIRECTION('',(0.,0.,1.));
#128 = DIRECTION('',(1.,0.,-0.));
#129 = DEFINITIONAL_REPRESENTATION('',(#130),#134);
#130 = CIRCLE('',#131,22.);
#131 = AXIS2_PLACEMENT_2D('',#132,#133);
#132 = CARTESIAN_POINT('',(1.491752871861E-15,8.980743193747E-16));
#133 = DIRECTION('',(1.,0.));
#134 = ( GEOMETRIC_REPRESENTATION_CONTEXT(2) 
PARAMETRIC_REPRESENTATION_CONTEXT() REPRESENTATION_CONTEXT('2D SPACE',''
  ) );
#135 = ORIENTED_EDGE('',*,*,#79,.F.);
#136 = ORIENTED_EDGE('',*,*,#137,.F.);
#137 = EDGE_CURVE('',#80,#80,#138,.T.);
#138 = SURFACE_CURVE('',#139,(#144,#151),.PCURVE_S1.);
#139 = CIRCLE('',#140,22.);
#140 = AXIS2_PLACEMENT_3D('',#141,#142,#143);
#141 = CARTESIAN_POINT('',(0.,0.,38.));
#142 = DIRECTION('',(0.,0.,1.));
#143 = DIRECTION('',(1.,0.,0.));
#144 = PCURVE('',#90,#145);
#145 = DEFINITIONAL_REPRESENTATION('',(#146),#150);
#146 = LINE('',#147,#148);
#147 = CARTESIAN_POINT('',(-0.,0.));
#148 = VECTOR('',#149,1.);
#149 = DIRECTION('',(-1.,0.));
#150 = ( GEOMETRIC_REPRESENTATION_CONTEXT(2) 
PARAMETRIC_REPRESENTATION_CONTEXT() REPRESENTATION_CONTEXT('2D SPACE',''
  ) );
#151 = PCURVE('',#152,#157);
#152 = PLANE('',#153);
#153 = AXIS2_PLACEMENT_3D('',#154,#155,#156);
#154 = CARTESIAN_POINT('',(-1.491752871861E-15,-8.980743193747E-16,38.)
  );
#155 = DIRECTION('',(0.,0.,1.));
#156 = DIRECTION('',(1.,0.,-0.));
#157 = DEFINITIONAL_REPRESENTATION('',(#158),#162);
#158 = CIRCLE('',#159,22.);
#159 = AXIS2_PLACEMENT_2D('',#160,#161);
#160 = CARTESIAN_POINT('',(1.491752871861E-15,8.980743193747E-16));
#161 = DIRECTION('',(1.,0.));
#162 = ( GEOMETRIC_REPRESENTATION_CONTEXT(2) 
PARAMETRIC_REPRESENTATION_CONTEXT() REPRESENTATION_CONTEXT('2D SPACE',''
  ) );
#163 = ADVANCED_FACE('',(#164,#167,#281),#124,.T.);
#164 = FACE_BOUND('',#165,.T.);
#165 = EDGE_LOOP('',(#166));
#166 = ORIENTED_EDGE('',*,*,#109,.T.);
#167 = FACE_BOUND('',#168,.T.);
#168 = EDGE_LOOP('',(#169,#199,#227,#255));
#169 = ORIENTED_EDGE('',*,*,#170,.T.);
#170 = EDGE_CURVE('',#171,#173,#175,.T.);
#171 = VERTEX_POINT('',#172);
#172 = CARTESIAN_POINT('',(-15.5,-10.,41.));
#173 = VERTEX_POINT('',#174);
#174 = CARTESIAN_POINT('',(-15.5,10.,41.));
#175 = SURFACE_CURVE('',#176,(#180,#187),.PCURVE_S1.);
#176 = LINE('',#177,#178);
#177 = CARTESIAN_POINT('',(-15.5,-10.,41.));
#178 = VECTOR('',#179,1.);
#179 = DIRECTION('',(0.,1.,0.));
#180 = PCURVE('',#124,#181);
#181 = DEFINITIONAL_REPRESENTATION('',(#182),#186);
#182 = LINE('',#183,#184);
#183 = CARTESIAN_POINT('',(-15.5,-10.));
#184 = VECTOR('',#185,1.);
#185 = DIRECTION('',(0.,1.));
#186 = ( GEOMETRIC_REPRESENTATION_CONTEXT(2) 
PARAMETRIC_REPRESENTATION_CONTEXT() REPRESENTATION_CONTEXT('2D SPACE',''
  ) );
#187 = PCURVE('',#188,#193);
#188 = PLANE('',#189);
#189 = AXIS2_PLACEMENT_3D('',#190,#191,#192);
#190 = CARTESIAN_POINT('',(-15.5,-10.,41.));
#191 = DIRECTION('',(1.,0.,0.));
#192 = DIRECTION('',(0.,0.,1.));
#193 = DEFINITIONAL_REPRESENTATION('',(#194),#198);
#194 = LINE('',#195,#196);
#195 = CARTESIAN_POINT('',(0.,0.));
#196 = VECTOR('',#197,1.);
#197 = DIRECTION('',(0.,-1.));
#198 = ( GEOMETRIC_REPRESENTATION_CONTEXT(2) 
PARAMETRIC_REPRESENTATION_CONTEXT() REPRESENTATION_CONTEXT('2D SPACE',''
  ) );
#199 = ORIENTED_EDGE('',*,*,#200,.T.);
#200 = EDGE_CURVE('',#173,#201,#203,.T.);
#201 = VERTEX_POINT('',#202);
#202 = CARTESIAN_POINT('',(-12.5,10.,41.));
#203 = SURFACE_CURVE('',#204,(#208,#215),.PCURVE_S1.);
#204 = LINE('',#205,#206);
#205 = CARTESIAN_POINT('',(-15.5,10.,41.));
#206 = VECTOR('',#207,1.);
#207 = DIRECTION('',(1.,0.,0.));
#208 = PCURVE('',#124,#209);
#209 = DEFINITIONAL_REPRESENTATION('',(#210),#214);
#210 = LINE('',#211,#212);
#211 = CARTESIAN_POINT('',(-15.5,10.));
#212 = VECTOR('',#213,1.);
#213 = DIRECTION('',(1.,0.));
#214 = ( GEOMETRIC_REPRESENTATION_CONTEXT(2) 
PARAMETRIC_REPRESENTATION_CONTEXT() REPRESENTATION_CONTEXT('2D SPACE',''
  ) );
#215 = PCURVE('',#216,#221);
#216 = PLANE('',#217);
#217 = AXIS2_PLACEMENT_3D('',#218,#219,#220);
#218 = CARTESIAN_POINT('',(-15.5,10.,41.));
#219 = DIRECTION('',(0.,1.,0.));
#220 = DIRECTION('',(0.,0.,1.));
#221 = DEFINITIONAL_REPRESENTATION('',(#222),#226);
#222 = LINE('',#223,#224);
#223 = CARTESIAN_POINT('',(0.,0.));
#224 = VECTOR('',#225,1.);
#225 = DIRECTION('',(0.,1.));
#226 = ( GEOMETRIC_REPRESENTATION_CONTEXT(2) 
PARAMETRIC_REPRESENTATION_CONTEXT() REPRESENTATION_CONTEXT('2D SPACE',''
  ) );
#227 = ORIENTED_EDGE('',*,*,#228,.F.);
#228 = EDGE_CURVE('',#229,#201,#231,.T.);
#229 = VERTEX_POINT('',#230);
#230 = CARTESIAN_POINT('',(-12.5,-10.,41.));
#231 = SURFACE_CURVE('',#232,(#236,#243),.PCURVE_S1.);
#232 = LINE('',#233,#234);
#233 = CARTESIAN_POINT('',(-12.5,-10.,41.));
#234 = VECTOR('',#235,1.);
#235 = DIRECTION('',(0.,1.,0.));
#236 = PCURVE('',#124,#237);
#237 = DEFINITIONAL_REPRESENTATION('',(#238),#242);
#238 = LINE('',#239,#240);
#239 = CARTESIAN_POINT('',(-12.5,-10.));
#240 = VECTOR('',#241,1.);
#241 = DIRECTION('',(0.,1.));
#242 = ( GEOMETRIC_REPRESENTATION_CONTEXT(2) 
PARAMETRIC_REPRESENTATION_CONTEXT() REPRESENTATION_CONTEXT('2D SPACE',''
  ) );
#243 = PCURVE('',#244,#249);
#244 = PLANE('',#245);
#245 = AXIS2_PLACEMENT_3D('',#246,#247,#248);
#246 = CARTESIAN_POINT('',(-12.5,-10.,41.));
#247 = DIRECTION('',(1.,0.,0.));
#248 = DIRECTION('',(0.,0.,1.));
#249 = DEFINITIONAL_REPRESENTATION('',(#250),#254);
#250 = LINE('',#251,#252);
#251 = CARTESIAN_POINT('',(0.,0.));
#252 = VECTOR('',#253,1.);
#253 = DIRECTION('',(0.,-1.));
#254 = ( GEOMETRIC_REPRESENTATION_CONTEXT(2) 
PARAMETRIC_REPRESENTATION_CONTEXT() REPRESENTATION_CONTEXT('2D SPACE',''
  ) );
#255 = ORIENTED_EDGE('',*,*,#256,.F.);
#256 = EDGE_CURVE('',#171,#229,#257,.T.);
#257 = SURFACE_CURVE('',#258,(#262,#269),.PCURVE_S1.);
#258 = LINE('',#259,#260);
#259 = CARTESIAN_POINT('',(-15.5,-10.,41.));
#260 = VECTOR('',#261,1.);
#261 = DIRECTION('',(1.,0.,0.));
#262 = PCURVE('',#124,#263);
#263 = DEFINITIONAL_REPRESENTATION('',(#264),#268);
#264 = LINE('',#265,#266);
#265 = CARTESIAN_POINT('',(-15.5,-10.));
#266 = VECTOR('',#267,1.);
#267 = DIRECTION('',(1.,0.));
#268 = ( GEOMETRIC_REPRESENTATION_CONTEXT(2) 
PARAMETRIC_REPRESENTATION_CONTEXT() REPRESENTATION_CONTEXT('2D SPACE',''
  ) );
#269 = PCURVE('',#270,#275);
#270 = PLANE('',#271);
#271 = AXIS2_PLACEMENT_3D('',#272,#273,#274);
#272 = CARTESIAN_POINT('',(-15.5,-10.,41.));
#273 = DIRECTION('',(0.,1.,0.));
#274 = DIRECTION('',(0.,0.,1.));
#275 = DEFINITIONAL_REPRESENTATION('',(#276),#280);
#276 = LINE('',#277,#278);
#277 = CARTESIAN_POINT('',(0.,0.));
#278 = VECTOR('',#279,1.);
#279 = DIRECTION('',(0.,1.));
#280 = ( GEOMETRIC_REPRESENTATION_CONTEXT(2) 
PARAMETRIC_REPRESENTATION_CONTEXT() REPRESENTATION_CONTEXT('2D SPACE',''
  ) );
#281 = FACE_BOUND('',#282,.T.);
#282 = EDGE_LOOP('',(#283,#313,#341,#369));
#283 = ORIENTED_EDGE('',*,*,#284,.T.);
#284 = EDGE_CURVE('',#285,#287,#289,.T.);
#285 = VERTEX_POINT('',#286);
#286 = CARTESIAN_POINT('',(12.5,-10.,41.));
#287 = VERTEX_POINT('',#288);
#288 = CARTESIAN_POINT('',(12.5,10.,41.));
#289 = SURFACE_CURVE('',#290,(#294,#301),.PCURVE_S1.);
#290 = LINE('',#291,#292);
#291 = CARTESIAN_POINT('',(12.5,-10.,41.));
#292 = VECTOR('',#293,1.);
#293 = DIRECTION('',(0.,1.,0.));
#294 = PCURVE('',#124,#295);
#295 = DEFINITIONAL_REPRESENTATION('',(#296),#300);
#296 = LINE('',#297,#298);
#297 = CARTESIAN_POINT('',(12.5,-10.));
#298 = VECTOR('',#299,1.);
#299 = DIRECTION('',(0.,1.));
#300 = ( GEOMETRIC_REPRESENTATION_CONTEXT(2) 
PARAMETRIC_REPRESENTATION_CONTEXT() REPRESENTATION_CONTEXT('2D SPACE',''
  ) );
#301 = PCURVE('',#302,#307);
#302 = PLANE('',#303);
#303 = AXIS2_PLACEMENT_3D('',#304,#305,#306);
#304 = CARTESIAN_POINT('',(12.5,-10.,41.));
#305 = DIRECTION('',(1.,0.,0.));
#306 = DIRECTION('',(0.,0.,1.));
#307 = DEFINITIONAL_REPRESENTATION('',(#308),#312);
#308 = LINE('',#309,#310);
#309 = CARTESIAN_POINT('',(0.,0.));
#310 = VECTOR('',#311,1.);
#311 = DIRECTION('',(0.,-1.));
#312 = ( GEOMETRIC_REPRESENTATION_CONTEXT(2) 
PARAMETRIC_REPRESENTATION_CONTEXT() REPRESENTATION_CONTEXT('2D SPACE',''
  ) );
#313 = ORIENTED_EDGE('',*,*,#314,.T.);
#314 = EDGE_CURVE('',#287,#315,#317,.T.);
#315 = VERTEX_POINT('',#316);
#316 = CARTESIAN_POINT('',(15.5,10.,41.));
#317 = SURFACE_CURVE('',#318,(#322,#329),.PCURVE_S1.);
#318 = LINE('',#319,#320);
#319 = CARTESIAN_POINT('',(12.5,10.,41.));
#320 = VECTOR('',#321,1.);
#321 = DIRECTION('',(1.,0.,0.));
#322 = PCURVE('',#124,#323);
#323 = DEFINITIONAL_REPRESENTATION('',(#324),#328);
#324 = LINE('',#325,#326);
#325 = CARTESIAN_POINT('',(12.5,10.));
#326 = VECTOR('',#327,1.);
#327 = DIRECTION('',(1.,0.));
#328 = ( GEOMETRIC_REPRESENTATION_CONTEXT(2) 
PARAMETRIC_REPRESENTATION_CONTEXT() REPRESENTATION_CONTEXT('2D SPACE',''
  ) );
#329 = PCURVE('',#330,#335);
#330 = PLANE('',#331);
#331 = AXIS2_PLACEMENT_3D('',#332,#333,#334);
#332 = CARTESIAN_POINT('',(12.5,10.,41.));
#333 = DIRECTION('',(0.,1.,0.));
#334 = DIRECTION('',(0.,0.,1.));
#335 = DEFINITIONAL_REPRESENTATION('',(#336),#340);
#336 = LINE('',#337,#338);
#337 = CARTESIAN_POINT('',(0.,0.));
#338 = VECTOR('',#339,1.);
#339 = DIRECTION('',(0.,1.));
#340 = ( GEOMETRIC_REPRESENTATION_CONTEXT(2) 
PARAMETRIC_REPRESENTATION_CONTEXT() REPRESENTATION_CONTEXT('2D SPACE',''
  ) );
#341 = ORIENTED_EDGE('',*,*,#342,.F.);
#342 = EDGE_CURVE('',#343,#315,#345,.T.);
#343 = VERTEX_POINT('',#344);
#344 = CARTESIAN_POINT('',(15.5,-10.,41.));
#345 = SURFACE_CURVE('',#346,(#350,#357),.PCURVE_S1.);
#346 = LINE('',#347,#348);
#347 = CARTESIAN_POINT('',(15.5,-10.,41.));
#348 = VECTOR('',#349,1.);
#349 = DIRECTION('',(0.,1.,0.));
#350 = PCURVE('',#124,#351);
#351 = DEFINITIONAL_REPRESENTATION('',(#352),#356);
#352 = LINE('',#353,#354);
#353 = CARTESIAN_POINT('',(15.5,-10.));
#354 = VECTOR('',#355,1.);
#355 = DIRECTION('',(0.,1.));
#356 = ( GEOMETRIC_REPRESENTATION_CONTEXT(2) 
PARAMETRIC_REPRESENTATION_CONTEXT() REPRESENTATION_CONTEXT('2D SPACE',''
  ) );
#357 = PCURVE('',#358,#363);
#358 = PLANE('',#359);
#359 = AXIS2_PLACEMENT_3D('',#360,#361,#362);
#360 = CARTESIAN_POINT('',(15.5,-10.,41.));
#361 = DIRECTION('',(1.,0.,0.));
#362 = DIRECTION('',(0.,0.,1.));
#363 = DEFINITIONAL_REPRESENTATION('',(#364),#368);
#364 = LINE('',#365,#366);
#365 = CARTESIAN_POINT('',(0.,0.));
#366 = VECTOR('',#367,1.);
#367 = DIRECTION('',(0.,-1.));
#368 = ( GEOMETRIC_REPRESENTATION_CONTEXT(2) 
PARAMETRIC_REPRESENTATION_CONTEXT() REPRESENTATION_CONTEXT('2D SPACE',''
  ) );
#369 = ORIENTED_EDGE('',*,*,#370,.F.);
#370 = EDGE_CURVE('',#285,#343,#371,.T.);
#371 = SURFACE_CURVE('',#372,(#376,#383),.PCURVE_S1.);
#372 = LINE('',#373,#374);
#373 = CARTESIAN_POINT('',(12.5,-10.,41.));
#374 = VECTOR('',#375,1.);
#375 = DIRECTION('',(1.,0.,0.));
#376 = PCURVE('',#124,#377);
#377 = DEFINITIONAL_REPRESENTATION('',(#378),#382);
#378 = LINE('',#379,#380);
#379 = CARTESIAN_POINT('',(12.5,-10.));
#380 = VECTOR('',#381,1.);
#381 = DIRECTION('',(1.,0.));
#382 = ( GEOMETRIC_REPRESENTATION_CONTEXT(2) 
PARAMETRIC_REPRESENTATION_CONTEXT() REPRESENTATION_CONTEXT('2D SPACE',''
  ) );
#383 = PCURVE('',#384,#389);
#384 = PLANE('',#385);
#385 = AXIS2_PLACEMENT_3D('',#386,#387,#388);
#386 = CARTESIAN_POINT('',(12.5,-10.,41.));
#387 = DIRECTION('',(0.,1.,0.));
#388 = DIRECTION('',(0.,0.,1.));
#389 = DEFINITIONAL_REPRESENTATION('',(#390),#394);
#390 = LINE('',#391,#392);
#391 = CARTESIAN_POINT('',(0.,0.));
#392 = VECTOR('',#393,1.);
#393 = DIRECTION('',(0.,1.));
#394 = ( GEOMETRIC_REPRESENTATION_CONTEXT(2) 
PARAMETRIC_REPRESENTATION_CONTEXT() REPRESENTATION_CONTEXT('2D SPACE',''
  ) );
#395 = ADVANCED_FACE('',(#396),#330,.T.);
#396 = FACE_BOUND('',#397,.T.);
#397 = EDGE_LOOP('',(#398,#399,#422,#450,#478));
#398 = ORIENTED_EDGE('',*,*,#314,.F.);
#399 = ORIENTED_EDGE('',*,*,#400,.T.);
#400 = EDGE_CURVE('',#287,#401,#403,.T.);
#401 = VERTEX_POINT('',#402);
#402 = CARTESIAN_POINT('',(12.5,10.,51.4));
#403 = SURFACE_CURVE('',#404,(#408,#415),.PCURVE_S1.);
#404 = LINE('',#405,#406);
#405 = CARTESIAN_POINT('',(12.5,10.,41.));
#406 = VECTOR('',#407,1.);
#407 = DIRECTION('',(0.,0.,1.));
#408 = PCURVE('',#330,#409);
#409 = DEFINITIONAL_REPRESENTATION('',(#410),#414);
#410 = LINE('',#411,#412);
#411 = CARTESIAN_POINT('',(0.,0.));
#412 = VECTOR('',#413,1.);
#413 = DIRECTION('',(1.,0.));
#414 = ( GEOMETRIC_REPRESENTATION_CONTEXT(2) 
PARAMETRIC_REPRESENTATION_CONTEXT() REPRESENTATION_CONTEXT('2D SPACE',''
  ) );
#415 = PCURVE('',#302,#416);
#416 = DEFINITIONAL_REPRESENTATION('',(#417),#421);
#417 = LINE('',#418,#419);
#418 = CARTESIAN_POINT('',(0.,-20.));
#419 = VECTOR('',#420,1.);
#420 = DIRECTION('',(1.,0.));
#421 = ( GEOMETRIC_REPRESENTATION_CONTEXT(2) 
PARAMETRIC_REPRESENTATION_CONTEXT() REPRESENTATION_CONTEXT('2D SPACE',''
  ) );
#422 = ORIENTED_EDGE('',*,*,#423,.T.);
#423 = EDGE_CURVE('',#401,#424,#426,.T.);
#424 = VERTEX_POINT('',#425);
#425 = CARTESIAN_POINT('',(15.1,10.,51.4));
#426 = SURFACE_CURVE('',#427,(#431,#438),.PCURVE_S1.);
#427 = LINE('',#428,#429);
#428 = CARTESIAN_POINT('',(12.5,10.,51.4));
#429 = VECTOR('',#430,1.);
#430 = DIRECTION('',(1.,0.,0.));
#431 = PCURVE('',#330,#432);
#432 = DEFINITIONAL_REPRESENTATION('',(#433),#437);
#433 = LINE('',#434,#435);
#434 = CARTESIAN_POINT('',(10.4,0.));
#435 = VECTOR('',#436,1.);
#436 = DIRECTION('',(0.,1.));
#437 = ( GEOMETRIC_REPRESENTATION_CONTEXT(2) 
PARAMETRIC_REPRESENTATION_CONTEXT() REPRESENTATION_CONTEXT('2D SPACE',''
  ) );
#438 = PCURVE('',#439,#444);
#439 = PLANE('',#440);
#440 = AXIS2_PLACEMENT_3D('',#441,#442,#443);
#441 = CARTESIAN_POINT('',(-15.1,-18.1,51.4));
#442 = DIRECTION('',(0.,0.,1.));
#443 = DIRECTION('',(1.,0.,0.));
#444 = DEFINITIONAL_REPRESENTATION('',(#445),#449);
#445 = LINE('',#446,#447);
#446 = CARTESIAN_POINT('',(27.6,28.1));
#447 = VECTOR('',#448,1.);
#448 = DIRECTION('',(1.,0.));
#449 = ( GEOMETRIC_REPRESENTATION_CONTEXT(2) 
PARAMETRIC_REPRESENTATION_CONTEXT() REPRESENTATION_CONTEXT('2D SPACE',''
  ) );
#450 = ORIENTED_EDGE('',*,*,#451,.T.);
#451 = EDGE_CURVE('',#424,#452,#454,.T.);
#452 = VERTEX_POINT('',#453);
#453 = CARTESIAN_POINT('',(15.5,10.,51.4));
#454 = SURFACE_CURVE('',#455,(#459,#466),.PCURVE_S1.);
#455 = LINE('',#456,#457);
#456 = CARTESIAN_POINT('',(12.5,10.,51.4));
#457 = VECTOR('',#458,1.);
#458 = DIRECTION('',(1.,0.,0.));
#459 = PCURVE('',#330,#460);
#460 = DEFINITIONAL_REPRESENTATION('',(#461),#465);
#461 = LINE('',#462,#463);
#462 = CARTESIAN_POINT('',(10.4,0.));
#463 = VECTOR('',#464,1.);
#464 = DIRECTION('',(0.,1.));
#465 = ( GEOMETRIC_REPRESENTATION_CONTEXT(2) 
PARAMETRIC_REPRESENTATION_CONTEXT() REPRESENTATION_CONTEXT('2D SPACE',''
  ) );
#466 = PCURVE('',#467,#472);
#467 = PLANE('',#468);
#468 = AXIS2_PLACEMENT_3D('',#469,#470,#471);
#469 = CARTESIAN_POINT('',(12.5,-10.,51.4));
#470 = DIRECTION('',(0.,0.,1.));
#471 = DIRECTION('',(1.,0.,0.));
#472 = DEFINITIONAL_REPRESENTATION('',(#473),#477);
#473 = LINE('',#474,#475);
#474 = CARTESIAN_POINT('',(0.,20.));
#475 = VECTOR('',#476,1.);
#476 = DIRECTION('',(1.,0.));
#477 = ( GEOMETRIC_REPRESENTATION_CONTEXT(2) 
PARAMETRIC_REPRESENTATION_CONTEXT() REPRESENTATION_CONTEXT('2D SPACE',''
  ) );
#478 = ORIENTED_EDGE('',*,*,#479,.F.);
#479 = EDGE_CURVE('',#315,#452,#480,.T.);
#480 = SURFACE_CURVE('',#481,(#485,#492),.PCURVE_S1.);
#481 = LINE('',#482,#483);
#482 = CARTESIAN_POINT('',(15.5,10.,41.));
#483 = VECTOR('',#484,1.);
#484 = DIRECTION('',(0.,0.,1.));
#485 = PCURVE('',#330,#486);
#486 = DEFINITIONAL_REPRESENTATION('',(#487),#491);
#487 = LINE('',#488,#489);
#488 = CARTESIAN_POINT('',(0.,3.));
#489 = VECTOR('',#490,1.);
#490 = DIRECTION('',(1.,0.));
#491 = ( GEOMETRIC_REPRESENTATION_CONTEXT(2) 
PARAMETRIC_REPRESENTATION_CONTEXT() REPRESENTATION_CONTEXT('2D SPACE',''
  ) );
#492 = PCURVE('',#358,#493);
#493 = DEFINITIONAL_REPRESENTATION('',(#494),#498);
#494 = LINE('',#495,#496);
#495 = CARTESIAN_POINT('',(0.,-20.));
#496 = VECTOR('',#497,1.);
#497 = DIRECTION('',(1.,0.));
#498 = ( GEOMETRIC_REPRESENTATION_CONTEXT(2) 
PARAMETRIC_REPRESENTATION_CONTEXT() REPRESENTATION_CONTEXT('2D SPACE',''
  ) );
#499 = ADVANCED_FACE('',(#500),#467,.T.);
#500 = FACE_BOUND('',#501,.T.);
#501 = EDGE_LOOP('',(#502,#503,#531,#554));
#502 = ORIENTED_EDGE('',*,*,#451,.F.);
#503 = ORIENTED_EDGE('',*,*,#504,.F.);
#504 = EDGE_CURVE('',#505,#424,#507,.T.);
#505 = VERTEX_POINT('',#506);
#506 = CARTESIAN_POINT('',(15.1,-10.,51.4));
#507 = SURFACE_CURVE('',#508,(#512,#519),.PCURVE_S1.);
#508 = LINE('',#509,#510);
#509 = CARTESIAN_POINT('',(15.1,-18.1,51.4));
#510 = VECTOR('',#511,1.);
#511 = DIRECTION('',(0.,1.,0.));
#512 = PCURVE('',#467,#513);
#513 = DEFINITIONAL_REPRESENTATION('',(#514),#518);
#514 = LINE('',#515,#516);
#515 = CARTESIAN_POINT('',(2.6,-8.1));
#516 = VECTOR('',#517,1.);
#517 = DIRECTION('',(0.,1.));
#518 = ( GEOMETRIC_REPRESENTATION_CONTEXT(2) 
PARAMETRIC_REPRESENTATION_CONTEXT() REPRESENTATION_CONTEXT('2D SPACE',''
  ) );
#519 = PCURVE('',#520,#525);
#520 = PLANE('',#521);
#521 = AXIS2_PLACEMENT_3D('',#522,#523,#524);
#522 = CARTESIAN_POINT('',(15.1,-18.1,51.4));
#523 = DIRECTION('',(1.,0.,0.));
#524 = DIRECTION('',(0.,0.,1.));
#525 = DEFINITIONAL_REPRESENTATION('',(#526),#530);
#526 = LINE('',#527,#528);
#527 = CARTESIAN_POINT('',(0.,0.));
#528 = VECTOR('',#529,1.);
#529 = DIRECTION('',(0.,-1.));
#530 = ( GEOMETRIC_REPRESENTATION_CONTEXT(2) 
PARAMETRIC_REPRESENTATION_CONTEXT() REPRESENTATION_CONTEXT('2D SPACE',''
  ) );
#531 = ORIENTED_EDGE('',*,*,#532,.T.);
#532 = EDGE_CURVE('',#505,#533,#535,.T.);
#533 = VERTEX_POINT('',#534);
#534 = CARTESIAN_POINT('',(15.5,-10.,51.4));
#535 = SURFACE_CURVE('',#536,(#540,#547),.PCURVE_S1.);
#536 = LINE('',#537,#538);
#537 = CARTESIAN_POINT('',(12.5,-10.,51.4));
#538 = VECTOR('',#539,1.);
#539 = DIRECTION('',(1.,0.,0.));
#540 = PCURVE('',#467,#541);
#541 = DEFINITIONAL_REPRESENTATION('',(#542),#546);
#542 = LINE('',#543,#544);
#543 = CARTESIAN_POINT('',(0.,0.));
#544 = VECTOR('',#545,1.);
#545 = DIRECTION('',(1.,0.));
#546 = ( GEOMETRIC_REPRESENTATION_CONTEXT(2) 
PARAMETRIC_REPRESENTATION_CONTEXT() REPRESENTATION_CONTEXT('2D SPACE',''
  ) );
#547 = PCURVE('',#384,#548);
#548 = DEFINITIONAL_REPRESENTATION('',(#549),#553);
#549 = LINE('',#550,#551);
#550 = CARTESIAN_POINT('',(10.4,0.));
#551 = VECTOR('',#552,1.);
#552 = DIRECTION('',(0.,1.));
#553 = ( GEOMETRIC_REPRESENTATION_CONTEXT(2) 
PARAMETRIC_REPRESENTATION_CONTEXT() REPRESENTATION_CONTEXT('2D SPACE',''
  ) );
#554 = ORIENTED_EDGE('',*,*,#555,.T.);
#555 = EDGE_CURVE('',#533,#452,#556,.T.);
#556 = SURFACE_CURVE('',#557,(#561,#568),.PCURVE_S1.);
#557 = LINE('',#558,#559);
#558 = CARTESIAN_POINT('',(15.5,-10.,51.4));
#559 = VECTOR('',#560,1.);
#560 = DIRECTION('',(0.,1.,0.));
#561 = PCURVE('',#467,#562);
#562 = DEFINITIONAL_REPRESENTATION('',(#563),#567);
#563 = LINE('',#564,#565);
#564 = CARTESIAN_POINT('',(3.,0.));
#565 = VECTOR('',#566,1.);
#566 = DIRECTION('',(0.,1.));
#567 = ( GEOMETRIC_REPRESENTATION_CONTEXT(2) 
PARAMETRIC_REPRESENTATION_CONTEXT() REPRESENTATION_CONTEXT('2D SPACE',''
  ) );
#568 = PCURVE('',#358,#569);
#569 = DEFINITIONAL_REPRESENTATION('',(#570),#574);
#570 = LINE('',#571,#572);
#571 = CARTESIAN_POINT('',(10.4,0.));
#572 = VECTOR('',#573,1.);
#573 = DIRECTION('',(0.,-1.));
#574 = ( GEOMETRIC_REPRESENTATION_CONTEXT(2) 
PARAMETRIC_REPRESENTATION_CONTEXT() REPRESENTATION_CONTEXT('2D SPACE',''
  ) );
#575 = ADVANCED_FACE('',(#576),#520,.T.);
#576 = FACE_BOUND('',#577,.T.);
#577 = EDGE_LOOP('',(#578,#601,#602,#625,#653,#681));
#578 = ORIENTED_EDGE('',*,*,#579,.T.);
#579 = EDGE_CURVE('',#580,#505,#582,.T.);
#580 = VERTEX_POINT('',#581);
#581 = CARTESIAN_POINT('',(15.1,-18.1,51.4));
#582 = SURFACE_CURVE('',#583,(#587,#594),.PCURVE_S1.);
#583 = LINE('',#584,#585);
#584 = CARTESIAN_POINT('',(15.1,-18.1,51.4));
#585 = VECTOR('',#586,1.);
#586 = DIRECTION('',(0.,1.,0.));
#587 = PCURVE('',#520,#588);
#588 = DEFINITIONAL_REPRESENTATION('',(#589),#593);
#589 = LINE('',#590,#591);
#590 = CARTESIAN_POINT('',(0.,0.));
#591 = VECTOR('',#592,1.);
#592 = DIRECTION('',(0.,-1.));
#593 = ( GEOMETRIC_REPRESENTATION_CONTEXT(2) 
PARAMETRIC_REPRESENTATION_CONTEXT() REPRESENTATION_CONTEXT('2D SPACE',''
  ) );
#594 = PCURVE('',#439,#595);
#595 = DEFINITIONAL_REPRESENTATION('',(#596),#600);
#596 = LINE('',#597,#598);
#597 = CARTESIAN_POINT('',(30.2,0.));
#598 = VECTOR('',#599,1.);
#599 = DIRECTION('',(0.,1.));
#600 = ( GEOMETRIC_REPRESENTATION_CONTEXT(2) 
PARAMETRIC_REPRESENTATION_CONTEXT() REPRESENTATION_CONTEXT('2D SPACE',''
  ) );
#601 = ORIENTED_EDGE('',*,*,#504,.T.);
#602 = ORIENTED_EDGE('',*,*,#603,.T.);
#603 = EDGE_CURVE('',#424,#604,#606,.T.);
#604 = VERTEX_POINT('',#605);
#605 = CARTESIAN_POINT('',(15.1,18.1,51.4));
#606 = SURFACE_CURVE('',#607,(#611,#618),.PCURVE_S1.);
#607 = LINE('',#608,#609);
#608 = CARTESIAN_POINT('',(15.1,-18.1,51.4));
#609 = VECTOR('',#610,1.);
#610 = DIRECTION('',(0.,1.,0.));
#611 = PCURVE('',#520,#612);
#612 = DEFINITIONAL_REPRESENTATION('',(#613),#617);
#613 = LINE('',#614,#615);
#614 = CARTESIAN_POINT('',(0.,0.));
#615 = VECTOR('',#616,1.);
#616 = DIRECTION('',(0.,-1.));
#617 = ( GEOMETRIC_REPRESENTATION_CONTEXT(2) 
PARAMETRIC_REPRESENTATION_CONTEXT() REPRESENTATION_CONTEXT('2D SPACE',''
  ) );
#618 = PCURVE('',#439,#619);
#619 = DEFINITIONAL_REPRESENTATION('',(#620),#624);
#620 = LINE('',#621,#622);
#621 = CARTESIAN_POINT('',(30.2,0.));
#622 = VECTOR('',#623,1.);
#623 = DIRECTION('',(0.,1.));
#624 = ( GEOMETRIC_REPRESENTATION_CONTEXT(2) 
PARAMETRIC_REPRESENTATION_CONTEXT() REPRESENTATION_CONTEXT('2D SPACE',''
  ) );
#625 = ORIENTED_EDGE('',*,*,#626,.F.);
#626 = EDGE_CURVE('',#627,#604,#629,.T.);
#627 = VERTEX_POINT('',#628);
#628 = CARTESIAN_POINT('',(15.1,18.1,59.9));
#629 = SURFACE_CURVE('',#630,(#634,#641),.PCURVE_S1.);
#630 = LINE('',#631,#632);
#631 = CARTESIAN_POINT('',(15.1,18.1,59.9));
#632 = VECTOR('',#633,1.);
#633 = DIRECTION('',(0.,0.,-1.));
#634 = PCURVE('',#520,#635);
#635 = DEFINITIONAL_REPRESENTATION('',(#636),#640);
#636 = LINE('',#637,#638);
#637 = CARTESIAN_POINT('',(8.5,-36.2));
#638 = VECTOR('',#639,1.);
#639 = DIRECTION('',(-1.,0.));
#640 = ( GEOMETRIC_REPRESENTATION_CONTEXT(2) 
PARAMETRIC_REPRESENTATION_CONTEXT() REPRESENTATION_CONTEXT('2D SPACE',''
  ) );
#641 = PCURVE('',#642,#647);
#642 = PLANE('',#643);
#643 = AXIS2_PLACEMENT_3D('',#644,#645,#646);
#644 = CARTESIAN_POINT('',(-15.1,18.1,51.4));
#645 = DIRECTION('',(0.,1.,0.));
#646 = DIRECTION('',(0.,0.,1.));
#647 = DEFINITIONAL_REPRESENTATION('',(#648),#652);
#648 = LINE('',#649,#650);
#649 = CARTESIAN_POINT('',(8.5,30.2));
#650 = VECTOR('',#651,1.);
#651 = DIRECTION('',(-1.,0.));
#652 = ( GEOMETRIC_REPRESENTATION_CONTEXT(2) 
PARAMETRIC_REPRESENTATION_CONTEXT() REPRESENTATION_CONTEXT('2D SPACE',''
  ) );
#653 = ORIENTED_EDGE('',*,*,#654,.F.);
#654 = EDGE_CURVE('',#655,#627,#657,.T.);
#655 = VERTEX_POINT('',#656);
#656 = CARTESIAN_POINT('',(15.1,-18.1,59.9));
#657 = SURFACE_CURVE('',#658,(#662,#669),.PCURVE_S1.);
#658 = LINE('',#659,#660);
#659 = CARTESIAN_POINT('',(15.1,-18.1,59.9));
#660 = VECTOR('',#661,1.);
#661 = DIRECTION('',(0.,1.,0.));
#662 = PCURVE('',#520,#663);
#663 = DEFINITIONAL_REPRESENTATION('',(#664),#668);
#664 = LINE('',#665,#666);
#665 = CARTESIAN_POINT('',(8.5,0.));
#666 = VECTOR('',#667,1.);
#667 = DIRECTION('',(0.,-1.));
#668 = ( GEOMETRIC_REPRESENTATION_CONTEXT(2) 
PARAMETRIC_REPRESENTATION_CONTEXT() REPRESENTATION_CONTEXT('2D SPACE',''
  ) );
#669 = PCURVE('',#670,#675);
#670 = PLANE('',#671);
#671 = AXIS2_PLACEMENT_3D('',#672,#673,#674);
#672 = CARTESIAN_POINT('',(-15.1,-18.1,59.9));
#673 = DIRECTION('',(0.,0.,1.));
#674 = DIRECTION('',(1.,0.,0.));
#675 = DEFINITIONAL_REPRESENTATION('',(#676),#680);
#676 = LINE('',#677,#678);
#677 = CARTESIAN_POINT('',(30.2,0.));
#678 = VECTOR('',#679,1.);
#679 = DIRECTION('',(0.,1.));
#680 = ( GEOMETRIC_REPRESENTATION_CONTEXT(2) 
PARAMETRIC_REPRESENTATION_CONTEXT() REPRESENTATION_CONTEXT('2D SPACE',''
  ) );
#681 = ORIENTED_EDGE('',*,*,#682,.T.);
#682 = EDGE_CURVE('',#655,#580,#683,.T.);
#683 = SURFACE_CURVE('',#684,(#688,#695),.PCURVE_S1.);
#684 = LINE('',#685,#686);
#685 = CARTESIAN_POINT('',(15.1,-18.1,59.9));
#686 = VECTOR('',#687,1.);
#687 = DIRECTION('',(0.,0.,-1.));
#688 = PCURVE('',#520,#689);
#689 = DEFINITIONAL_REPRESENTATION('',(#690),#694);
#690 = LINE('',#691,#692);
#691 = CARTESIAN_POINT('',(8.5,0.));
#692 = VECTOR('',#693,1.);
#693 = DIRECTION('',(-1.,0.));
#694 = ( GEOMETRIC_REPRESENTATION_CONTEXT(2) 
PARAMETRIC_REPRESENTATION_CONTEXT() REPRESENTATION_CONTEXT('2D SPACE',''
  ) );
#695 = PCURVE('',#696,#701);
#696 = PLANE('',#697);
#697 = AXIS2_PLACEMENT_3D('',#698,#699,#700);
#698 = CARTESIAN_POINT('',(-15.1,-18.1,51.4));
#699 = DIRECTION('',(0.,1.,0.));
#700 = DIRECTION('',(0.,0.,1.));
#701 = DEFINITIONAL_REPRESENTATION('',(#702),#706);
#702 = LINE('',#703,#704);
#703 = CARTESIAN_POINT('',(8.5,30.2));
#704 = VECTOR('',#705,1.);
#705 = DIRECTION('',(-1.,0.));
#706 = ( GEOMETRIC_REPRESENTATION_CONTEXT(2) 
PARAMETRIC_REPRESENTATION_CONTEXT() REPRESENTATION_CONTEXT('2D SPACE',''
  ) );
#707 = ADVANCED_FACE('',(#708),#696,.F.);
#708 = FACE_BOUND('',#709,.F.);
#709 = EDGE_LOOP('',(#710,#733,#761,#782));
#710 = ORIENTED_EDGE('',*,*,#711,.F.);
#711 = EDGE_CURVE('',#712,#580,#714,.T.);
#712 = VERTEX_POINT('',#713);
#713 = CARTESIAN_POINT('',(-15.1,-18.1,51.4));
#714 = SURFACE_CURVE('',#715,(#719,#726),.PCURVE_S1.);
#715 = LINE('',#716,#717);
#716 = CARTESIAN_POINT('',(-15.1,-18.1,51.4));
#717 = VECTOR('',#718,1.);
#718 = DIRECTION('',(1.,0.,0.));
#719 = PCURVE('',#696,#720);
#720 = DEFINITIONAL_REPRESENTATION('',(#721),#725);
#721 = LINE('',#722,#723);
#722 = CARTESIAN_POINT('',(0.,0.));
#723 = VECTOR('',#724,1.);
#724 = DIRECTION('',(0.,1.));
#725 = ( GEOMETRIC_REPRESENTATION_CONTEXT(2) 
PARAMETRIC_REPRESENTATION_CONTEXT() REPRESENTATION_CONTEXT('2D SPACE',''
  ) );
#726 = PCURVE('',#439,#727);
#727 = DEFINITIONAL_REPRESENTATION('',(#728),#732);
#728 = LINE('',#729,#730);
#729 = CARTESIAN_POINT('',(0.,0.));
#730 = VECTOR('',#731,1.);
#731 = DIRECTION('',(1.,0.));
#732 = ( GEOMETRIC_REPRESENTATION_CONTEXT(2) 
PARAMETRIC_REPRESENTATION_CONTEXT() REPRESENTATION_CONTEXT('2D SPACE',''
  ) );
#733 = ORIENTED_EDGE('',*,*,#734,.T.);
#734 = EDGE_CURVE('',#712,#735,#737,.T.);
#735 = VERTEX_POINT('',#736);
#736 = CARTESIAN_POINT('',(-15.1,-18.1,59.9));
#737 = SURFACE_CURVE('',#738,(#742,#749),.PCURVE_S1.);
#738 = LINE('',#739,#740);
#739 = CARTESIAN_POINT('',(-15.1,-18.1,51.4));
#740 = VECTOR('',#741,1.);
#741 = DIRECTION('',(0.,0.,1.));
#742 = PCURVE('',#696,#743);
#743 = DEFINITIONAL_REPRESENTATION('',(#744),#748);
#744 = LINE('',#745,#746);
#745 = CARTESIAN_POINT('',(0.,0.));
#746 = VECTOR('',#747,1.);
#747 = DIRECTION('',(1.,0.));
#748 = ( GEOMETRIC_REPRESENTATION_CONTEXT(2) 
PARAMETRIC_REPRESENTATION_CONTEXT() REPRESENTATION_CONTEXT('2D SPACE',''
  ) );
#749 = PCURVE('',#750,#755);
#750 = PLANE('',#751);
#751 = AXIS2_PLACEMENT_3D('',#752,#753,#754);
#752 = CARTESIAN_POINT('',(-15.1,-18.1,51.4));
#753 = DIRECTION('',(1.,0.,0.));
#754 = DIRECTION('',(0.,0.,1.));
#755 = DEFINITIONAL_REPRESENTATION('',(#756),#760);
#756 = LINE('',#757,#758);
#757 = CARTESIAN_POINT('',(0.,0.));
#758 = VECTOR('',#759,1.);
#759 = DIRECTION('',(1.,0.));
#760 = ( GEOMETRIC_REPRESENTATION_CONTEXT(2) 
PARAMETRIC_REPRESENTATION_CONTEXT() REPRESENTATION_CONTEXT('2D SPACE',''
  ) );
#761 = ORIENTED_EDGE('',*,*,#762,.T.);
#762 = EDGE_CURVE('',#735,#655,#763,.T.);
#763 = SURFACE_CURVE('',#764,(#768,#775),.PCURVE_S1.);
#764 = LINE('',#765,#766);
#765 = CARTESIAN_POINT('',(-15.1,-18.1,59.9));
#766 = VECTOR('',#767,1.);
#767 = DIRECTION('',(1.,0.,0.));
#768 = PCURVE('',#696,#769);
#769 = DEFINITIONAL_REPRESENTATION('',(#770),#774);
#770 = LINE('',#771,#772);
#771 = CARTESIAN_POINT('',(8.5,0.));
#772 = VECTOR('',#773,1.);
#773 = DIRECTION('',(0.,1.));
#774 = ( GEOMETRIC_REPRESENTATION_CONTEXT(2) 
PARAMETRIC_REPRESENTATION_CONTEXT() REPRESENTATION_CONTEXT('2D SPACE',''
  ) );
#775 = PCURVE('',#670,#776);
#776 = DEFINITIONAL_REPRESENTATION('',(#777),#781);
#777 = LINE('',#778,#779);
#778 = CARTESIAN_POINT('',(0.,0.));
#779 = VECTOR('',#780,1.);
#780 = DIRECTION('',(1.,0.));
#781 = ( GEOMETRIC_REPRESENTATION_CONTEXT(2) 
PARAMETRIC_REPRESENTATION_CONTEXT() REPRESENTATION_CONTEXT('2D SPACE',''
  ) );
#782 = ORIENTED_EDGE('',*,*,#682,.T.);
#783 = ADVANCED_FACE('',(#784),#750,.F.);
#784 = FACE_BOUND('',#785,.F.);
#785 = EDGE_LOOP('',(#786,#787,#810,#838,#861,#884));
#786 = ORIENTED_EDGE('',*,*,#734,.F.);
#787 = ORIENTED_EDGE('',*,*,#788,.T.);
#788 = EDGE_CURVE('',#712,#789,#791,.T.);
#789 = VERTEX_POINT('',#790);
#790 = CARTESIAN_POINT('',(-15.1,-10.,51.4));
#791 = SURFACE_CURVE('',#792,(#796,#803),.PCURVE_S1.);
#792 = LINE('',#793,#794);
#793 = CARTESIAN_POINT('',(-15.1,-18.1,51.4));
#794 = VECTOR('',#795,1.);
#795 = DIRECTION('',(0.,1.,0.));
#796 = PCURVE('',#750,#797);
#797 = DEFINITIONAL_REPRESENTATION('',(#798),#802);
#798 = LINE('',#799,#800);
#799 = CARTESIAN_POINT('',(0.,0.));
#800 = VECTOR('',#801,1.);
#801 = DIRECTION('',(0.,-1.));
#802 = ( GEOMETRIC_REPRESENTATION_CONTEXT(2) 
PARAMETRIC_REPRESENTATION_CONTEXT() REPRESENTATION_CONTEXT('2D SPACE',''
  ) );
#803 = PCURVE('',#439,#804);
#804 = DEFINITIONAL_REPRESENTATION('',(#805),#809);
#805 = LINE('',#806,#807);
#806 = CARTESIAN_POINT('',(0.,0.));
#807 = VECTOR('',#808,1.);
#808 = DIRECTION('',(0.,1.));
#809 = ( GEOMETRIC_REPRESENTATION_CONTEXT(2) 
PARAMETRIC_REPRESENTATION_CONTEXT() REPRESENTATION_CONTEXT('2D SPACE',''
  ) );
#810 = ORIENTED_EDGE('',*,*,#811,.T.);
#811 = EDGE_CURVE('',#789,#812,#814,.T.);
#812 = VERTEX_POINT('',#813);
#813 = CARTESIAN_POINT('',(-15.1,10.,51.4));
#814 = SURFACE_CURVE('',#815,(#819,#826),.PCURVE_S1.);
#815 = LINE('',#816,#817);
#816 = CARTESIAN_POINT('',(-15.1,-18.1,51.4));
#817 = VECTOR('',#818,1.);
#818 = DIRECTION('',(0.,1.,0.));
#819 = PCURVE('',#750,#820);
#820 = DEFINITIONAL_REPRESENTATION('',(#821),#825);
#821 = LINE('',#822,#823);
#822 = CARTESIAN_POINT('',(0.,0.));
#823 = VECTOR('',#824,1.);
#824 = DIRECTION('',(0.,-1.));
#825 = ( GEOMETRIC_REPRESENTATION_CONTEXT(2) 
PARAMETRIC_REPRESENTATION_CONTEXT() REPRESENTATION_CONTEXT('2D SPACE',''
  ) );
#826 = PCURVE('',#827,#832);
#827 = PLANE('',#828);
#828 = AXIS2_PLACEMENT_3D('',#829,#830,#831);
#829 = CARTESIAN_POINT('',(-15.5,-10.,51.4));
#830 = DIRECTION('',(0.,0.,1.));
#831 = DIRECTION('',(1.,0.,0.));
#832 = DEFINITIONAL_REPRESENTATION('',(#833),#837);
#833 = LINE('',#834,#835);
#834 = CARTESIAN_POINT('',(0.4,-8.1));
#835 = VECTOR('',#836,1.);
#836 = DIRECTION('',(0.,1.));
#837 = ( GEOMETRIC_REPRESENTATION_CONTEXT(2) 
PARAMETRIC_REPRESENTATION_CONTEXT() REPRESENTATION_CONTEXT('2D SPACE',''
  ) );
#838 = ORIENTED_EDGE('',*,*,#839,.T.);
#839 = EDGE_CURVE('',#812,#840,#842,.T.);
#840 = VERTEX_POINT('',#841);
#841 = CARTESIAN_POINT('',(-15.1,18.1,51.4));
#842 = SURFACE_CURVE('',#843,(#847,#854),.PCURVE_S1.);
#843 = LINE('',#844,#845);
#844 = CARTESIAN_POINT('',(-15.1,-18.1,51.4));
#845 = VECTOR('',#846,1.);
#846 = DIRECTION('',(0.,1.,0.));
#847 = PCURVE('',#750,#848);
#848 = DEFINITIONAL_REPRESENTATION('',(#849),#853);
#849 = LINE('',#850,#851);
#850 = CARTESIAN_POINT('',(0.,0.));
#851 = VECTOR('',#852,1.);
#852 = DIRECTION('',(0.,-1.));
#853 = ( GEOMETRIC_REPRESENTATION_CONTEXT(2) 
PARAMETRIC_REPRESENTATION_CONTEXT() REPRESENTATION_CONTEXT('2D SPACE',''
  ) );
#854 = PCURVE('',#439,#855);
#855 = DEFINITIONAL_REPRESENTATION('',(#856),#860);
#856 = LINE('',#857,#858);
#857 = CARTESIAN_POINT('',(0.,0.));
#858 = VECTOR('',#859,1.);
#859 = DIRECTION('',(0.,1.));
#860 = ( GEOMETRIC_REPRESENTATION_CONTEXT(2) 
PARAMETRIC_REPRESENTATION_CONTEXT() REPRESENTATION_CONTEXT('2D SPACE',''
  ) );
#861 = ORIENTED_EDGE('',*,*,#862,.F.);
#862 = EDGE_CURVE('',#863,#840,#865,.T.);
#863 = VERTEX_POINT('',#864);
#864 = CARTESIAN_POINT('',(-15.1,18.1,59.9));
#865 = SURFACE_CURVE('',#866,(#870,#877),.PCURVE_S1.);
#866 = LINE('',#867,#868);
#867 = CARTESIAN_POINT('',(-15.1,18.1,59.9));
#868 = VECTOR('',#869,1.);
#869 = DIRECTION('',(0.,0.,-1.));
#870 = PCURVE('',#750,#871);
#871 = DEFINITIONAL_REPRESENTATION('',(#872),#876);
#872 = LINE('',#873,#874);
#873 = CARTESIAN_POINT('',(8.5,-36.2));
#874 = VECTOR('',#875,1.);
#875 = DIRECTION('',(-1.,0.));
#876 = ( GEOMETRIC_REPRESENTATION_CONTEXT(2) 
PARAMETRIC_REPRESENTATION_CONTEXT() REPRESENTATION_CONTEXT('2D SPACE',''
  ) );
#877 = PCURVE('',#642,#878);
#878 = DEFINITIONAL_REPRESENTATION('',(#879),#883);
#879 = LINE('',#880,#881);
#880 = CARTESIAN_POINT('',(8.5,0.));
#881 = VECTOR('',#882,1.);
#882 = DIRECTION('',(-1.,0.));
#883 = ( GEOMETRIC_REPRESENTATION_CONTEXT(2) 
PARAMETRIC_REPRESENTATION_CONTEXT() REPRESENTATION_CONTEXT('2D SPACE',''
  ) );
#884 = ORIENTED_EDGE('',*,*,#885,.F.);
#885 = EDGE_CURVE('',#735,#863,#886,.T.);
#886 = SURFACE_CURVE('',#887,(#891,#898),.PCURVE_S1.);
#887 = LINE('',#888,#889);
#888 = CARTESIAN_POINT('',(-15.1,-18.1,59.9));
#889 = VECTOR('',#890,1.);
#890 = DIRECTION('',(0.,1.,0.));
#891 = PCURVE('',#750,#892);
#892 = DEFINITIONAL_REPRESENTATION('',(#893),#897);
#893 = LINE('',#894,#895);
#894 = CARTESIAN_POINT('',(8.5,0.));
#895 = VECTOR('',#896,1.);
#896 = DIRECTION('',(0.,-1.));
#897 = ( GEOMETRIC_REPRESENTATION_CONTEXT(2) 
PARAMETRIC_REPRESENTATION_CONTEXT() REPRESENTATION_CONTEXT('2D SPACE',''
  ) );
#898 = PCURVE('',#670,#899);
#899 = DEFINITIONAL_REPRESENTATION('',(#900),#904);
#900 = LINE('',#901,#902);
#901 = CARTESIAN_POINT('',(0.,0.));
#902 = VECTOR('',#903,1.);
#903 = DIRECTION('',(0.,1.));
#904 = ( GEOMETRIC_REPRESENTATION_CONTEXT(2) 
PARAMETRIC_REPRESENTATION_CONTEXT() REPRESENTATION_CONTEXT('2D SPACE',''
  ) );
#905 = ADVANCED_FACE('',(#906),#827,.T.);
#906 = FACE_BOUND('',#907,.T.);
#907 = EDGE_LOOP('',(#908,#931,#954,#975));
#908 = ORIENTED_EDGE('',*,*,#909,.F.);
#909 = EDGE_CURVE('',#910,#812,#912,.T.);
#910 = VERTEX_POINT('',#911);
#911 = CARTESIAN_POINT('',(-15.5,10.,51.4));
#912 = SURFACE_CURVE('',#913,(#917,#924),.PCURVE_S1.);
#913 = LINE('',#914,#915);
#914 = CARTESIAN_POINT('',(-15.5,10.,51.4));
#915 = VECTOR('',#916,1.);
#916 = DIRECTION('',(1.,0.,0.));
#917 = PCURVE('',#827,#918);
#918 = DEFINITIONAL_REPRESENTATION('',(#919),#923);
#919 = LINE('',#920,#921);
#920 = CARTESIAN_POINT('',(0.,20.));
#921 = VECTOR('',#922,1.);
#922 = DIRECTION('',(1.,0.));
#923 = ( GEOMETRIC_REPRESENTATION_CONTEXT(2) 
PARAMETRIC_REPRESENTATION_CONTEXT() REPRESENTATION_CONTEXT('2D SPACE',''
  ) );
#924 = PCURVE('',#216,#925);
#925 = DEFINITIONAL_REPRESENTATION('',(#926),#930);
#926 = LINE('',#927,#928);
#927 = CARTESIAN_POINT('',(10.4,0.));
#928 = VECTOR('',#929,1.);
#929 = DIRECTION('',(0.,1.));
#930 = ( GEOMETRIC_REPRESENTATION_CONTEXT(2) 
PARAMETRIC_REPRESENTATION_CONTEXT() REPRESENTATION_CONTEXT('2D SPACE',''
  ) );
#931 = ORIENTED_EDGE('',*,*,#932,.F.);
#932 = EDGE_CURVE('',#933,#910,#935,.T.);
#933 = VERTEX_POINT('',#934);
#934 = CARTESIAN_POINT('',(-15.5,-10.,51.4));
#935 = SURFACE_CURVE('',#936,(#940,#947),.PCURVE_S1.);
#936 = LINE('',#937,#938);
#937 = CARTESIAN_POINT('',(-15.5,-10.,51.4));
#938 = VECTOR('',#939,1.);
#939 = DIRECTION('',(0.,1.,0.));
#940 = PCURVE('',#827,#941);
#941 = DEFINITIONAL_REPRESENTATION('',(#942),#946);
#942 = LINE('',#943,#944);
#943 = CARTESIAN_POINT('',(0.,0.));
#944 = VECTOR('',#945,1.);
#945 = DIRECTION('',(0.,1.));
#946 = ( GEOMETRIC_REPRESENTATION_CONTEXT(2) 
PARAMETRIC_REPRESENTATION_CONTEXT() REPRESENTATION_CONTEXT('2D SPACE',''
  ) );
#947 = PCURVE('',#188,#948);
#948 = DEFINITIONAL_REPRESENTATION('',(#949),#953);
#949 = LINE('',#950,#951);
#950 = CARTESIAN_POINT('',(10.4,0.));
#951 = VECTOR('',#952,1.);
#952 = DIRECTION('',(0.,-1.));
#953 = ( GEOMETRIC_REPRESENTATION_CONTEXT(2) 
PARAMETRIC_REPRESENTATION_CONTEXT() REPRESENTATION_CONTEXT('2D SPACE',''
  ) );
#954 = ORIENTED_EDGE('',*,*,#955,.T.);
#955 = EDGE_CURVE('',#933,#789,#956,.T.);
#956 = SURFACE_CURVE('',#957,(#961,#968),.PCURVE_S1.);
#957 = LINE('',#958,#959);
#958 = CARTESIAN_POINT('',(-15.5,-10.,51.4));
#959 = VECTOR('',#960,1.);
#960 = DIRECTION('',(1.,0.,0.));
#961 = PCURVE('',#827,#962);
#962 = DEFINITIONAL_REPRESENTATION('',(#963),#967);
#963 = LINE('',#964,#965);
#964 = CARTESIAN_POINT('',(0.,0.));
#965 = VECTOR('',#966,1.);
#966 = DIRECTION('',(1.,0.));
#967 = ( GEOMETRIC_REPRESENTATION_CONTEXT(2) 
PARAMETRIC_REPRESENTATION_CONTEXT() REPRESENTATION_CONTEXT('2D SPACE',''
  ) );
#968 = PCURVE('',#270,#969);
#969 = DEFINITIONAL_REPRESENTATION('',(#970),#974);
#970 = LINE('',#971,#972);
#971 = CARTESIAN_POINT('',(10.4,0.));
#972 = VECTOR('',#973,1.);
#973 = DIRECTION('',(0.,1.));
#974 = ( GEOMETRIC_REPRESENTATION_CONTEXT(2) 
PARAMETRIC_REPRESENTATION_CONTEXT() REPRESENTATION_CONTEXT('2D SPACE',''
  ) );
#975 = ORIENTED_EDGE('',*,*,#811,.T.);
#976 = ADVANCED_FACE('',(#977,#1104),#670,.T.);
#977 = FACE_BOUND('',#978,.T.);
#978 = EDGE_LOOP('',(#979,#1002,#1003,#1004,#1005,#1028,#1054,#1080));
#979 = ORIENTED_EDGE('',*,*,#980,.F.);
#980 = EDGE_CURVE('',#863,#981,#983,.T.);
#981 = VERTEX_POINT('',#982);
#982 = CARTESIAN_POINT('',(-12.1,18.1,59.9));
#983 = SURFACE_CURVE('',#984,(#988,#995),.PCURVE_S1.);
#984 = LINE('',#985,#986);
#985 = CARTESIAN_POINT('',(-15.1,18.1,59.9));
#986 = VECTOR('',#987,1.);
#987 = DIRECTION('',(1.,0.,0.));
#988 = PCURVE('',#670,#989);
#989 = DEFINITIONAL_REPRESENTATION('',(#990),#994);
#990 = LINE('',#991,#992);
#991 = CARTESIAN_POINT('',(0.,36.2));
#992 = VECTOR('',#993,1.);
#993 = DIRECTION('',(1.,0.));
#994 = ( GEOMETRIC_REPRESENTATION_CONTEXT(2) 
PARAMETRIC_REPRESENTATION_CONTEXT() REPRESENTATION_CONTEXT('2D SPACE',''
  ) );
#995 = PCURVE('',#642,#996);
#996 = DEFINITIONAL_REPRESENTATION('',(#997),#1001);
#997 = LINE('',#998,#999);
#998 = CARTESIAN_POINT('',(8.5,0.));
#999 = VECTOR('',#1000,1.);
#1000 = DIRECTION('',(0.,1.));
#1001 = ( GEOMETRIC_REPRESENTATION_CONTEXT(2) 
PARAMETRIC_REPRESENTATION_CONTEXT() REPRESENTATION_CONTEXT('2D SPACE',''
  ) );
#1002 = ORIENTED_EDGE('',*,*,#885,.F.);
#1003 = ORIENTED_EDGE('',*,*,#762,.T.);
#1004 = ORIENTED_EDGE('',*,*,#654,.T.);
#1005 = ORIENTED_EDGE('',*,*,#1006,.F.);
#1006 = EDGE_CURVE('',#1007,#627,#1009,.T.);
#1007 = VERTEX_POINT('',#1008);
#1008 = CARTESIAN_POINT('',(12.1,18.1,59.9));
#1009 = SURFACE_CURVE('',#1010,(#1014,#1021),.PCURVE_S1.);
#1010 = LINE('',#1011,#1012);
#1011 = CARTESIAN_POINT('',(-15.1,18.1,59.9));
#1012 = VECTOR('',#1013,1.);
#1013 = DIRECTION('',(1.,0.,0.));
#1014 = PCURVE('',#670,#1015);
#1015 = DEFINITIONAL_REPRESENTATION('',(#1016),#1020);
#1016 = LINE('',#1017,#1018);
#1017 = CARTESIAN_POINT('',(0.,36.2));
#1018 = VECTOR('',#1019,1.);
#1019 = DIRECTION('',(1.,0.));
#1020 = ( GEOMETRIC_REPRESENTATION_CONTEXT(2) 
PARAMETRIC_REPRESENTATION_CONTEXT() REPRESENTATION_CONTEXT('2D SPACE',''
  ) );
#1021 = PCURVE('',#642,#1022);
#1022 = DEFINITIONAL_REPRESENTATION('',(#1023),#1027);
#1023 = LINE('',#1024,#1025);
#1024 = CARTESIAN_POINT('',(8.5,0.));
#1025 = VECTOR('',#1026,1.);
#1026 = DIRECTION('',(0.,1.));
#1027 = ( GEOMETRIC_REPRESENTATION_CONTEXT(2) 
PARAMETRIC_REPRESENTATION_CONTEXT() REPRESENTATION_CONTEXT('2D SPACE',''
  ) );
#1028 = ORIENTED_EDGE('',*,*,#1029,.F.);
#1029 = EDGE_CURVE('',#1030,#1007,#1032,.T.);
#1030 = VERTEX_POINT('',#1031);
#1031 = CARTESIAN_POINT('',(12.1,15.6,59.9));
#1032 = SURFACE_CURVE('',#1033,(#1037,#1043),.PCURVE_S1.);
#1033 = LINE('',#1034,#1035);
#1034 = CARTESIAN_POINT('',(12.1,-1.25,59.9));
#1035 = VECTOR('',#1036,1.);
#1036 = DIRECTION('',(0.,1.,0.));
#1037 = PCURVE('',#670,#1038);
#1038 = DEFINITIONAL_REPRESENTATION('',(#1039),#1042);
#1039 = B_SPLINE_CURVE_WITH_KNOTS('',1,(#1040,#1041),.UNSPECIFIED.,.F.,
  .F.,(2,2),(16.85,19.35),.PIECEWISE_BEZIER_KNOTS.);
#1040 = CARTESIAN_POINT('',(27.2,33.7));
#1041 = CARTESIAN_POINT('',(27.2,36.2));
#1042 = ( GEOMETRIC_REPRESENTATION_CONTEXT(2) 
PARAMETRIC_REPRESENTATION_CONTEXT() REPRESENTATION_CONTEXT('2D SPACE',''
  ) );
#1043 = PCURVE('',#1044,#1049);
#1044 = PLANE('',#1045);
#1045 = AXIS2_PLACEMENT_3D('',#1046,#1047,#1048);
#1046 = CARTESIAN_POINT('',(12.1,15.6,52.9));
#1047 = DIRECTION('',(1.,0.,0.));
#1048 = DIRECTION('',(0.,0.,1.));
#1049 = DEFINITIONAL_REPRESENTATION('',(#1050),#1053);
#1050 = B_SPLINE_CURVE_WITH_KNOTS('',1,(#1051,#1052),.UNSPECIFIED.,.F.,
  .F.,(2,2),(16.85,19.35),.PIECEWISE_BEZIER_KNOTS.);
#1051 = CARTESIAN_POINT('',(7.,0.));
#1052 = CARTESIAN_POINT('',(7.,-2.5));
#1053 = ( GEOMETRIC_REPRESENTATION_CONTEXT(2) 
PARAMETRIC_REPRESENTATION_CONTEXT() REPRESENTATION_CONTEXT('2D SPACE',''
  ) );
#1054 = ORIENTED_EDGE('',*,*,#1055,.T.);
#1055 = EDGE_CURVE('',#1030,#1056,#1058,.T.);
#1056 = VERTEX_POINT('',#1057);
#1057 = CARTESIAN_POINT('',(-12.1,15.6,59.9));
#1058 = SURFACE_CURVE('',#1059,(#1063,#1069),.PCURVE_S1.);
#1059 = LINE('',#1060,#1061);
#1060 = CARTESIAN_POINT('',(-13.6,15.6,59.9));
#1061 = VECTOR('',#1062,1.);
#1062 = DIRECTION('',(-1.,0.,0.));
#1063 = PCURVE('',#670,#1064);
#1064 = DEFINITIONAL_REPRESENTATION('',(#1065),#1068);
#1065 = B_SPLINE_CURVE_WITH_KNOTS('',1,(#1066,#1067),.UNSPECIFIED.,.F.,
  .F.,(2,2),(-25.7,-1.5),.PIECEWISE_BEZIER_KNOTS.);
#1066 = CARTESIAN_POINT('',(27.2,33.7));
#1067 = CARTESIAN_POINT('',(3.,33.7));
#1068 = ( GEOMETRIC_REPRESENTATION_CONTEXT(2) 
PARAMETRIC_REPRESENTATION_CONTEXT() REPRESENTATION_CONTEXT('2D SPACE',''
  ) );
#1069 = PCURVE('',#1070,#1075);
#1070 = PLANE('',#1071);
#1071 = AXIS2_PLACEMENT_3D('',#1072,#1073,#1074);
#1072 = CARTESIAN_POINT('',(-12.1,15.6,52.9));
#1073 = DIRECTION('',(0.,1.,0.));
#1074 = DIRECTION('',(0.,0.,1.));
#1075 = DEFINITIONAL_REPRESENTATION('',(#1076),#1079);
#1076 = B_SPLINE_CURVE_WITH_KNOTS('',1,(#1077,#1078),.UNSPECIFIED.,.F.,
  .F.,(2,2),(-25.7,-1.5),.PIECEWISE_BEZIER_KNOTS.);
#1077 = CARTESIAN_POINT('',(7.,24.2));
#1078 = CARTESIAN_POINT('',(7.,0.));
#1079 = ( GEOMETRIC_REPRESENTATION_CONTEXT(2) 
PARAMETRIC_REPRESENTATION_CONTEXT() REPRESENTATION_CONTEXT('2D SPACE',''
  ) );
#1080 = ORIENTED_EDGE('',*,*,#1081,.T.);
#1081 = EDGE_CURVE('',#1056,#981,#1082,.T.);
#1082 = SURFACE_CURVE('',#1083,(#1087,#1093),.PCURVE_S1.);
#1083 = LINE('',#1084,#1085);
#1084 = CARTESIAN_POINT('',(-12.1,-1.25,59.9));
#1085 = VECTOR('',#1086,1.);
#1086 = DIRECTION('',(0.,1.,0.));
#1087 = PCURVE('',#670,#1088);
#1088 = DEFINITIONAL_REPRESENTATION('',(#1089),#1092);
#1089 = B_SPLINE_CURVE_WITH_KNOTS('',1,(#1090,#1091),.UNSPECIFIED.,.F.,
  .F.,(2,2),(16.85,19.35),.PIECEWISE_BEZIER_KNOTS.);
#1090 = CARTESIAN_POINT('',(3.,33.7));
#1091 = CARTESIAN_POINT('',(3.,36.2));
#1092 = ( GEOMETRIC_REPRESENTATION_CONTEXT(2) 
PARAMETRIC_REPRESENTATION_CONTEXT() REPRESENTATION_CONTEXT('2D SPACE',''
  ) );
#1093 = PCURVE('',#1094,#1099);
#1094 = PLANE('',#1095);
#1095 = AXIS2_PLACEMENT_3D('',#1096,#1097,#1098);
#1096 = CARTESIAN_POINT('',(-12.1,15.6,52.9));
#1097 = DIRECTION('',(1.,0.,0.));
#1098 = DIRECTION('',(0.,0.,1.));
#1099 = DEFINITIONAL_REPRESENTATION('',(#1100),#1103);
#1100 = B_SPLINE_CURVE_WITH_KNOTS('',1,(#1101,#1102),.UNSPECIFIED.,.F.,
  .F.,(2,2),(16.85,19.35),.PIECEWISE_BEZIER_KNOTS.);
#1101 = CARTESIAN_POINT('',(7.,0.));
#1102 = CARTESIAN_POINT('',(7.,-2.5));
#1103 = ( GEOMETRIC_REPRESENTATION_CONTEXT(2) 
PARAMETRIC_REPRESENTATION_CONTEXT() REPRESENTATION_CONTEXT('2D SPACE',''
  ) );
#1104 = FACE_BOUND('',#1105,.T.);
#1105 = EDGE_LOOP('',(#1106,#1134,#1160,#1186));
#1106 = ORIENTED_EDGE('',*,*,#1107,.T.);
#1107 = EDGE_CURVE('',#1108,#1110,#1112,.T.);
#1108 = VERTEX_POINT('',#1109);
#1109 = CARTESIAN_POINT('',(12.1,-15.1,59.9));
#1110 = VERTEX_POINT('',#1111);
#1111 = CARTESIAN_POINT('',(-12.1,-15.1,59.9));
#1112 = SURFACE_CURVE('',#1113,(#1117,#1123),.PCURVE_S1.);
#1113 = LINE('',#1114,#1115);
#1114 = CARTESIAN_POINT('',(-13.6,-15.1,59.9));
#1115 = VECTOR('',#1116,1.);
#1116 = DIRECTION('',(-1.,0.,0.));
#1117 = PCURVE('',#670,#1118);
#1118 = DEFINITIONAL_REPRESENTATION('',(#1119),#1122);
#1119 = B_SPLINE_CURVE_WITH_KNOTS('',1,(#1120,#1121),.UNSPECIFIED.,.F.,
  .F.,(2,2),(-25.7,-1.5),.PIECEWISE_BEZIER_KNOTS.);
#1120 = CARTESIAN_POINT('',(27.2,3.));
#1121 = CARTESIAN_POINT('',(3.,3.));
#1122 = ( GEOMETRIC_REPRESENTATION_CONTEXT(2) 
PARAMETRIC_REPRESENTATION_CONTEXT() REPRESENTATION_CONTEXT('2D SPACE',''
  ) );
#1123 = PCURVE('',#1124,#1129);
#1124 = PLANE('',#1125);
#1125 = AXIS2_PLACEMENT_3D('',#1126,#1127,#1128);
#1126 = CARTESIAN_POINT('',(-12.1,-15.1,53.9));
#1127 = DIRECTION('',(0.,1.,0.));
#1128 = DIRECTION('',(0.,0.,1.));
#1129 = DEFINITIONAL_REPRESENTATION('',(#1130),#1133);
#1130 = B_SPLINE_CURVE_WITH_KNOTS('',1,(#1131,#1132),.UNSPECIFIED.,.F.,
  .F.,(2,2),(-25.7,-1.5),.PIECEWISE_BEZIER_KNOTS.);
#1131 = CARTESIAN_POINT('',(6.,24.2));
#1132 = CARTESIAN_POINT('',(6.,0.));
#1133 = ( GEOMETRIC_REPRESENTATION_CONTEXT(2) 
PARAMETRIC_REPRESENTATION_CONTEXT() REPRESENTATION_CONTEXT('2D SPACE',''
  ) );
#1134 = ORIENTED_EDGE('',*,*,#1135,.T.);
#1135 = EDGE_CURVE('',#1110,#1136,#1138,.T.);
#1136 = VERTEX_POINT('',#1137);
#1137 = CARTESIAN_POINT('',(-12.1,15.1,59.9));
#1138 = SURFACE_CURVE('',#1139,(#1143,#1149),.PCURVE_S1.);
#1139 = LINE('',#1140,#1141);
#1140 = CARTESIAN_POINT('',(-12.1,-16.6,59.9));
#1141 = VECTOR('',#1142,1.);
#1142 = DIRECTION('',(0.,1.,0.));
#1143 = PCURVE('',#670,#1144);
#1144 = DEFINITIONAL_REPRESENTATION('',(#1145),#1148);
#1145 = B_SPLINE_CURVE_WITH_KNOTS('',1,(#1146,#1147),.UNSPECIFIED.,.F.,
  .F.,(2,2),(1.5,31.7),.PIECEWISE_BEZIER_KNOTS.);
#1146 = CARTESIAN_POINT('',(3.,3.));
#1147 = CARTESIAN_POINT('',(3.,33.2));
#1148 = ( GEOMETRIC_REPRESENTATION_CONTEXT(2) 
PARAMETRIC_REPRESENTATION_CONTEXT() REPRESENTATION_CONTEXT('2D SPACE',''
  ) );
#1149 = PCURVE('',#1150,#1155);
#1150 = PLANE('',#1151);
#1151 = AXIS2_PLACEMENT_3D('',#1152,#1153,#1154);
#1152 = CARTESIAN_POINT('',(-12.1,-15.1,53.9));
#1153 = DIRECTION('',(1.,0.,0.));
#1154 = DIRECTION('',(0.,0.,1.));
#1155 = DEFINITIONAL_REPRESENTATION('',(#1156),#1159);
#1156 = B_SPLINE_CURVE_WITH_KNOTS('',1,(#1157,#1158),.UNSPECIFIED.,.F.,
  .F.,(2,2),(1.5,31.7),.PIECEWISE_BEZIER_KNOTS.);
#1157 = CARTESIAN_POINT('',(6.,0.));
#1158 = CARTESIAN_POINT('',(6.,-30.2));
#1159 = ( GEOMETRIC_REPRESENTATION_CONTEXT(2) 
PARAMETRIC_REPRESENTATION_CONTEXT() REPRESENTATION_CONTEXT('2D SPACE',''
  ) );
#1160 = ORIENTED_EDGE('',*,*,#1161,.F.);
#1161 = EDGE_CURVE('',#1162,#1136,#1164,.T.);
#1162 = VERTEX_POINT('',#1163);
#1163 = CARTESIAN_POINT('',(12.1,15.1,59.9));
#1164 = SURFACE_CURVE('',#1165,(#1169,#1175),.PCURVE_S1.);
#1165 = LINE('',#1166,#1167);
#1166 = CARTESIAN_POINT('',(-13.6,15.1,59.9));
#1167 = VECTOR('',#1168,1.);
#1168 = DIRECTION('',(-1.,0.,0.));
#1169 = PCURVE('',#670,#1170);
#1170 = DEFINITIONAL_REPRESENTATION('',(#1171),#1174);
#1171 = B_SPLINE_CURVE_WITH_KNOTS('',1,(#1172,#1173),.UNSPECIFIED.,.F.,
  .F.,(2,2),(-25.7,-1.5),.PIECEWISE_BEZIER_KNOTS.);
#1172 = CARTESIAN_POINT('',(27.2,33.2));
#1173 = CARTESIAN_POINT('',(3.,33.2));
#1174 = ( GEOMETRIC_REPRESENTATION_CONTEXT(2) 
PARAMETRIC_REPRESENTATION_CONTEXT() REPRESENTATION_CONTEXT('2D SPACE',''
  ) );
#1175 = PCURVE('',#1176,#1181);
#1176 = PLANE('',#1177);
#1177 = AXIS2_PLACEMENT_3D('',#1178,#1179,#1180);
#1178 = CARTESIAN_POINT('',(-12.1,15.1,53.9));
#1179 = DIRECTION('',(0.,1.,0.));
#1180 = DIRECTION('',(0.,0.,1.));
#1181 = DEFINITIONAL_REPRESENTATION('',(#1182),#1185);
#1182 = B_SPLINE_CURVE_WITH_KNOTS('',1,(#1183,#1184),.UNSPECIFIED.,.F.,
  .F.,(2,2),(-25.7,-1.5),.PIECEWISE_BEZIER_KNOTS.);
#1183 = CARTESIAN_POINT('',(6.,24.2));
#1184 = CARTESIAN_POINT('',(6.,0.));
#1185 = ( GEOMETRIC_REPRESENTATION_CONTEXT(2) 
PARAMETRIC_REPRESENTATION_CONTEXT() REPRESENTATION_CONTEXT('2D SPACE',''
  ) );
#1186 = ORIENTED_EDGE('',*,*,#1187,.F.);
#1187 = EDGE_CURVE('',#1108,#1162,#1188,.T.);
#1188 = SURFACE_CURVE('',#1189,(#1193,#1199),.PCURVE_S1.);
#1189 = LINE('',#1190,#1191);
#1190 = CARTESIAN_POINT('',(12.1,-16.6,59.9));
#1191 = VECTOR('',#1192,1.);
#1192 = DIRECTION('',(0.,1.,0.));
#1193 = PCURVE('',#670,#1194);
#1194 = DEFINITIONAL_REPRESENTATION('',(#1195),#1198);
#1195 = B_SPLINE_CURVE_WITH_KNOTS('',1,(#1196,#1197),.UNSPECIFIED.,.F.,
  .F.,(2,2),(1.5,31.7),.PIECEWISE_BEZIER_KNOTS.);
#1196 = CARTESIAN_POINT('',(27.2,3.));
#1197 = CARTESIAN_POINT('',(27.2,33.2));
#1198 = ( GEOMETRIC_REPRESENTATION_CONTEXT(2) 
PARAMETRIC_REPRESENTATION_CONTEXT() REPRESENTATION_CONTEXT('2D SPACE',''
  ) );
#1199 = PCURVE('',#1200,#1205);
#1200 = PLANE('',#1201);
#1201 = AXIS2_PLACEMENT_3D('',#1202,#1203,#1204);
#1202 = CARTESIAN_POINT('',(12.1,-15.1,53.9));
#1203 = DIRECTION('',(1.,0.,0.));
#1204 = DIRECTION('',(0.,0.,1.));
#1205 = DEFINITIONAL_REPRESENTATION('',(#1206),#1209);
#1206 = B_SPLINE_CURVE_WITH_KNOTS('',1,(#1207,#1208),.UNSPECIFIED.,.F.,
  .F.,(2,2),(1.5,31.7),.PIECEWISE_BEZIER_KNOTS.);
#1207 = CARTESIAN_POINT('',(6.,0.));
#1208 = CARTESIAN_POINT('',(6.,-30.2));
#1209 = ( GEOMETRIC_REPRESENTATION_CONTEXT(2) 
PARAMETRIC_REPRESENTATION_CONTEXT() REPRESENTATION_CONTEXT('2D SPACE',''
  ) );
#1210 = ADVANCED_FACE('',(#1211),#1176,.F.);
#1211 = FACE_BOUND('',#1212,.F.);
#1212 = EDGE_LOOP('',(#1213,#1236,#1264,#1285));
#1213 = ORIENTED_EDGE('',*,*,#1214,.F.);
#1214 = EDGE_CURVE('',#1215,#1162,#1217,.T.);
#1215 = VERTEX_POINT('',#1216);
#1216 = CARTESIAN_POINT('',(12.1,15.1,53.9));
#1217 = SURFACE_CURVE('',#1218,(#1222,#1229),.PCURVE_S1.);
#1218 = LINE('',#1219,#1220);
#1219 = CARTESIAN_POINT('',(12.1,15.1,53.9));
#1220 = VECTOR('',#1221,1.);
#1221 = DIRECTION('',(0.,0.,1.));
#1222 = PCURVE('',#1176,#1223);
#1223 = DEFINITIONAL_REPRESENTATION('',(#1224),#1228);
#1224 = LINE('',#1225,#1226);
#1225 = CARTESIAN_POINT('',(0.,24.2));
#1226 = VECTOR('',#1227,1.);
#1227 = DIRECTION('',(1.,0.));
#1228 = ( GEOMETRIC_REPRESENTATION_CONTEXT(2) 
PARAMETRIC_REPRESENTATION_CONTEXT() REPRESENTATION_CONTEXT('2D SPACE',''
  ) );
#1229 = PCURVE('',#1200,#1230);
#1230 = DEFINITIONAL_REPRESENTATION('',(#1231),#1235);
#1231 = LINE('',#1232,#1233);
#1232 = CARTESIAN_POINT('',(0.,-30.2));
#1233 = VECTOR('',#1234,1.);
#1234 = DIRECTION('',(1.,0.));
#1235 = ( GEOMETRIC_REPRESENTATION_CONTEXT(2) 
PARAMETRIC_REPRESENTATION_CONTEXT() REPRESENTATION_CONTEXT('2D SPACE',''
  ) );
#1236 = ORIENTED_EDGE('',*,*,#1237,.F.);
#1237 = EDGE_CURVE('',#1238,#1215,#1240,.T.);
#1238 = VERTEX_POINT('',#1239);
#1239 = CARTESIAN_POINT('',(-12.1,15.1,53.9));
#1240 = SURFACE_CURVE('',#1241,(#1245,#1252),.PCURVE_S1.);
#1241 = LINE('',#1242,#1243);
#1242 = CARTESIAN_POINT('',(-12.1,15.1,53.9));
#1243 = VECTOR('',#1244,1.);
#1244 = DIRECTION('',(1.,0.,0.));
#1245 = PCURVE('',#1176,#1246);
#1246 = DEFINITIONAL_REPRESENTATION('',(#1247),#1251);
#1247 = LINE('',#1248,#1249);
#1248 = CARTESIAN_POINT('',(0.,0.));
#1249 = VECTOR('',#1250,1.);
#1250 = DIRECTION('',(0.,1.));
#1251 = ( GEOMETRIC_REPRESENTATION_CONTEXT(2) 
PARAMETRIC_REPRESENTATION_CONTEXT() REPRESENTATION_CONTEXT('2D SPACE',''
  ) );
#1252 = PCURVE('',#1253,#1258);
#1253 = PLANE('',#1254);
#1254 = AXIS2_PLACEMENT_3D('',#1255,#1256,#1257);
#1255 = CARTESIAN_POINT('',(-15.1,-18.1,53.9));
#1256 = DIRECTION('',(0.,0.,1.));
#1257 = DIRECTION('',(1.,0.,0.));
#1258 = DEFINITIONAL_REPRESENTATION('',(#1259),#1263);
#1259 = LINE('',#1260,#1261);
#1260 = CARTESIAN_POINT('',(3.,33.2));
#1261 = VECTOR('',#1262,1.);
#1262 = DIRECTION('',(1.,0.));
#1263 = ( GEOMETRIC_REPRESENTATION_CONTEXT(2) 
PARAMETRIC_REPRESENTATION_CONTEXT() REPRESENTATION_CONTEXT('2D SPACE',''
  ) );
#1264 = ORIENTED_EDGE('',*,*,#1265,.T.);
#1265 = EDGE_CURVE('',#1238,#1136,#1266,.T.);
#1266 = SURFACE_CURVE('',#1267,(#1271,#1278),.PCURVE_S1.);
#1267 = LINE('',#1268,#1269);
#1268 = CARTESIAN_POINT('',(-12.1,15.1,53.9));
#1269 = VECTOR('',#1270,1.);
#1270 = DIRECTION('',(0.,0.,1.));
#1271 = PCURVE('',#1176,#1272);
#1272 = DEFINITIONAL_REPRESENTATION('',(#1273),#1277);
#1273 = LINE('',#1274,#1275);
#1274 = CARTESIAN_POINT('',(0.,0.));
#1275 = VECTOR('',#1276,1.);
#1276 = DIRECTION('',(1.,0.));
#1277 = ( GEOMETRIC_REPRESENTATION_CONTEXT(2) 
PARAMETRIC_REPRESENTATION_CONTEXT() REPRESENTATION_CONTEXT('2D SPACE',''
  ) );
#1278 = PCURVE('',#1150,#1279);
#1279 = DEFINITIONAL_REPRESENTATION('',(#1280),#1284);
#1280 = LINE('',#1281,#1282);
#1281 = CARTESIAN_POINT('',(0.,-30.2));
#1282 = VECTOR('',#1283,1.);
#1283 = DIRECTION('',(1.,0.));
#1284 = ( GEOMETRIC_REPRESENTATION_CONTEXT(2) 
PARAMETRIC_REPRESENTATION_CONTEXT() REPRESENTATION_CONTEXT('2D SPACE',''
  ) );
#1285 = ORIENTED_EDGE('',*,*,#1161,.F.);
#1286 = ADVANCED_FACE('',(#1287),#1253,.T.);
#1287 = FACE_BOUND('',#1288,.T.);
#1288 = EDGE_LOOP('',(#1289,#1290,#1313,#1336));
#1289 = ORIENTED_EDGE('',*,*,#1237,.F.);
#1290 = ORIENTED_EDGE('',*,*,#1291,.F.);
#1291 = EDGE_CURVE('',#1292,#1238,#1294,.T.);
#1292 = VERTEX_POINT('',#1293);
#1293 = CARTESIAN_POINT('',(-12.1,-15.1,53.9));
#1294 = SURFACE_CURVE('',#1295,(#1299,#1306),.PCURVE_S1.);
#1295 = LINE('',#1296,#1297);
#1296 = CARTESIAN_POINT('',(-12.1,-15.1,53.9));
#1297 = VECTOR('',#1298,1.);
#1298 = DIRECTION('',(0.,1.,0.));
#1299 = PCURVE('',#1253,#1300);
#1300 = DEFINITIONAL_REPRESENTATION('',(#1301),#1305);
#1301 = LINE('',#1302,#1303);
#1302 = CARTESIAN_POINT('',(3.,3.));
#1303 = VECTOR('',#1304,1.);
#1304 = DIRECTION('',(0.,1.));
#1305 = ( GEOMETRIC_REPRESENTATION_CONTEXT(2) 
PARAMETRIC_REPRESENTATION_CONTEXT() REPRESENTATION_CONTEXT('2D SPACE',''
  ) );
#1306 = PCURVE('',#1150,#1307);
#1307 = DEFINITIONAL_REPRESENTATION('',(#1308),#1312);
#1308 = LINE('',#1309,#1310);
#1309 = CARTESIAN_POINT('',(0.,0.));
#1310 = VECTOR('',#1311,1.);
#1311 = DIRECTION('',(0.,-1.));
#1312 = ( GEOMETRIC_REPRESENTATION_CONTEXT(2) 
PARAMETRIC_REPRESENTATION_CONTEXT() REPRESENTATION_CONTEXT('2D SPACE',''
  ) );
#1313 = ORIENTED_EDGE('',*,*,#1314,.T.);
#1314 = EDGE_CURVE('',#1292,#1315,#1317,.T.);
#1315 = VERTEX_POINT('',#1316);
#1316 = CARTESIAN_POINT('',(12.1,-15.1,53.9));
#1317 = SURFACE_CURVE('',#1318,(#1322,#1329),.PCURVE_S1.);
#1318 = LINE('',#1319,#1320);
#1319 = CARTESIAN_POINT('',(-12.1,-15.1,53.9));
#1320 = VECTOR('',#1321,1.);
#1321 = DIRECTION('',(1.,0.,0.));
#1322 = PCURVE('',#1253,#1323);
#1323 = DEFINITIONAL_REPRESENTATION('',(#1324),#1328);
#1324 = LINE('',#1325,#1326);
#1325 = CARTESIAN_POINT('',(3.,3.));
#1326 = VECTOR('',#1327,1.);
#1327 = DIRECTION('',(1.,0.));
#1328 = ( GEOMETRIC_REPRESENTATION_CONTEXT(2) 
PARAMETRIC_REPRESENTATION_CONTEXT() REPRESENTATION_CONTEXT('2D SPACE',''
  ) );
#1329 = PCURVE('',#1124,#1330);
#1330 = DEFINITIONAL_REPRESENTATION('',(#1331),#1335);
#1331 = LINE('',#1332,#1333);
#1332 = CARTESIAN_POINT('',(0.,0.));
#1333 = VECTOR('',#1334,1.);
#1334 = DIRECTION('',(0.,1.));
#1335 = ( GEOMETRIC_REPRESENTATION_CONTEXT(2) 
PARAMETRIC_REPRESENTATION_CONTEXT() REPRESENTATION_CONTEXT('2D SPACE',''
  ) );
#1336 = ORIENTED_EDGE('',*,*,#1337,.T.);
#1337 = EDGE_CURVE('',#1315,#1215,#1338,.T.);
#1338 = SURFACE_CURVE('',#1339,(#1343,#1350),.PCURVE_S1.);
#1339 = LINE('',#1340,#1341);
#1340 = CARTESIAN_POINT('',(12.1,-15.1,53.9));
#1341 = VECTOR('',#1342,1.);
#1342 = DIRECTION('',(0.,1.,0.));
#1343 = PCURVE('',#1253,#1344);
#1344 = DEFINITIONAL_REPRESENTATION('',(#1345),#1349);
#1345 = LINE('',#1346,#1347);
#1346 = CARTESIAN_POINT('',(27.2,3.));
#1347 = VECTOR('',#1348,1.);
#1348 = DIRECTION('',(0.,1.));
#1349 = ( GEOMETRIC_REPRESENTATION_CONTEXT(2) 
PARAMETRIC_REPRESENTATION_CONTEXT() REPRESENTATION_CONTEXT('2D SPACE',''
  ) );
#1350 = PCURVE('',#1200,#1351);
#1351 = DEFINITIONAL_REPRESENTATION('',(#1352),#1356);
#1352 = LINE('',#1353,#1354);
#1353 = CARTESIAN_POINT('',(0.,0.));
#1354 = VECTOR('',#1355,1.);
#1355 = DIRECTION('',(0.,-1.));
#1356 = ( GEOMETRIC_REPRESENTATION_CONTEXT(2) 
PARAMETRIC_REPRESENTATION_CONTEXT() REPRESENTATION_CONTEXT('2D SPACE',''
  ) );
#1357 = ADVANCED_FACE('',(#1358),#1150,.T.);
#1358 = FACE_BOUND('',#1359,.T.);
#1359 = EDGE_LOOP('',(#1360,#1381,#1382,#1383));
#1360 = ORIENTED_EDGE('',*,*,#1361,.F.);
#1361 = EDGE_CURVE('',#1292,#1110,#1362,.T.);
#1362 = SURFACE_CURVE('',#1363,(#1367,#1374),.PCURVE_S1.);
#1363 = LINE('',#1364,#1365);
#1364 = CARTESIAN_POINT('',(-12.1,-15.1,53.9));
#1365 = VECTOR('',#1366,1.);
#1366 = DIRECTION('',(0.,0.,1.));
#1367 = PCURVE('',#1150,#1368);
#1368 = DEFINITIONAL_REPRESENTATION('',(#1369),#1373);
#1369 = LINE('',#1370,#1371);
#1370 = CARTESIAN_POINT('',(0.,0.));
#1371 = VECTOR('',#1372,1.);
#1372 = DIRECTION('',(1.,0.));
#1373 = ( GEOMETRIC_REPRESENTATION_CONTEXT(2) 
PARAMETRIC_REPRESENTATION_CONTEXT() REPRESENTATION_CONTEXT('2D SPACE',''
  ) );
#1374 = PCURVE('',#1124,#1375);
#1375 = DEFINITIONAL_REPRESENTATION('',(#1376),#1380);
#1376 = LINE('',#1377,#1378);
#1377 = CARTESIAN_POINT('',(0.,0.));
#1378 = VECTOR('',#1379,1.);
#1379 = DIRECTION('',(1.,0.));
#1380 = ( GEOMETRIC_REPRESENTATION_CONTEXT(2) 
PARAMETRIC_REPRESENTATION_CONTEXT() REPRESENTATION_CONTEXT('2D SPACE',''
  ) );
#1381 = ORIENTED_EDGE('',*,*,#1291,.T.);
#1382 = ORIENTED_EDGE('',*,*,#1265,.T.);
#1383 = ORIENTED_EDGE('',*,*,#1135,.F.);
#1384 = ADVANCED_FACE('',(#1385),#1200,.F.);
#1385 = FACE_BOUND('',#1386,.F.);
#1386 = EDGE_LOOP('',(#1387,#1408,#1409,#1410));
#1387 = ORIENTED_EDGE('',*,*,#1388,.F.);
#1388 = EDGE_CURVE('',#1315,#1108,#1389,.T.);
#1389 = SURFACE_CURVE('',#1390,(#1394,#1401),.PCURVE_S1.);
#1390 = LINE('',#1391,#1392);
#1391 = CARTESIAN_POINT('',(12.1,-15.1,53.9));
#1392 = VECTOR('',#1393,1.);
#1393 = DIRECTION('',(0.,0.,1.));
#1394 = PCURVE('',#1200,#1395);
#1395 = DEFINITIONAL_REPRESENTATION('',(#1396),#1400);
#1396 = LINE('',#1397,#1398);
#1397 = CARTESIAN_POINT('',(0.,0.));
#1398 = VECTOR('',#1399,1.);
#1399 = DIRECTION('',(1.,0.));
#1400 = ( GEOMETRIC_REPRESENTATION_CONTEXT(2) 
PARAMETRIC_REPRESENTATION_CONTEXT() REPRESENTATION_CONTEXT('2D SPACE',''
  ) );
#1401 = PCURVE('',#1124,#1402);
#1402 = DEFINITIONAL_REPRESENTATION('',(#1403),#1407);
#1403 = LINE('',#1404,#1405);
#1404 = CARTESIAN_POINT('',(0.,24.2));
#1405 = VECTOR('',#1406,1.);
#1406 = DIRECTION('',(1.,0.));
#1407 = ( GEOMETRIC_REPRESENTATION_CONTEXT(2) 
PARAMETRIC_REPRESENTATION_CONTEXT() REPRESENTATION_CONTEXT('2D SPACE',''
  ) );
#1408 = ORIENTED_EDGE('',*,*,#1337,.T.);
#1409 = ORIENTED_EDGE('',*,*,#1214,.T.);
#1410 = ORIENTED_EDGE('',*,*,#1187,.F.);
#1411 = ADVANCED_FACE('',(#1412),#1124,.T.);
#1412 = FACE_BOUND('',#1413,.T.);
#1413 = EDGE_LOOP('',(#1414,#1415,#1416,#1417));
#1414 = ORIENTED_EDGE('',*,*,#1388,.F.);
#1415 = ORIENTED_EDGE('',*,*,#1314,.F.);
#1416 = ORIENTED_EDGE('',*,*,#1361,.T.);
#1417 = ORIENTED_EDGE('',*,*,#1107,.F.);
#1418 = ADVANCED_FACE('',(#1419),#1044,.F.);
#1419 = FACE_BOUND('',#1420,.F.);
#1420 = EDGE_LOOP('',(#1421,#1444,#1471,#1491));
#1421 = ORIENTED_EDGE('',*,*,#1422,.F.);
#1422 = EDGE_CURVE('',#1423,#1030,#1425,.T.);
#1423 = VERTEX_POINT('',#1424);
#1424 = CARTESIAN_POINT('',(12.1,15.6,53.9));
#1425 = SURFACE_CURVE('',#1426,(#1430,#1437),.PCURVE_S1.);
#1426 = LINE('',#1427,#1428);
#1427 = CARTESIAN_POINT('',(12.1,15.6,52.9));
#1428 = VECTOR('',#1429,1.);
#1429 = DIRECTION('',(0.,0.,1.));
#1430 = PCURVE('',#1044,#1431);
#1431 = DEFINITIONAL_REPRESENTATION('',(#1432),#1436);
#1432 = LINE('',#1433,#1434);
#1433 = CARTESIAN_POINT('',(0.,0.));
#1434 = VECTOR('',#1435,1.);
#1435 = DIRECTION('',(1.,0.));
#1436 = ( GEOMETRIC_REPRESENTATION_CONTEXT(2) 
PARAMETRIC_REPRESENTATION_CONTEXT() REPRESENTATION_CONTEXT('2D SPACE',''
  ) );
#1437 = PCURVE('',#1070,#1438);
#1438 = DEFINITIONAL_REPRESENTATION('',(#1439),#1443);
#1439 = LINE('',#1440,#1441);
#1440 = CARTESIAN_POINT('',(0.,24.2));
#1441 = VECTOR('',#1442,1.);
#1442 = DIRECTION('',(1.,0.));
#1443 = ( GEOMETRIC_REPRESENTATION_CONTEXT(2) 
PARAMETRIC_REPRESENTATION_CONTEXT() REPRESENTATION_CONTEXT('2D SPACE',''
  ) );
#1444 = ORIENTED_EDGE('',*,*,#1445,.T.);
#1445 = EDGE_CURVE('',#1423,#1446,#1448,.T.);
#1446 = VERTEX_POINT('',#1447);
#1447 = CARTESIAN_POINT('',(12.1,18.1,53.9));
#1448 = SURFACE_CURVE('',#1449,(#1453,#1459),.PCURVE_S1.);
#1449 = LINE('',#1450,#1451);
#1450 = CARTESIAN_POINT('',(12.1,-1.25,53.9));
#1451 = VECTOR('',#1452,1.);
#1452 = DIRECTION('',(0.,1.,0.));
#1453 = PCURVE('',#1044,#1454);
#1454 = DEFINITIONAL_REPRESENTATION('',(#1455),#1458);
#1455 = B_SPLINE_CURVE_WITH_KNOTS('',1,(#1456,#1457),.UNSPECIFIED.,.F.,
  .F.,(2,2),(16.85,19.35),.PIECEWISE_BEZIER_KNOTS.);
#1456 = CARTESIAN_POINT('',(1.,0.));
#1457 = CARTESIAN_POINT('',(1.,-2.5));
#1458 = ( GEOMETRIC_REPRESENTATION_CONTEXT(2) 
PARAMETRIC_REPRESENTATION_CONTEXT() REPRESENTATION_CONTEXT('2D SPACE',''
  ) );
#1459 = PCURVE('',#1460,#1465);
#1460 = PLANE('',#1461);
#1461 = AXIS2_PLACEMENT_3D('',#1462,#1463,#1464);
#1462 = CARTESIAN_POINT('',(-15.1,-18.1,53.9));
#1463 = DIRECTION('',(0.,0.,1.));
#1464 = DIRECTION('',(1.,0.,0.));
#1465 = DEFINITIONAL_REPRESENTATION('',(#1466),#1470);
#1466 = LINE('',#1467,#1468);
#1467 = CARTESIAN_POINT('',(27.2,16.85));
#1468 = VECTOR('',#1469,1.);
#1469 = DIRECTION('',(0.,1.));
#1470 = ( GEOMETRIC_REPRESENTATION_CONTEXT(2) 
PARAMETRIC_REPRESENTATION_CONTEXT() REPRESENTATION_CONTEXT('2D SPACE',''
  ) );
#1471 = ORIENTED_EDGE('',*,*,#1472,.F.);
#1472 = EDGE_CURVE('',#1007,#1446,#1473,.T.);
#1473 = SURFACE_CURVE('',#1474,(#1478,#1484),.PCURVE_S1.);
#1474 = LINE('',#1475,#1476);
#1475 = CARTESIAN_POINT('',(12.1,18.1,53.4));
#1476 = VECTOR('',#1477,1.);
#1477 = DIRECTION('',(0.,0.,-1.));
#1478 = PCURVE('',#1044,#1479);
#1479 = DEFINITIONAL_REPRESENTATION('',(#1480),#1483);
#1480 = B_SPLINE_CURVE_WITH_KNOTS('',1,(#1481,#1482),.UNSPECIFIED.,.F.,
  .F.,(2,2),(-6.5,-0.5),.PIECEWISE_BEZIER_KNOTS.);
#1481 = CARTESIAN_POINT('',(7.,-2.5));
#1482 = CARTESIAN_POINT('',(1.,-2.5));
#1483 = ( GEOMETRIC_REPRESENTATION_CONTEXT(2) 
PARAMETRIC_REPRESENTATION_CONTEXT() REPRESENTATION_CONTEXT('2D SPACE',''
  ) );
#1484 = PCURVE('',#642,#1485);
#1485 = DEFINITIONAL_REPRESENTATION('',(#1486),#1490);
#1486 = LINE('',#1487,#1488);
#1487 = CARTESIAN_POINT('',(2.,27.2));
#1488 = VECTOR('',#1489,1.);
#1489 = DIRECTION('',(-1.,0.));
#1490 = ( GEOMETRIC_REPRESENTATION_CONTEXT(2) 
PARAMETRIC_REPRESENTATION_CONTEXT() REPRESENTATION_CONTEXT('2D SPACE',''
  ) );
#1491 = ORIENTED_EDGE('',*,*,#1029,.F.);
#1492 = ADVANCED_FACE('',(#1493),#1460,.T.);
#1493 = FACE_BOUND('',#1494,.T.);
#1494 = EDGE_LOOP('',(#1495,#1518,#1540,#1560));
#1495 = ORIENTED_EDGE('',*,*,#1496,.F.);
#1496 = EDGE_CURVE('',#1497,#1446,#1499,.T.);
#1497 = VERTEX_POINT('',#1498);
#1498 = CARTESIAN_POINT('',(-12.1,18.1,53.9));
#1499 = SURFACE_CURVE('',#1500,(#1504,#1511),.PCURVE_S1.);
#1500 = LINE('',#1501,#1502);
#1501 = CARTESIAN_POINT('',(-15.1,18.1,53.9));
#1502 = VECTOR('',#1503,1.);
#1503 = DIRECTION('',(1.,0.,0.));
#1504 = PCURVE('',#1460,#1505);
#1505 = DEFINITIONAL_REPRESENTATION('',(#1506),#1510);
#1506 = LINE('',#1507,#1508);
#1507 = CARTESIAN_POINT('',(0.,36.2));
#1508 = VECTOR('',#1509,1.);
#1509 = DIRECTION('',(1.,0.));
#1510 = ( GEOMETRIC_REPRESENTATION_CONTEXT(2) 
PARAMETRIC_REPRESENTATION_CONTEXT() REPRESENTATION_CONTEXT('2D SPACE',''
  ) );
#1511 = PCURVE('',#642,#1512);
#1512 = DEFINITIONAL_REPRESENTATION('',(#1513),#1517);
#1513 = LINE('',#1514,#1515);
#1514 = CARTESIAN_POINT('',(2.5,0.));
#1515 = VECTOR('',#1516,1.);
#1516 = DIRECTION('',(0.,1.));
#1517 = ( GEOMETRIC_REPRESENTATION_CONTEXT(2) 
PARAMETRIC_REPRESENTATION_CONTEXT() REPRESENTATION_CONTEXT('2D SPACE',''
  ) );
#1518 = ORIENTED_EDGE('',*,*,#1519,.F.);
#1519 = EDGE_CURVE('',#1520,#1497,#1522,.T.);
#1520 = VERTEX_POINT('',#1521);
#1521 = CARTESIAN_POINT('',(-12.1,15.6,53.9));
#1522 = SURFACE_CURVE('',#1523,(#1527,#1534),.PCURVE_S1.);
#1523 = LINE('',#1524,#1525);
#1524 = CARTESIAN_POINT('',(-12.1,-1.25,53.9));
#1525 = VECTOR('',#1526,1.);
#1526 = DIRECTION('',(0.,1.,0.));
#1527 = PCURVE('',#1460,#1528);
#1528 = DEFINITIONAL_REPRESENTATION('',(#1529),#1533);
#1529 = LINE('',#1530,#1531);
#1530 = CARTESIAN_POINT('',(3.,16.85));
#1531 = VECTOR('',#1532,1.);
#1532 = DIRECTION('',(0.,1.));
#1533 = ( GEOMETRIC_REPRESENTATION_CONTEXT(2) 
PARAMETRIC_REPRESENTATION_CONTEXT() REPRESENTATION_CONTEXT('2D SPACE',''
  ) );
#1534 = PCURVE('',#1094,#1535);
#1535 = DEFINITIONAL_REPRESENTATION('',(#1536),#1539);
#1536 = B_SPLINE_CURVE_WITH_KNOTS('',1,(#1537,#1538),.UNSPECIFIED.,.F.,
  .F.,(2,2),(16.85,19.35),.PIECEWISE_BEZIER_KNOTS.);
#1537 = CARTESIAN_POINT('',(1.,0.));
#1538 = CARTESIAN_POINT('',(1.,-2.5));
#1539 = ( GEOMETRIC_REPRESENTATION_CONTEXT(2) 
PARAMETRIC_REPRESENTATION_CONTEXT() REPRESENTATION_CONTEXT('2D SPACE',''
  ) );
#1540 = ORIENTED_EDGE('',*,*,#1541,.F.);
#1541 = EDGE_CURVE('',#1423,#1520,#1542,.T.);
#1542 = SURFACE_CURVE('',#1543,(#1547,#1554),.PCURVE_S1.);
#1543 = LINE('',#1544,#1545);
#1544 = CARTESIAN_POINT('',(-13.6,15.6,53.9));
#1545 = VECTOR('',#1546,1.);
#1546 = DIRECTION('',(-1.,0.,0.));
#1547 = PCURVE('',#1460,#1548);
#1548 = DEFINITIONAL_REPRESENTATION('',(#1549),#1553);
#1549 = LINE('',#1550,#1551);
#1550 = CARTESIAN_POINT('',(1.5,33.7));
#1551 = VECTOR('',#1552,1.);
#1552 = DIRECTION('',(-1.,0.));
#1553 = ( GEOMETRIC_REPRESENTATION_CONTEXT(2) 
PARAMETRIC_REPRESENTATION_CONTEXT() REPRESENTATION_CONTEXT('2D SPACE',''
  ) );
#1554 = PCURVE('',#1070,#1555);
#1555 = DEFINITIONAL_REPRESENTATION('',(#1556),#1559);
#1556 = B_SPLINE_CURVE_WITH_KNOTS('',1,(#1557,#1558),.UNSPECIFIED.,.F.,
  .F.,(2,2),(-25.7,-1.5),.PIECEWISE_BEZIER_KNOTS.);
#1557 = CARTESIAN_POINT('',(1.,24.2));
#1558 = CARTESIAN_POINT('',(1.,0.));
#1559 = ( GEOMETRIC_REPRESENTATION_CONTEXT(2) 
PARAMETRIC_REPRESENTATION_CONTEXT() REPRESENTATION_CONTEXT('2D SPACE',''
  ) );
#1560 = ORIENTED_EDGE('',*,*,#1445,.T.);
#1561 = ADVANCED_FACE('',(#1562),#1070,.T.);
#1562 = FACE_BOUND('',#1563,.T.);
#1563 = EDGE_LOOP('',(#1564,#1565,#1566,#1587));
#1564 = ORIENTED_EDGE('',*,*,#1422,.F.);
#1565 = ORIENTED_EDGE('',*,*,#1541,.T.);
#1566 = ORIENTED_EDGE('',*,*,#1567,.T.);
#1567 = EDGE_CURVE('',#1520,#1056,#1568,.T.);
#1568 = SURFACE_CURVE('',#1569,(#1573,#1580),.PCURVE_S1.);
#1569 = LINE('',#1570,#1571);
#1570 = CARTESIAN_POINT('',(-12.1,15.6,52.9));
#1571 = VECTOR('',#1572,1.);
#1572 = DIRECTION('',(0.,0.,1.));
#1573 = PCURVE('',#1070,#1574);
#1574 = DEFINITIONAL_REPRESENTATION('',(#1575),#1579);
#1575 = LINE('',#1576,#1577);
#1576 = CARTESIAN_POINT('',(0.,0.));
#1577 = VECTOR('',#1578,1.);
#1578 = DIRECTION('',(1.,0.));
#1579 = ( GEOMETRIC_REPRESENTATION_CONTEXT(2) 
PARAMETRIC_REPRESENTATION_CONTEXT() REPRESENTATION_CONTEXT('2D SPACE',''
  ) );
#1580 = PCURVE('',#1094,#1581);
#1581 = DEFINITIONAL_REPRESENTATION('',(#1582),#1586);
#1582 = LINE('',#1583,#1584);
#1583 = CARTESIAN_POINT('',(0.,0.));
#1584 = VECTOR('',#1585,1.);
#1585 = DIRECTION('',(1.,0.));
#1586 = ( GEOMETRIC_REPRESENTATION_CONTEXT(2) 
PARAMETRIC_REPRESENTATION_CONTEXT() REPRESENTATION_CONTEXT('2D SPACE',''
  ) );
#1587 = ORIENTED_EDGE('',*,*,#1055,.F.);
#1588 = ADVANCED_FACE('',(#1589),#1094,.T.);
#1589 = FACE_BOUND('',#1590,.T.);
#1590 = EDGE_LOOP('',(#1591,#1592,#1593,#1613));
#1591 = ORIENTED_EDGE('',*,*,#1567,.F.);
#1592 = ORIENTED_EDGE('',*,*,#1519,.T.);
#1593 = ORIENTED_EDGE('',*,*,#1594,.F.);
#1594 = EDGE_CURVE('',#981,#1497,#1595,.T.);
#1595 = SURFACE_CURVE('',#1596,(#1600,#1606),.PCURVE_S1.);
#1596 = LINE('',#1597,#1598);
#1597 = CARTESIAN_POINT('',(-12.1,18.1,53.4));
#1598 = VECTOR('',#1599,1.);
#1599 = DIRECTION('',(0.,0.,-1.));
#1600 = PCURVE('',#1094,#1601);
#1601 = DEFINITIONAL_REPRESENTATION('',(#1602),#1605);
#1602 = B_SPLINE_CURVE_WITH_KNOTS('',1,(#1603,#1604),.UNSPECIFIED.,.F.,
  .F.,(2,2),(-6.5,-0.5),.PIECEWISE_BEZIER_KNOTS.);
#1603 = CARTESIAN_POINT('',(7.,-2.5));
#1604 = CARTESIAN_POINT('',(1.,-2.5));
#1605 = ( GEOMETRIC_REPRESENTATION_CONTEXT(2) 
PARAMETRIC_REPRESENTATION_CONTEXT() REPRESENTATION_CONTEXT('2D SPACE',''
  ) );
#1606 = PCURVE('',#642,#1607);
#1607 = DEFINITIONAL_REPRESENTATION('',(#1608),#1612);
#1608 = LINE('',#1609,#1610);
#1609 = CARTESIAN_POINT('',(2.,3.));
#1610 = VECTOR('',#1611,1.);
#1611 = DIRECTION('',(-1.,0.));
#1612 = ( GEOMETRIC_REPRESENTATION_CONTEXT(2) 
PARAMETRIC_REPRESENTATION_CONTEXT() REPRESENTATION_CONTEXT('2D SPACE',''
  ) );
#1613 = ORIENTED_EDGE('',*,*,#1081,.F.);
#1614 = ADVANCED_FACE('',(#1615),#642,.T.);
#1615 = FACE_BOUND('',#1616,.T.);
#1616 = EDGE_LOOP('',(#1617,#1638,#1639,#1640,#1641,#1642,#1643,#1644));
#1617 = ORIENTED_EDGE('',*,*,#1618,.F.);
#1618 = EDGE_CURVE('',#840,#604,#1619,.T.);
#1619 = SURFACE_CURVE('',#1620,(#1624,#1631),.PCURVE_S1.);
#1620 = LINE('',#1621,#1622);
#1621 = CARTESIAN_POINT('',(-15.1,18.1,51.4));
#1622 = VECTOR('',#1623,1.);
#1623 = DIRECTION('',(1.,0.,0.));
#1624 = PCURVE('',#642,#1625);
#1625 = DEFINITIONAL_REPRESENTATION('',(#1626),#1630);
#1626 = LINE('',#1627,#1628);
#1627 = CARTESIAN_POINT('',(0.,0.));
#1628 = VECTOR('',#1629,1.);
#1629 = DIRECTION('',(0.,1.));
#1630 = ( GEOMETRIC_REPRESENTATION_CONTEXT(2) 
PARAMETRIC_REPRESENTATION_CONTEXT() REPRESENTATION_CONTEXT('2D SPACE',''
  ) );
#1631 = PCURVE('',#439,#1632);
#1632 = DEFINITIONAL_REPRESENTATION('',(#1633),#1637);
#1633 = LINE('',#1634,#1635);
#1634 = CARTESIAN_POINT('',(0.,36.2));
#1635 = VECTOR('',#1636,1.);
#1636 = DIRECTION('',(1.,0.));
#1637 = ( GEOMETRIC_REPRESENTATION_CONTEXT(2) 
PARAMETRIC_REPRESENTATION_CONTEXT() REPRESENTATION_CONTEXT('2D SPACE',''
  ) );
#1638 = ORIENTED_EDGE('',*,*,#862,.F.);
#1639 = ORIENTED_EDGE('',*,*,#980,.T.);
#1640 = ORIENTED_EDGE('',*,*,#1594,.T.);
#1641 = ORIENTED_EDGE('',*,*,#1496,.T.);
#1642 = ORIENTED_EDGE('',*,*,#1472,.F.);
#1643 = ORIENTED_EDGE('',*,*,#1006,.T.);
#1644 = ORIENTED_EDGE('',*,*,#626,.T.);
#1645 = ADVANCED_FACE('',(#1646),#439,.F.);
#1646 = FACE_BOUND('',#1647,.F.);
#1647 = EDGE_LOOP('',(#1648,#1649,#1650,#1651,#1674,#1695,#1696,#1697,
    #1698,#1699,#1722,#1745));
#1648 = ORIENTED_EDGE('',*,*,#788,.F.);
#1649 = ORIENTED_EDGE('',*,*,#711,.T.);
#1650 = ORIENTED_EDGE('',*,*,#579,.T.);
#1651 = ORIENTED_EDGE('',*,*,#1652,.F.);
#1652 = EDGE_CURVE('',#1653,#505,#1655,.T.);
#1653 = VERTEX_POINT('',#1654);
#1654 = CARTESIAN_POINT('',(12.5,-10.,51.4));
#1655 = SURFACE_CURVE('',#1656,(#1660,#1667),.PCURVE_S1.);
#1656 = LINE('',#1657,#1658);
#1657 = CARTESIAN_POINT('',(12.5,-10.,51.4));
#1658 = VECTOR('',#1659,1.);
#1659 = DIRECTION('',(1.,0.,0.));
#1660 = PCURVE('',#439,#1661);
#1661 = DEFINITIONAL_REPRESENTATION('',(#1662),#1666);
#1662 = LINE('',#1663,#1664);
#1663 = CARTESIAN_POINT('',(27.6,8.1));
#1664 = VECTOR('',#1665,1.);
#1665 = DIRECTION('',(1.,0.));
#1666 = ( GEOMETRIC_REPRESENTATION_CONTEXT(2) 
PARAMETRIC_REPRESENTATION_CONTEXT() REPRESENTATION_CONTEXT('2D SPACE',''
  ) );
#1667 = PCURVE('',#384,#1668);
#1668 = DEFINITIONAL_REPRESENTATION('',(#1669),#1673);
#1669 = LINE('',#1670,#1671);
#1670 = CARTESIAN_POINT('',(10.4,0.));
#1671 = VECTOR('',#1672,1.);
#1672 = DIRECTION('',(0.,1.));
#1673 = ( GEOMETRIC_REPRESENTATION_CONTEXT(2) 
PARAMETRIC_REPRESENTATION_CONTEXT() REPRESENTATION_CONTEXT('2D SPACE',''
  ) );
#1674 = ORIENTED_EDGE('',*,*,#1675,.T.);
#1675 = EDGE_CURVE('',#1653,#401,#1676,.T.);
#1676 = SURFACE_CURVE('',#1677,(#1681,#1688),.PCURVE_S1.);
#1677 = LINE('',#1678,#1679);
#1678 = CARTESIAN_POINT('',(12.5,-10.,51.4));
#1679 = VECTOR('',#1680,1.);
#1680 = DIRECTION('',(0.,1.,0.));
#1681 = PCURVE('',#439,#1682);
#1682 = DEFINITIONAL_REPRESENTATION('',(#1683),#1687);
#1683 = LINE('',#1684,#1685);
#1684 = CARTESIAN_POINT('',(27.6,8.1));
#1685 = VECTOR('',#1686,1.);
#1686 = DIRECTION('',(0.,1.));
#1687 = ( GEOMETRIC_REPRESENTATION_CONTEXT(2) 
PARAMETRIC_REPRESENTATION_CONTEXT() REPRESENTATION_CONTEXT('2D SPACE',''
  ) );
#1688 = PCURVE('',#302,#1689);
#1689 = DEFINITIONAL_REPRESENTATION('',(#1690),#1694);
#1690 = LINE('',#1691,#1692);
#1691 = CARTESIAN_POINT('',(10.4,0.));
#1692 = VECTOR('',#1693,1.);
#1693 = DIRECTION('',(0.,-1.));
#1694 = ( GEOMETRIC_REPRESENTATION_CONTEXT(2) 
PARAMETRIC_REPRESENTATION_CONTEXT() REPRESENTATION_CONTEXT('2D SPACE',''
  ) );
#1695 = ORIENTED_EDGE('',*,*,#423,.T.);
#1696 = ORIENTED_EDGE('',*,*,#603,.T.);
#1697 = ORIENTED_EDGE('',*,*,#1618,.F.);
#1698 = ORIENTED_EDGE('',*,*,#839,.F.);
#1699 = ORIENTED_EDGE('',*,*,#1700,.T.);
#1700 = EDGE_CURVE('',#812,#1701,#1703,.T.);
#1701 = VERTEX_POINT('',#1702);
#1702 = CARTESIAN_POINT('',(-12.5,10.,51.4));
#1703 = SURFACE_CURVE('',#1704,(#1708,#1715),.PCURVE_S1.);
#1704 = LINE('',#1705,#1706);
#1705 = CARTESIAN_POINT('',(-15.5,10.,51.4));
#1706 = VECTOR('',#1707,1.);
#1707 = DIRECTION('',(1.,0.,0.));
#1708 = PCURVE('',#439,#1709);
#1709 = DEFINITIONAL_REPRESENTATION('',(#1710),#1714);
#1710 = LINE('',#1711,#1712);
#1711 = CARTESIAN_POINT('',(-0.4,28.1));
#1712 = VECTOR('',#1713,1.);
#1713 = DIRECTION('',(1.,0.));
#1714 = ( GEOMETRIC_REPRESENTATION_CONTEXT(2) 
PARAMETRIC_REPRESENTATION_CONTEXT() REPRESENTATION_CONTEXT('2D SPACE',''
  ) );
#1715 = PCURVE('',#216,#1716);
#1716 = DEFINITIONAL_REPRESENTATION('',(#1717),#1721);
#1717 = LINE('',#1718,#1719);
#1718 = CARTESIAN_POINT('',(10.4,0.));
#1719 = VECTOR('',#1720,1.);
#1720 = DIRECTION('',(0.,1.));
#1721 = ( GEOMETRIC_REPRESENTATION_CONTEXT(2) 
PARAMETRIC_REPRESENTATION_CONTEXT() REPRESENTATION_CONTEXT('2D SPACE',''
  ) );
#1722 = ORIENTED_EDGE('',*,*,#1723,.F.);
#1723 = EDGE_CURVE('',#1724,#1701,#1726,.T.);
#1724 = VERTEX_POINT('',#1725);
#1725 = CARTESIAN_POINT('',(-12.5,-10.,51.4));
#1726 = SURFACE_CURVE('',#1727,(#1731,#1738),.PCURVE_S1.);
#1727 = LINE('',#1728,#1729);
#1728 = CARTESIAN_POINT('',(-12.5,-10.,51.4));
#1729 = VECTOR('',#1730,1.);
#1730 = DIRECTION('',(0.,1.,0.));
#1731 = PCURVE('',#439,#1732);
#1732 = DEFINITIONAL_REPRESENTATION('',(#1733),#1737);
#1733 = LINE('',#1734,#1735);
#1734 = CARTESIAN_POINT('',(2.6,8.1));
#1735 = VECTOR('',#1736,1.);
#1736 = DIRECTION('',(0.,1.));
#1737 = ( GEOMETRIC_REPRESENTATION_CONTEXT(2) 
PARAMETRIC_REPRESENTATION_CONTEXT() REPRESENTATION_CONTEXT('2D SPACE',''
  ) );
#1738 = PCURVE('',#244,#1739);
#1739 = DEFINITIONAL_REPRESENTATION('',(#1740),#1744);
#1740 = LINE('',#1741,#1742);
#1741 = CARTESIAN_POINT('',(10.4,0.));
#1742 = VECTOR('',#1743,1.);
#1743 = DIRECTION('',(0.,-1.));
#1744 = ( GEOMETRIC_REPRESENTATION_CONTEXT(2) 
PARAMETRIC_REPRESENTATION_CONTEXT() REPRESENTATION_CONTEXT('2D SPACE',''
  ) );
#1745 = ORIENTED_EDGE('',*,*,#1746,.F.);
#1746 = EDGE_CURVE('',#789,#1724,#1747,.T.);
#1747 = SURFACE_CURVE('',#1748,(#1752,#1759),.PCURVE_S1.);
#1748 = LINE('',#1749,#1750);
#1749 = CARTESIAN_POINT('',(-15.5,-10.,51.4));
#1750 = VECTOR('',#1751,1.);
#1751 = DIRECTION('',(1.,0.,0.));
#1752 = PCURVE('',#439,#1753);
#1753 = DEFINITIONAL_REPRESENTATION('',(#1754),#1758);
#1754 = LINE('',#1755,#1756);
#1755 = CARTESIAN_POINT('',(-0.4,8.1));
#1756 = VECTOR('',#1757,1.);
#1757 = DIRECTION('',(1.,0.));
#1758 = ( GEOMETRIC_REPRESENTATION_CONTEXT(2) 
PARAMETRIC_REPRESENTATION_CONTEXT() REPRESENTATION_CONTEXT('2D SPACE',''
  ) );
#1759 = PCURVE('',#270,#1760);
#1760 = DEFINITIONAL_REPRESENTATION('',(#1761),#1765);
#1761 = LINE('',#1762,#1763);
#1762 = CARTESIAN_POINT('',(10.4,0.));
#1763 = VECTOR('',#1764,1.);
#1764 = DIRECTION('',(0.,1.));
#1765 = ( GEOMETRIC_REPRESENTATION_CONTEXT(2) 
PARAMETRIC_REPRESENTATION_CONTEXT() REPRESENTATION_CONTEXT('2D SPACE',''
  ) );
#1766 = ADVANCED_FACE('',(#1767),#358,.T.);
#1767 = FACE_BOUND('',#1768,.T.);
#1768 = EDGE_LOOP('',(#1769,#1790,#1791,#1792));
#1769 = ORIENTED_EDGE('',*,*,#1770,.F.);
#1770 = EDGE_CURVE('',#343,#533,#1771,.T.);
#1771 = SURFACE_CURVE('',#1772,(#1776,#1783),.PCURVE_S1.);
#1772 = LINE('',#1773,#1774);
#1773 = CARTESIAN_POINT('',(15.5,-10.,41.));
#1774 = VECTOR('',#1775,1.);
#1775 = DIRECTION('',(0.,0.,1.));
#1776 = PCURVE('',#358,#1777);
#1777 = DEFINITIONAL_REPRESENTATION('',(#1778),#1782);
#1778 = LINE('',#1779,#1780);
#1779 = CARTESIAN_POINT('',(0.,0.));
#1780 = VECTOR('',#1781,1.);
#1781 = DIRECTION('',(1.,0.));
#1782 = ( GEOMETRIC_REPRESENTATION_CONTEXT(2) 
PARAMETRIC_REPRESENTATION_CONTEXT() REPRESENTATION_CONTEXT('2D SPACE',''
  ) );
#1783 = PCURVE('',#384,#1784);
#1784 = DEFINITIONAL_REPRESENTATION('',(#1785),#1789);
#1785 = LINE('',#1786,#1787);
#1786 = CARTESIAN_POINT('',(0.,3.));
#1787 = VECTOR('',#1788,1.);
#1788 = DIRECTION('',(1.,0.));
#1789 = ( GEOMETRIC_REPRESENTATION_CONTEXT(2) 
PARAMETRIC_REPRESENTATION_CONTEXT() REPRESENTATION_CONTEXT('2D SPACE',''
  ) );
#1790 = ORIENTED_EDGE('',*,*,#342,.T.);
#1791 = ORIENTED_EDGE('',*,*,#479,.T.);
#1792 = ORIENTED_EDGE('',*,*,#555,.F.);
#1793 = ADVANCED_FACE('',(#1794),#384,.F.);
#1794 = FACE_BOUND('',#1795,.F.);
#1795 = EDGE_LOOP('',(#1796,#1797,#1818,#1819,#1820));
#1796 = ORIENTED_EDGE('',*,*,#370,.F.);
#1797 = ORIENTED_EDGE('',*,*,#1798,.T.);
#1798 = EDGE_CURVE('',#285,#1653,#1799,.T.);
#1799 = SURFACE_CURVE('',#1800,(#1804,#1811),.PCURVE_S1.);
#1800 = LINE('',#1801,#1802);
#1801 = CARTESIAN_POINT('',(12.5,-10.,41.));
#1802 = VECTOR('',#1803,1.);
#1803 = DIRECTION('',(0.,0.,1.));
#1804 = PCURVE('',#384,#1805);
#1805 = DEFINITIONAL_REPRESENTATION('',(#1806),#1810);
#1806 = LINE('',#1807,#1808);
#1807 = CARTESIAN_POINT('',(0.,0.));
#1808 = VECTOR('',#1809,1.);
#1809 = DIRECTION('',(1.,0.));
#1810 = ( GEOMETRIC_REPRESENTATION_CONTEXT(2) 
PARAMETRIC_REPRESENTATION_CONTEXT() REPRESENTATION_CONTEXT('2D SPACE',''
  ) );
#1811 = PCURVE('',#302,#1812);
#1812 = DEFINITIONAL_REPRESENTATION('',(#1813),#1817);
#1813 = LINE('',#1814,#1815);
#1814 = CARTESIAN_POINT('',(0.,0.));
#1815 = VECTOR('',#1816,1.);
#1816 = DIRECTION('',(1.,0.));
#1817 = ( GEOMETRIC_REPRESENTATION_CONTEXT(2) 
PARAMETRIC_REPRESENTATION_CONTEXT() REPRESENTATION_CONTEXT('2D SPACE',''
  ) );
#1818 = ORIENTED_EDGE('',*,*,#1652,.T.);
#1819 = ORIENTED_EDGE('',*,*,#532,.T.);
#1820 = ORIENTED_EDGE('',*,*,#1770,.F.);
#1821 = ADVANCED_FACE('',(#1822),#302,.F.);
#1822 = FACE_BOUND('',#1823,.F.);
#1823 = EDGE_LOOP('',(#1824,#1825,#1826,#1827));
#1824 = ORIENTED_EDGE('',*,*,#1798,.F.);
#1825 = ORIENTED_EDGE('',*,*,#284,.T.);
#1826 = ORIENTED_EDGE('',*,*,#400,.T.);
#1827 = ORIENTED_EDGE('',*,*,#1675,.F.);
#1828 = ADVANCED_FACE('',(#1829),#244,.T.);
#1829 = FACE_BOUND('',#1830,.T.);
#1830 = EDGE_LOOP('',(#1831,#1852,#1853,#1874));
#1831 = ORIENTED_EDGE('',*,*,#1832,.F.);
#1832 = EDGE_CURVE('',#229,#1724,#1833,.T.);
#1833 = SURFACE_CURVE('',#1834,(#1838,#1845),.PCURVE_S1.);
#1834 = LINE('',#1835,#1836);
#1835 = CARTESIAN_POINT('',(-12.5,-10.,41.));
#1836 = VECTOR('',#1837,1.);
#1837 = DIRECTION('',(0.,0.,1.));
#1838 = PCURVE('',#244,#1839);
#1839 = DEFINITIONAL_REPRESENTATION('',(#1840),#1844);
#1840 = LINE('',#1841,#1842);
#1841 = CARTESIAN_POINT('',(0.,0.));
#1842 = VECTOR('',#1843,1.);
#1843 = DIRECTION('',(1.,0.));
#1844 = ( GEOMETRIC_REPRESENTATION_CONTEXT(2) 
PARAMETRIC_REPRESENTATION_CONTEXT() REPRESENTATION_CONTEXT('2D SPACE',''
  ) );
#1845 = PCURVE('',#270,#1846);
#1846 = DEFINITIONAL_REPRESENTATION('',(#1847),#1851);
#1847 = LINE('',#1848,#1849);
#1848 = CARTESIAN_POINT('',(0.,3.));
#1849 = VECTOR('',#1850,1.);
#1850 = DIRECTION('',(1.,0.));
#1851 = ( GEOMETRIC_REPRESENTATION_CONTEXT(2) 
PARAMETRIC_REPRESENTATION_CONTEXT() REPRESENTATION_CONTEXT('2D SPACE',''
  ) );
#1852 = ORIENTED_EDGE('',*,*,#228,.T.);
#1853 = ORIENTED_EDGE('',*,*,#1854,.T.);
#1854 = EDGE_CURVE('',#201,#1701,#1855,.T.);
#1855 = SURFACE_CURVE('',#1856,(#1860,#1867),.PCURVE_S1.);
#1856 = LINE('',#1857,#1858);
#1857 = CARTESIAN_POINT('',(-12.5,10.,41.));
#1858 = VECTOR('',#1859,1.);
#1859 = DIRECTION('',(0.,0.,1.));
#1860 = PCURVE('',#244,#1861);
#1861 = DEFINITIONAL_REPRESENTATION('',(#1862),#1866);
#1862 = LINE('',#1863,#1864);
#1863 = CARTESIAN_POINT('',(0.,-20.));
#1864 = VECTOR('',#1865,1.);
#1865 = DIRECTION('',(1.,0.));
#1866 = ( GEOMETRIC_REPRESENTATION_CONTEXT(2) 
PARAMETRIC_REPRESENTATION_CONTEXT() REPRESENTATION_CONTEXT('2D SPACE',''
  ) );
#1867 = PCURVE('',#216,#1868);
#1868 = DEFINITIONAL_REPRESENTATION('',(#1869),#1873);
#1869 = LINE('',#1870,#1871);
#1870 = CARTESIAN_POINT('',(0.,3.));
#1871 = VECTOR('',#1872,1.);
#1872 = DIRECTION('',(1.,0.));
#1873 = ( GEOMETRIC_REPRESENTATION_CONTEXT(2) 
PARAMETRIC_REPRESENTATION_CONTEXT() REPRESENTATION_CONTEXT('2D SPACE',''
  ) );
#1874 = ORIENTED_EDGE('',*,*,#1723,.F.);
#1875 = ADVANCED_FACE('',(#1876),#270,.F.);
#1876 = FACE_BOUND('',#1877,.F.);
#1877 = EDGE_LOOP('',(#1878,#1879,#1900,#1901,#1902));
#1878 = ORIENTED_EDGE('',*,*,#256,.F.);
#1879 = ORIENTED_EDGE('',*,*,#1880,.T.);
#1880 = EDGE_CURVE('',#171,#933,#1881,.T.);
#1881 = SURFACE_CURVE('',#1882,(#1886,#1893),.PCURVE_S1.);
#1882 = LINE('',#1883,#1884);
#1883 = CARTESIAN_POINT('',(-15.5,-10.,41.));
#1884 = VECTOR('',#1885,1.);
#1885 = DIRECTION('',(0.,0.,1.));
#1886 = PCURVE('',#270,#1887);
#1887 = DEFINITIONAL_REPRESENTATION('',(#1888),#1892);
#1888 = LINE('',#1889,#1890);
#1889 = CARTESIAN_POINT('',(0.,0.));
#1890 = VECTOR('',#1891,1.);
#1891 = DIRECTION('',(1.,0.));
#1892 = ( GEOMETRIC_REPRESENTATION_CONTEXT(2) 
PARAMETRIC_REPRESENTATION_CONTEXT() REPRESENTATION_CONTEXT('2D SPACE',''
  ) );
#1893 = PCURVE('',#188,#1894);
#1894 = DEFINITIONAL_REPRESENTATION('',(#1895),#1899);
#1895 = LINE('',#1896,#1897);
#1896 = CARTESIAN_POINT('',(0.,0.));
#1897 = VECTOR('',#1898,1.);
#1898 = DIRECTION('',(1.,0.));
#1899 = ( GEOMETRIC_REPRESENTATION_CONTEXT(2) 
PARAMETRIC_REPRESENTATION_CONTEXT() REPRESENTATION_CONTEXT('2D SPACE',''
  ) );
#1900 = ORIENTED_EDGE('',*,*,#955,.T.);
#1901 = ORIENTED_EDGE('',*,*,#1746,.T.);
#1902 = ORIENTED_EDGE('',*,*,#1832,.F.);
#1903 = ADVANCED_FACE('',(#1904),#216,.T.);
#1904 = FACE_BOUND('',#1905,.T.);
#1905 = EDGE_LOOP('',(#1906,#1907,#1928,#1929,#1930));
#1906 = ORIENTED_EDGE('',*,*,#200,.F.);
#1907 = ORIENTED_EDGE('',*,*,#1908,.T.);
#1908 = EDGE_CURVE('',#173,#910,#1909,.T.);
#1909 = SURFACE_CURVE('',#1910,(#1914,#1921),.PCURVE_S1.);
#1910 = LINE('',#1911,#1912);
#1911 = CARTESIAN_POINT('',(-15.5,10.,41.));
#1912 = VECTOR('',#1913,1.);
#1913 = DIRECTION('',(0.,0.,1.));
#1914 = PCURVE('',#216,#1915);
#1915 = DEFINITIONAL_REPRESENTATION('',(#1916),#1920);
#1916 = LINE('',#1917,#1918);
#1917 = CARTESIAN_POINT('',(0.,0.));
#1918 = VECTOR('',#1919,1.);
#1919 = DIRECTION('',(1.,0.));
#1920 = ( GEOMETRIC_REPRESENTATION_CONTEXT(2) 
PARAMETRIC_REPRESENTATION_CONTEXT() REPRESENTATION_CONTEXT('2D SPACE',''
  ) );
#1921 = PCURVE('',#188,#1922);
#1922 = DEFINITIONAL_REPRESENTATION('',(#1923),#1927);
#1923 = LINE('',#1924,#1925);
#1924 = CARTESIAN_POINT('',(0.,-20.));
#1925 = VECTOR('',#1926,1.);
#1926 = DIRECTION('',(1.,0.));
#1927 = ( GEOMETRIC_REPRESENTATION_CONTEXT(2) 
PARAMETRIC_REPRESENTATION_CONTEXT() REPRESENTATION_CONTEXT('2D SPACE',''
  ) );
#1928 = ORIENTED_EDGE('',*,*,#909,.T.);
#1929 = ORIENTED_EDGE('',*,*,#1700,.T.);
#1930 = ORIENTED_EDGE('',*,*,#1854,.F.);
#1931 = ADVANCED_FACE('',(#1932),#188,.F.);
#1932 = FACE_BOUND('',#1933,.F.);
#1933 = EDGE_LOOP('',(#1934,#1935,#1936,#1937));
#1934 = ORIENTED_EDGE('',*,*,#1880,.F.);
#1935 = ORIENTED_EDGE('',*,*,#170,.T.);
#1936 = ORIENTED_EDGE('',*,*,#1908,.T.);
#1937 = ORIENTED_EDGE('',*,*,#932,.F.);
#1938 = ADVANCED_FACE('',(#1939),#152,.F.);
#1939 = FACE_BOUND('',#1940,.F.);
#1940 = EDGE_LOOP('',(#1941));
#1941 = ORIENTED_EDGE('',*,*,#137,.T.);
#1942 = ( GEOMETRIC_REPRESENTATION_CONTEXT(3) 
GLOBAL_UNCERTAINTY_ASSIGNED_CONTEXT((#1946)) 
GLOBAL_UNIT_ASSIGNED_CONTEXT((#1943,#1944,#1945)) REPRESENTATION_CONTEXT
('Context #1','3D Context with UNIT and UNCERTAINTY') );
#1943 = ( LENGTH_UNIT() NAMED_UNIT(*) SI_UNIT(.MILLI.,.METRE.) );
#1944 = ( NAMED_UNIT(*) PLANE_ANGLE_UNIT() SI_UNIT($,.RADIAN.) );
#1945 = ( NAMED_UNIT(*) SI_UNIT($,.STERADIAN.) SOLID_ANGLE_UNIT() );
#1946 = UNCERTAINTY_MEASURE_WITH_UNIT(LENGTH_MEASURE(1.E-07),#1943,
  'distance_accuracy_value','confusion accuracy');
#1947 = CONTEXT_DEPENDENT_SHAPE_REPRESENTATION(#1948,#1950);
#1948 = ( REPRESENTATION_RELATIONSHIP('','',#72,#10) 
REPRESENTATION_RELATIONSHIP_WITH_TRANSFORMATION(#1949) 
SHAPE_REPRESENTATION_RELATIONSHIP() );
#1949 = ITEM_DEFINED_TRANSFORMATION('','',#11,#15);
#1950 = PRODUCT_DEFINITION_SHAPE('Placement','Placement of an item',
  #1951);
#1951 = NEXT_ASSEMBLY_USAGE_OCCURRENCE('1','yaw-carrier-draft','',#5,#67
  ,$);
#1952 = PRODUCT_RELATED_PRODUCT_CATEGORY('part',$,(#69));
#1953 = SHAPE_DEFINITION_REPRESENTATION(#1954,#1960);
#1954 = PRODUCT_DEFINITION_SHAPE('','',#1955);
#1955 = PRODUCT_DEFINITION('design','',#1956,#1959);
#1956 = PRODUCT_DEFINITION_FORMATION('','',#1957);
#1957 = PRODUCT('pitch-carrier-draft','pitch-carrier-draft','',(#1958));
#1958 = PRODUCT_CONTEXT('',#2,'mechanical');
#1959 = PRODUCT_DEFINITION_CONTEXT('part definition',#2,'design');
#1960 = ADVANCED_BREP_SHAPE_REPRESENTATION('',(#11,#1961),#2797);
#1961 = MANIFOLD_SOLID_BREP('',#1962);
#1962 = CLOSED_SHELL('',(#1963,#2083,#2159,#2278,#2327,#2522,#2529,#2556
    ,#2583,#2664,#2713,#2762,#2790));
#1963 = ADVANCED_FACE('',(#1964),#1978,.F.);
#1964 = FACE_BOUND('',#1965,.F.);
#1965 = EDGE_LOOP('',(#1966,#2001,#2029,#2057));
#1966 = ORIENTED_EDGE('',*,*,#1967,.F.);
#1967 = EDGE_CURVE('',#1968,#1970,#1972,.T.);
#1968 = VERTEX_POINT('',#1969);
#1969 = CARTESIAN_POINT('',(-10.,-18.,74.5));
#1970 = VERTEX_POINT('',#1971);
#1971 = CARTESIAN_POINT('',(-10.,-18.,77.));
#1972 = SURFACE_CURVE('',#1973,(#1977,#1989),.PCURVE_S1.);
#1973 = LINE('',#1974,#1975);
#1974 = CARTESIAN_POINT('',(-10.,-18.,74.5));
#1975 = VECTOR('',#1976,1.);
#1976 = DIRECTION('',(0.,0.,1.));
#1977 = PCURVE('',#1978,#1983);
#1978 = PLANE('',#1979);
#1979 = AXIS2_PLACEMENT_3D('',#1980,#1981,#1982);
#1980 = CARTESIAN_POINT('',(-10.,-18.,74.5));
#1981 = DIRECTION('',(1.,0.,0.));
#1982 = DIRECTION('',(0.,0.,1.));
#1983 = DEFINITIONAL_REPRESENTATION('',(#1984),#1988);
#1984 = LINE('',#1985,#1986);
#1985 = CARTESIAN_POINT('',(0.,0.));
#1986 = VECTOR('',#1987,1.);
#1987 = DIRECTION('',(1.,0.));
#1988 = ( GEOMETRIC_REPRESENTATION_CONTEXT(2) 
PARAMETRIC_REPRESENTATION_CONTEXT() REPRESENTATION_CONTEXT('2D SPACE',''
  ) );
#1989 = PCURVE('',#1990,#1995);
#1990 = PLANE('',#1991);
#1991 = AXIS2_PLACEMENT_3D('',#1992,#1993,#1994);
#1992 = CARTESIAN_POINT('',(-10.,-18.,74.5));
#1993 = DIRECTION('',(0.,1.,0.));
#1994 = DIRECTION('',(0.,0.,1.));
#1995 = DEFINITIONAL_REPRESENTATION('',(#1996),#2000);
#1996 = LINE('',#1997,#1998);
#1997 = CARTESIAN_POINT('',(0.,0.));
#1998 = VECTOR('',#1999,1.);
#1999 = DIRECTION('',(1.,0.));
#2000 = ( GEOMETRIC_REPRESENTATION_CONTEXT(2) 
PARAMETRIC_REPRESENTATION_CONTEXT() REPRESENTATION_CONTEXT('2D SPACE',''
  ) );
#2001 = ORIENTED_EDGE('',*,*,#2002,.T.);
#2002 = EDGE_CURVE('',#1968,#2003,#2005,.T.);
#2003 = VERTEX_POINT('',#2004);
#2004 = CARTESIAN_POINT('',(-10.,24.,74.5));
#2005 = SURFACE_CURVE('',#2006,(#2010,#2017),.PCURVE_S1.);
#2006 = LINE('',#2007,#2008);
#2007 = CARTESIAN_POINT('',(-10.,-18.,74.5));
#2008 = VECTOR('',#2009,1.);
#2009 = DIRECTION('',(0.,1.,0.));
#2010 = PCURVE('',#1978,#2011);
#2011 = DEFINITIONAL_REPRESENTATION('',(#2012),#2016);
#2012 = LINE('',#2013,#2014);
#2013 = CARTESIAN_POINT('',(0.,0.));
#2014 = VECTOR('',#2015,1.);
#2015 = DIRECTION('',(0.,-1.));
#2016 = ( GEOMETRIC_REPRESENTATION_CONTEXT(2) 
PARAMETRIC_REPRESENTATION_CONTEXT() REPRESENTATION_CONTEXT('2D SPACE',''
  ) );
#2017 = PCURVE('',#2018,#2023);
#2018 = PLANE('',#2019);
#2019 = AXIS2_PLACEMENT_3D('',#2020,#2021,#2022);
#2020 = CARTESIAN_POINT('',(-10.,-18.,74.5));
#2021 = DIRECTION('',(0.,0.,1.));
#2022 = DIRECTION('',(1.,0.,0.));
#2023 = DEFINITIONAL_REPRESENTATION('',(#2024),#2028);
#2024 = LINE('',#2025,#2026);
#2025 = CARTESIAN_POINT('',(0.,0.));
#2026 = VECTOR('',#2027,1.);
#2027 = DIRECTION('',(0.,1.));
#2028 = ( GEOMETRIC_REPRESENTATION_CONTEXT(2) 
PARAMETRIC_REPRESENTATION_CONTEXT() REPRESENTATION_CONTEXT('2D SPACE',''
  ) );
#2029 = ORIENTED_EDGE('',*,*,#2030,.T.);
#2030 = EDGE_CURVE('',#2003,#2031,#2033,.T.);
#2031 = VERTEX_POINT('',#2032);
#2032 = CARTESIAN_POINT('',(-10.,24.,77.));
#2033 = SURFACE_CURVE('',#2034,(#2038,#2045),.PCURVE_S1.);
#2034 = LINE('',#2035,#2036);
#2035 = CARTESIAN_POINT('',(-10.,24.,74.5));
#2036 = VECTOR('',#2037,1.);
#2037 = DIRECTION('',(0.,0.,1.));
#2038 = PCURVE('',#1978,#2039);
#2039 = DEFINITIONAL_REPRESENTATION('',(#2040),#2044);
#2040 = LINE('',#2041,#2042);
#2041 = CARTESIAN_POINT('',(0.,-42.));
#2042 = VECTOR('',#2043,1.);
#2043 = DIRECTION('',(1.,0.));
#2044 = ( GEOMETRIC_REPRESENTATION_CONTEXT(2) 
PARAMETRIC_REPRESENTATION_CONTEXT() REPRESENTATION_CONTEXT('2D SPACE',''
  ) );
#2045 = PCURVE('',#2046,#2051);
#2046 = PLANE('',#2047);
#2047 = AXIS2_PLACEMENT_3D('',#2048,#2049,#2050);
#2048 = CARTESIAN_POINT('',(-10.,24.,74.5));
#2049 = DIRECTION('',(0.,1.,0.));
#2050 = DIRECTION('',(0.,0.,1.));
#2051 = DEFINITIONAL_REPRESENTATION('',(#2052),#2056);
#2052 = LINE('',#2053,#2054);
#2053 = CARTESIAN_POINT('',(0.,0.));
#2054 = VECTOR('',#2055,1.);
#2055 = DIRECTION('',(1.,0.));
#2056 = ( GEOMETRIC_REPRESENTATION_CONTEXT(2) 
PARAMETRIC_REPRESENTATION_CONTEXT() REPRESENTATION_CONTEXT('2D SPACE',''
  ) );
#2057 = ORIENTED_EDGE('',*,*,#2058,.F.);
#2058 = EDGE_CURVE('',#1970,#2031,#2059,.T.);
#2059 = SURFACE_CURVE('',#2060,(#2064,#2071),.PCURVE_S1.);
#2060 = LINE('',#2061,#2062);
#2061 = CARTESIAN_POINT('',(-10.,-18.,77.));
#2062 = VECTOR('',#2063,1.);
#2063 = DIRECTION('',(0.,1.,0.));
#2064 = PCURVE('',#1978,#2065);
#2065 = DEFINITIONAL_REPRESENTATION('',(#2066),#2070);
#2066 = LINE('',#2067,#2068);
#2067 = CARTESIAN_POINT('',(2.5,0.));
#2068 = VECTOR('',#2069,1.);
#2069 = DIRECTION('',(0.,-1.));
#2070 = ( GEOMETRIC_REPRESENTATION_CONTEXT(2) 
PARAMETRIC_REPRESENTATION_CONTEXT() REPRESENTATION_CONTEXT('2D SPACE',''
  ) );
#2071 = PCURVE('',#2072,#2077);
#2072 = PLANE('',#2073);
#2073 = AXIS2_PLACEMENT_3D('',#2074,#2075,#2076);
#2074 = CARTESIAN_POINT('',(-10.,-18.,77.));
#2075 = DIRECTION('',(0.,0.,1.));
#2076 = DIRECTION('',(1.,0.,0.));
#2077 = DEFINITIONAL_REPRESENTATION('',(#2078),#2082);
#2078 = LINE('',#2079,#2080);
#2079 = CARTESIAN_POINT('',(0.,0.));
#2080 = VECTOR('',#2081,1.);
#2081 = DIRECTION('',(0.,1.));
#2082 = ( GEOMETRIC_REPRESENTATION_CONTEXT(2) 
PARAMETRIC_REPRESENTATION_CONTEXT() REPRESENTATION_CONTEXT('2D SPACE',''
  ) );
#2083 = ADVANCED_FACE('',(#2084),#1990,.F.);
#2084 = FACE_BOUND('',#2085,.F.);
#2085 = EDGE_LOOP('',(#2086,#2109,#2110,#2133));
#2086 = ORIENTED_EDGE('',*,*,#2087,.F.);
#2087 = EDGE_CURVE('',#1968,#2088,#2090,.T.);
#2088 = VERTEX_POINT('',#2089);
#2089 = CARTESIAN_POINT('',(40.,-18.,74.5));
#2090 = SURFACE_CURVE('',#2091,(#2095,#2102),.PCURVE_S1.);
#2091 = LINE('',#2092,#2093);
#2092 = CARTESIAN_POINT('',(-10.,-18.,74.5));
#2093 = VECTOR('',#2094,1.);
#2094 = DIRECTION('',(1.,0.,0.));
#2095 = PCURVE('',#1990,#2096);
#2096 = DEFINITIONAL_REPRESENTATION('',(#2097),#2101);
#2097 = LINE('',#2098,#2099);
#2098 = CARTESIAN_POINT('',(0.,0.));
#2099 = VECTOR('',#2100,1.);
#2100 = DIRECTION('',(0.,1.));
#2101 = ( GEOMETRIC_REPRESENTATION_CONTEXT(2) 
PARAMETRIC_REPRESENTATION_CONTEXT() REPRESENTATION_CONTEXT('2D SPACE',''
  ) );
#2102 = PCURVE('',#2018,#2103);
#2103 = DEFINITIONAL_REPRESENTATION('',(#2104),#2108);
#2104 = LINE('',#2105,#2106);
#2105 = CARTESIAN_POINT('',(0.,0.));
#2106 = VECTOR('',#2107,1.);
#2107 = DIRECTION('',(1.,0.));
#2108 = ( GEOMETRIC_REPRESENTATION_CONTEXT(2) 
PARAMETRIC_REPRESENTATION_CONTEXT() REPRESENTATION_CONTEXT('2D SPACE',''
  ) );
#2109 = ORIENTED_EDGE('',*,*,#1967,.T.);
#2110 = ORIENTED_EDGE('',*,*,#2111,.T.);
#2111 = EDGE_CURVE('',#1970,#2112,#2114,.T.);
#2112 = VERTEX_POINT('',#2113);
#2113 = CARTESIAN_POINT('',(40.,-18.,77.));
#2114 = SURFACE_CURVE('',#2115,(#2119,#2126),.PCURVE_S1.);
#2115 = LINE('',#2116,#2117);
#2116 = CARTESIAN_POINT('',(-10.,-18.,77.));
#2117 = VECTOR('',#2118,1.);
#2118 = DIRECTION('',(1.,0.,0.));
#2119 = PCURVE('',#1990,#2120);
#2120 = DEFINITIONAL_REPRESENTATION('',(#2121),#2125);
#2121 = LINE('',#2122,#2123);
#2122 = CARTESIAN_POINT('',(2.5,0.));
#2123 = VECTOR('',#2124,1.);
#2124 = DIRECTION('',(0.,1.));
#2125 = ( GEOMETRIC_REPRESENTATION_CONTEXT(2) 
PARAMETRIC_REPRESENTATION_CONTEXT() REPRESENTATION_CONTEXT('2D SPACE',''
  ) );
#2126 = PCURVE('',#2072,#2127);
#2127 = DEFINITIONAL_REPRESENTATION('',(#2128),#2132);
#2128 = LINE('',#2129,#2130);
#2129 = CARTESIAN_POINT('',(0.,0.));
#2130 = VECTOR('',#2131,1.);
#2131 = DIRECTION('',(1.,0.));
#2132 = ( GEOMETRIC_REPRESENTATION_CONTEXT(2) 
PARAMETRIC_REPRESENTATION_CONTEXT() REPRESENTATION_CONTEXT('2D SPACE',''
  ) );
#2133 = ORIENTED_EDGE('',*,*,#2134,.F.);
#2134 = EDGE_CURVE('',#2088,#2112,#2135,.T.);
#2135 = SURFACE_CURVE('',#2136,(#2140,#2147),.PCURVE_S1.);
#2136 = LINE('',#2137,#2138);
#2137 = CARTESIAN_POINT('',(40.,-18.,74.5));
#2138 = VECTOR('',#2139,1.);
#2139 = DIRECTION('',(0.,0.,1.));
#2140 = PCURVE('',#1990,#2141);
#2141 = DEFINITIONAL_REPRESENTATION('',(#2142),#2146);
#2142 = LINE('',#2143,#2144);
#2143 = CARTESIAN_POINT('',(0.,50.));
#2144 = VECTOR('',#2145,1.);
#2145 = DIRECTION('',(1.,0.));
#2146 = ( GEOMETRIC_REPRESENTATION_CONTEXT(2) 
PARAMETRIC_REPRESENTATION_CONTEXT() REPRESENTATION_CONTEXT('2D SPACE',''
  ) );
#2147 = PCURVE('',#2148,#2153);
#2148 = PLANE('',#2149);
#2149 = AXIS2_PLACEMENT_3D('',#2150,#2151,#2152);
#2150 = CARTESIAN_POINT('',(40.,-18.,74.5));
#2151 = DIRECTION('',(1.,0.,0.));
#2152 = DIRECTION('',(0.,0.,1.));
#2153 = DEFINITIONAL_REPRESENTATION('',(#2154),#2158);
#2154 = LINE('',#2155,#2156);
#2155 = CARTESIAN_POINT('',(0.,0.));
#2156 = VECTOR('',#2157,1.);
#2157 = DIRECTION('',(1.,0.));
#2158 = ( GEOMETRIC_REPRESENTATION_CONTEXT(2) 
PARAMETRIC_REPRESENTATION_CONTEXT() REPRESENTATION_CONTEXT('2D SPACE',''
  ) );
#2159 = ADVANCED_FACE('',(#2160,#2208,#2243),#2072,.T.);
#2160 = FACE_BOUND('',#2161,.T.);
#2161 = EDGE_LOOP('',(#2162,#2163,#2164,#2187));
#2162 = ORIENTED_EDGE('',*,*,#2058,.F.);
#2163 = ORIENTED_EDGE('',*,*,#2111,.T.);
#2164 = ORIENTED_EDGE('',*,*,#2165,.T.);
#2165 = EDGE_CURVE('',#2112,#2166,#2168,.T.);
#2166 = VERTEX_POINT('',#2167);
#2167 = CARTESIAN_POINT('',(40.,24.,77.));
#2168 = SURFACE_CURVE('',#2169,(#2173,#2180),.PCURVE_S1.);
#2169 = LINE('',#2170,#2171);
#2170 = CARTESIAN_POINT('',(40.,-18.,77.));
#2171 = VECTOR('',#2172,1.);
#2172 = DIRECTION('',(0.,1.,0.));
#2173 = PCURVE('',#2072,#2174);
#2174 = DEFINITIONAL_REPRESENTATION('',(#2175),#2179);
#2175 = LINE('',#2176,#2177);
#2176 = CARTESIAN_POINT('',(50.,0.));
#2177 = VECTOR('',#2178,1.);
#2178 = DIRECTION('',(0.,1.));
#2179 = ( GEOMETRIC_REPRESENTATION_CONTEXT(2) 
PARAMETRIC_REPRESENTATION_CONTEXT() REPRESENTATION_CONTEXT('2D SPACE',''
  ) );
#2180 = PCURVE('',#2148,#2181);
#2181 = DEFINITIONAL_REPRESENTATION('',(#2182),#2186);
#2182 = LINE('',#2183,#2184);
#2183 = CARTESIAN_POINT('',(2.5,0.));
#2184 = VECTOR('',#2185,1.);
#2185 = DIRECTION('',(0.,-1.));
#2186 = ( GEOMETRIC_REPRESENTATION_CONTEXT(2) 
PARAMETRIC_REPRESENTATION_CONTEXT() REPRESENTATION_CONTEXT('2D SPACE',''
  ) );
#2187 = ORIENTED_EDGE('',*,*,#2188,.F.);
#2188 = EDGE_CURVE('',#2031,#2166,#2189,.T.);
#2189 = SURFACE_CURVE('',#2190,(#2194,#2201),.PCURVE_S1.);
#2190 = LINE('',#2191,#2192);
#2191 = CARTESIAN_POINT('',(-10.,24.,77.));
#2192 = VECTOR('',#2193,1.);
#2193 = DIRECTION('',(1.,0.,0.));
#2194 = PCURVE('',#2072,#2195);
#2195 = DEFINITIONAL_REPRESENTATION('',(#2196),#2200);
#2196 = LINE('',#2197,#2198);
#2197 = CARTESIAN_POINT('',(0.,42.));
#2198 = VECTOR('',#2199,1.);
#2199 = DIRECTION('',(1.,0.));
#2200 = ( GEOMETRIC_REPRESENTATION_CONTEXT(2) 
PARAMETRIC_REPRESENTATION_CONTEXT() REPRESENTATION_CONTEXT('2D SPACE',''
  ) );
#2201 = PCURVE('',#2046,#2202);
#2202 = DEFINITIONAL_REPRESENTATION('',(#2203),#2207);
#2203 = LINE('',#2204,#2205);
#2204 = CARTESIAN_POINT('',(2.5,0.));
#2205 = VECTOR('',#2206,1.);
#2206 = DIRECTION('',(0.,1.));
#2207 = ( GEOMETRIC_REPRESENTATION_CONTEXT(2) 
PARAMETRIC_REPRESENTATION_CONTEXT() REPRESENTATION_CONTEXT('2D SPACE',''
  ) );
#2208 = FACE_BOUND('',#2209,.T.);
#2209 = EDGE_LOOP('',(#2210));
#2210 = ORIENTED_EDGE('',*,*,#2211,.T.);
#2211 = EDGE_CURVE('',#2212,#2212,#2214,.T.);
#2212 = VERTEX_POINT('',#2213);
#2213 = CARTESIAN_POINT('',(-0.9,0.,77.));
#2214 = SURFACE_CURVE('',#2215,(#2220,#2231),.PCURVE_S1.);
#2215 = CIRCLE('',#2216,1.7);
#2216 = AXIS2_PLACEMENT_3D('',#2217,#2218,#2219);
#2217 = CARTESIAN_POINT('',(-2.6,0.,77.));
#2218 = DIRECTION('',(0.,0.,-1.));
#2219 = DIRECTION('',(1.,0.,0.));
#2220 = PCURVE('',#2072,#2221);
#2221 = DEFINITIONAL_REPRESENTATION('',(#2222),#2230);
#2222 = ( BOUNDED_CURVE() B_SPLINE_CURVE(2,(#2223,#2224,#2225,#2226,
#2227,#2228,#2229),.UNSPECIFIED.,.T.,.F.) B_SPLINE_CURVE_WITH_KNOTS((1,2
    ,2,2,2,1),(-2.094395102393,0.,2.094395102393,4.188790204786,
6.28318530718,8.377580409573),.UNSPECIFIED.) CURVE() 
GEOMETRIC_REPRESENTATION_ITEM() RATIONAL_B_SPLINE_CURVE((1.,0.5,1.,0.5,
1.,0.5,1.)) REPRESENTATION_ITEM('') );
#2223 = CARTESIAN_POINT('',(9.1,18.));
#2224 = CARTESIAN_POINT('',(9.1,15.055513627133));
#2225 = CARTESIAN_POINT('',(6.55,16.527756813566));
#2226 = CARTESIAN_POINT('',(4.,18.));
#2227 = CARTESIAN_POINT('',(6.55,19.472243186434));
#2228 = CARTESIAN_POINT('',(9.1,20.944486372867));
#2229 = CARTESIAN_POINT('',(9.1,18.));
#2230 = ( GEOMETRIC_REPRESENTATION_CONTEXT(2) 
PARAMETRIC_REPRESENTATION_CONTEXT() REPRESENTATION_CONTEXT('2D SPACE',''
  ) );
#2231 = PCURVE('',#2232,#2237);
#2232 = CYLINDRICAL_SURFACE('',#2233,1.7);
#2233 = AXIS2_PLACEMENT_3D('',#2234,#2235,#2236);
#2234 = CARTESIAN_POINT('',(-2.6,0.,73.5));
#2235 = DIRECTION('',(-0.,-0.,-1.));
#2236 = DIRECTION('',(1.,0.,0.));
#2237 = DEFINITIONAL_REPRESENTATION('',(#2238),#2242);
#2238 = LINE('',#2239,#2240);
#2239 = CARTESIAN_POINT('',(-6.28318530718,-3.5));
#2240 = VECTOR('',#2241,1.);
#2241 = DIRECTION('',(1.,-0.));
#2242 = ( GEOMETRIC_REPRESENTATION_CONTEXT(2) 
PARAMETRIC_REPRESENTATION_CONTEXT() REPRESENTATION_CONTEXT('2D SPACE',''
  ) );
#2243 = FACE_BOUND('',#2244,.T.);
#2244 = EDGE_LOOP('',(#2245));
#2245 = ORIENTED_EDGE('',*,*,#2246,.T.);
#2246 = EDGE_CURVE('',#2247,#2247,#2249,.T.);
#2247 = VERTEX_POINT('',#2248);
#2248 = CARTESIAN_POINT('',(34.3,0.,77.));
#2249 = SURFACE_CURVE('',#2250,(#2255,#2266),.PCURVE_S1.);
#2250 = CIRCLE('',#2251,1.7);
#2251 = AXIS2_PLACEMENT_3D('',#2252,#2253,#2254);
#2252 = CARTESIAN_POINT('',(32.6,0.,77.));
#2253 = DIRECTION('',(0.,0.,-1.));
#2254 = DIRECTION('',(1.,0.,0.));
#2255 = PCURVE('',#2072,#2256);
#2256 = DEFINITIONAL_REPRESENTATION('',(#2257),#2265);
#2257 = ( BOUNDED_CURVE() B_SPLINE_CURVE(2,(#2258,#2259,#2260,#2261,
#2262,#2263,#2264),.UNSPECIFIED.,.T.,.F.) B_SPLINE_CURVE_WITH_KNOTS((1,2
    ,2,2,2,1),(-2.094395102393,0.,2.094395102393,4.188790204786,
6.28318530718,8.377580409573),.UNSPECIFIED.) CURVE() 
GEOMETRIC_REPRESENTATION_ITEM() RATIONAL_B_SPLINE_CURVE((1.,0.5,1.,0.5,
1.,0.5,1.)) REPRESENTATION_ITEM('') );
#2258 = CARTESIAN_POINT('',(44.3,18.));
#2259 = CARTESIAN_POINT('',(44.3,15.055513627133));
#2260 = CARTESIAN_POINT('',(41.75,16.527756813566));
#2261 = CARTESIAN_POINT('',(39.2,18.));
#2262 = CARTESIAN_POINT('',(41.75,19.472243186434));
#2263 = CARTESIAN_POINT('',(44.3,20.944486372867));
#2264 = CARTESIAN_POINT('',(44.3,18.));
#2265 = ( GEOMETRIC_REPRESENTATION_CONTEXT(2) 
PARAMETRIC_REPRESENTATION_CONTEXT() REPRESENTATION_CONTEXT('2D SPACE',''
  ) );
#2266 = PCURVE('',#2267,#2272);
#2267 = CYLINDRICAL_SURFACE('',#2268,1.7);
#2268 = AXIS2_PLACEMENT_3D('',#2269,#2270,#2271);
#2269 = CARTESIAN_POINT('',(32.6,0.,73.5));
#2270 = DIRECTION('',(-0.,-0.,-1.));
#2271 = DIRECTION('',(1.,0.,0.));
#2272 = DEFINITIONAL_REPRESENTATION('',(#2273),#2277);
#2273 = LINE('',#2274,#2275);
#2274 = CARTESIAN_POINT('',(-6.28318530718,-3.5));
#2275 = VECTOR('',#2276,1.);
#2276 = DIRECTION('',(1.,-0.));
#2277 = ( GEOMETRIC_REPRESENTATION_CONTEXT(2) 
PARAMETRIC_REPRESENTATION_CONTEXT() REPRESENTATION_CONTEXT('2D SPACE',''
  ) );
#2278 = ADVANCED_FACE('',(#2279),#2046,.T.);
#2279 = FACE_BOUND('',#2280,.T.);
#2280 = EDGE_LOOP('',(#2281,#2304,#2305,#2306));
#2281 = ORIENTED_EDGE('',*,*,#2282,.F.);
#2282 = EDGE_CURVE('',#2003,#2283,#2285,.T.);
#2283 = VERTEX_POINT('',#2284);
#2284 = CARTESIAN_POINT('',(40.,24.,74.5));
#2285 = SURFACE_CURVE('',#2286,(#2290,#2297),.PCURVE_S1.);
#2286 = LINE('',#2287,#2288);
#2287 = CARTESIAN_POINT('',(-10.,24.,74.5));
#2288 = VECTOR('',#2289,1.);
#2289 = DIRECTION('',(1.,0.,0.));
#2290 = PCURVE('',#2046,#2291);
#2291 = DEFINITIONAL_REPRESENTATION('',(#2292),#2296);
#2292 = LINE('',#2293,#2294);
#2293 = CARTESIAN_POINT('',(0.,0.));
#2294 = VECTOR('',#2295,1.);
#2295 = DIRECTION('',(0.,1.));
#2296 = ( GEOMETRIC_REPRESENTATION_CONTEXT(2) 
PARAMETRIC_REPRESENTATION_CONTEXT() REPRESENTATION_CONTEXT('2D SPACE',''
  ) );
#2297 = PCURVE('',#2018,#2298);
#2298 = DEFINITIONAL_REPRESENTATION('',(#2299),#2303);
#2299 = LINE('',#2300,#2301);
#2300 = CARTESIAN_POINT('',(0.,42.));
#2301 = VECTOR('',#2302,1.);
#2302 = DIRECTION('',(1.,0.));
#2303 = ( GEOMETRIC_REPRESENTATION_CONTEXT(2) 
PARAMETRIC_REPRESENTATION_CONTEXT() REPRESENTATION_CONTEXT('2D SPACE',''
  ) );
#2304 = ORIENTED_EDGE('',*,*,#2030,.T.);
#2305 = ORIENTED_EDGE('',*,*,#2188,.T.);
#2306 = ORIENTED_EDGE('',*,*,#2307,.F.);
#2307 = EDGE_CURVE('',#2283,#2166,#2308,.T.);
#2308 = SURFACE_CURVE('',#2309,(#2313,#2320),.PCURVE_S1.);
#2309 = LINE('',#2310,#2311);
#2310 = CARTESIAN_POINT('',(40.,24.,74.5));
#2311 = VECTOR('',#2312,1.);
#2312 = DIRECTION('',(0.,0.,1.));
#2313 = PCURVE('',#2046,#2314);
#2314 = DEFINITIONAL_REPRESENTATION('',(#2315),#2319);
#2315 = LINE('',#2316,#2317);
#2316 = CARTESIAN_POINT('',(0.,50.));
#2317 = VECTOR('',#2318,1.);
#2318 = DIRECTION('',(1.,0.));
#2319 = ( GEOMETRIC_REPRESENTATION_CONTEXT(2) 
PARAMETRIC_REPRESENTATION_CONTEXT() REPRESENTATION_CONTEXT('2D SPACE',''
  ) );
#2320 = PCURVE('',#2148,#2321);
#2321 = DEFINITIONAL_REPRESENTATION('',(#2322),#2326);
#2322 = LINE('',#2323,#2324);
#2323 = CARTESIAN_POINT('',(0.,-42.));
#2324 = VECTOR('',#2325,1.);
#2325 = DIRECTION('',(1.,0.));
#2326 = ( GEOMETRIC_REPRESENTATION_CONTEXT(2) 
PARAMETRIC_REPRESENTATION_CONTEXT() REPRESENTATION_CONTEXT('2D SPACE',''
  ) );
#2327 = ADVANCED_FACE('',(#2328,#2354,#2384,#2414),#2018,.F.);
#2328 = FACE_BOUND('',#2329,.F.);
#2329 = EDGE_LOOP('',(#2330,#2331,#2332,#2353));
#2330 = ORIENTED_EDGE('',*,*,#2002,.F.);
#2331 = ORIENTED_EDGE('',*,*,#2087,.T.);
#2332 = ORIENTED_EDGE('',*,*,#2333,.T.);
#2333 = EDGE_CURVE('',#2088,#2283,#2334,.T.);
#2334 = SURFACE_CURVE('',#2335,(#2339,#2346),.PCURVE_S1.);
#2335 = LINE('',#2336,#2337);
#2336 = CARTESIAN_POINT('',(40.,-18.,74.5));
#2337 = VECTOR('',#2338,1.);
#2338 = DIRECTION('',(0.,1.,0.));
#2339 = PCURVE('',#2018,#2340);
#2340 = DEFINITIONAL_REPRESENTATION('',(#2341),#2345);
#2341 = LINE('',#2342,#2343);
#2342 = CARTESIAN_POINT('',(50.,0.));
#2343 = VECTOR('',#2344,1.);
#2344 = DIRECTION('',(0.,1.));
#2345 = ( GEOMETRIC_REPRESENTATION_CONTEXT(2) 
PARAMETRIC_REPRESENTATION_CONTEXT() REPRESENTATION_CONTEXT('2D SPACE',''
  ) );
#2346 = PCURVE('',#2148,#2347);
#2347 = DEFINITIONAL_REPRESENTATION('',(#2348),#2352);
#2348 = LINE('',#2349,#2350);
#2349 = CARTESIAN_POINT('',(0.,0.));
#2350 = VECTOR('',#2351,1.);
#2351 = DIRECTION('',(0.,-1.));
#2352 = ( GEOMETRIC_REPRESENTATION_CONTEXT(2) 
PARAMETRIC_REPRESENTATION_CONTEXT() REPRESENTATION_CONTEXT('2D SPACE',''
  ) );
#2353 = ORIENTED_EDGE('',*,*,#2282,.F.);
#2354 = FACE_BOUND('',#2355,.F.);
#2355 = EDGE_LOOP('',(#2356));
#2356 = ORIENTED_EDGE('',*,*,#2357,.T.);
#2357 = EDGE_CURVE('',#2358,#2358,#2360,.T.);
#2358 = VERTEX_POINT('',#2359);
#2359 = CARTESIAN_POINT('',(-0.9,0.,74.5));
#2360 = SURFACE_CURVE('',#2361,(#2366,#2377),.PCURVE_S1.);
#2361 = CIRCLE('',#2362,1.7);
#2362 = AXIS2_PLACEMENT_3D('',#2363,#2364,#2365);
#2363 = CARTESIAN_POINT('',(-2.6,0.,74.5));
#2364 = DIRECTION('',(0.,0.,-1.));
#2365 = DIRECTION('',(1.,0.,0.));
#2366 = PCURVE('',#2018,#2367);
#2367 = DEFINITIONAL_REPRESENTATION('',(#2368),#2376);
#2368 = ( BOUNDED_CURVE() B_SPLINE_CURVE(2,(#2369,#2370,#2371,#2372,
#2373,#2374,#2375),.UNSPECIFIED.,.T.,.F.) B_SPLINE_CURVE_WITH_KNOTS((1,2
    ,2,2,2,1),(-2.094395102393,0.,2.094395102393,4.188790204786,
6.28318530718,8.377580409573),.UNSPECIFIED.) CURVE() 
GEOMETRIC_REPRESENTATION_ITEM() RATIONAL_B_SPLINE_CURVE((1.,0.5,1.,0.5,
1.,0.5,1.)) REPRESENTATION_ITEM('') );
#2369 = CARTESIAN_POINT('',(9.1,18.));
#2370 = CARTESIAN_POINT('',(9.1,15.055513627133));
#2371 = CARTESIAN_POINT('',(6.55,16.527756813566));
#2372 = CARTESIAN_POINT('',(4.,18.));
#2373 = CARTESIAN_POINT('',(6.55,19.472243186434));
#2374 = CARTESIAN_POINT('',(9.1,20.944486372867));
#2375 = CARTESIAN_POINT('',(9.1,18.));
#2376 = ( GEOMETRIC_REPRESENTATION_CONTEXT(2) 
PARAMETRIC_REPRESENTATION_CONTEXT() REPRESENTATION_CONTEXT('2D SPACE',''
  ) );
#2377 = PCURVE('',#2232,#2378);
#2378 = DEFINITIONAL_REPRESENTATION('',(#2379),#2383);
#2379 = LINE('',#2380,#2381);
#2380 = CARTESIAN_POINT('',(-6.28318530718,-1.));
#2381 = VECTOR('',#2382,1.);
#2382 = DIRECTION('',(1.,-0.));
#2383 = ( GEOMETRIC_REPRESENTATION_CONTEXT(2) 
PARAMETRIC_REPRESENTATION_CONTEXT() REPRESENTATION_CONTEXT('2D SPACE',''
  ) );
#2384 = FACE_BOUND('',#2385,.F.);
#2385 = EDGE_LOOP('',(#2386));
#2386 = ORIENTED_EDGE('',*,*,#2387,.T.);
#2387 = EDGE_CURVE('',#2388,#2388,#2390,.T.);
#2388 = VERTEX_POINT('',#2389);
#2389 = CARTESIAN_POINT('',(34.3,0.,74.5));
#2390 = SURFACE_CURVE('',#2391,(#2396,#2407),.PCURVE_S1.);
#2391 = CIRCLE('',#2392,1.7);
#2392 = AXIS2_PLACEMENT_3D('',#2393,#2394,#2395);
#2393 = CARTESIAN_POINT('',(32.6,0.,74.5));
#2394 = DIRECTION('',(0.,0.,-1.));
#2395 = DIRECTION('',(1.,0.,0.));
#2396 = PCURVE('',#2018,#2397);
#2397 = DEFINITIONAL_REPRESENTATION('',(#2398),#2406);
#2398 = ( BOUNDED_CURVE() B_SPLINE_CURVE(2,(#2399,#2400,#2401,#2402,
#2403,#2404,#2405),.UNSPECIFIED.,.T.,.F.) B_SPLINE_CURVE_WITH_KNOTS((1,2
    ,2,2,2,1),(-2.094395102393,0.,2.094395102393,4.188790204786,
6.28318530718,8.377580409573),.UNSPECIFIED.) CURVE() 
GEOMETRIC_REPRESENTATION_ITEM() RATIONAL_B_SPLINE_CURVE((1.,0.5,1.,0.5,
1.,0.5,1.)) REPRESENTATION_ITEM('') );
#2399 = CARTESIAN_POINT('',(44.3,18.));
#2400 = CARTESIAN_POINT('',(44.3,15.055513627133));
#2401 = CARTESIAN_POINT('',(41.75,16.527756813566));
#2402 = CARTESIAN_POINT('',(39.2,18.));
#2403 = CARTESIAN_POINT('',(41.75,19.472243186434));
#2404 = CARTESIAN_POINT('',(44.3,20.944486372867));
#2405 = CARTESIAN_POINT('',(44.3,18.));
#2406 = ( GEOMETRIC_REPRESENTATION_CONTEXT(2) 
PARAMETRIC_REPRESENTATION_CONTEXT() REPRESENTATION_CONTEXT('2D SPACE',''
  ) );
#2407 = PCURVE('',#2267,#2408);
#2408 = DEFINITIONAL_REPRESENTATION('',(#2409),#2413);
#2409 = LINE('',#2410,#2411);
#2410 = CARTESIAN_POINT('',(-6.28318530718,-1.));
#2411 = VECTOR('',#2412,1.);
#2412 = DIRECTION('',(1.,-0.));
#2413 = ( GEOMETRIC_REPRESENTATION_CONTEXT(2) 
PARAMETRIC_REPRESENTATION_CONTEXT() REPRESENTATION_CONTEXT('2D SPACE',''
  ) );
#2414 = FACE_BOUND('',#2415,.F.);
#2415 = EDGE_LOOP('',(#2416,#2445,#2471,#2498));
#2416 = ORIENTED_EDGE('',*,*,#2417,.T.);
#2417 = EDGE_CURVE('',#2418,#2420,#2422,.T.);
#2418 = VERTEX_POINT('',#2419);
#2419 = CARTESIAN_POINT('',(5.,19.5,74.5));
#2420 = VERTEX_POINT('',#2421);
#2421 = CARTESIAN_POINT('',(-5.,19.5,74.5));
#2422 = SURFACE_CURVE('',#2423,(#2427,#2433),.PCURVE_S1.);
#2423 = LINE('',#2424,#2425);
#2424 = CARTESIAN_POINT('',(-7.5,19.5,74.5));
#2425 = VECTOR('',#2426,1.);
#2426 = DIRECTION('',(-1.,0.,0.));
#2427 = PCURVE('',#2018,#2428);
#2428 = DEFINITIONAL_REPRESENTATION('',(#2429),#2432);
#2429 = B_SPLINE_CURVE_WITH_KNOTS('',1,(#2430,#2431),.UNSPECIFIED.,.F.,
  .F.,(2,2),(-12.5,-2.5),.PIECEWISE_BEZIER_KNOTS.);
#2430 = CARTESIAN_POINT('',(15.,37.5));
#2431 = CARTESIAN_POINT('',(5.,37.5));
#2432 = ( GEOMETRIC_REPRESENTATION_CONTEXT(2) 
PARAMETRIC_REPRESENTATION_CONTEXT() REPRESENTATION_CONTEXT('2D SPACE',''
  ) );
#2433 = PCURVE('',#2434,#2439);
#2434 = PLANE('',#2435);
#2435 = AXIS2_PLACEMENT_3D('',#2436,#2437,#2438);
#2436 = CARTESIAN_POINT('',(-5.,19.5,60.));
#2437 = DIRECTION('',(0.,1.,0.));
#2438 = DIRECTION('',(0.,0.,1.));
#2439 = DEFINITIONAL_REPRESENTATION('',(#2440),#2444);
#2440 = LINE('',#2441,#2442);
#2441 = CARTESIAN_POINT('',(14.5,-2.5));
#2442 = VECTOR('',#2443,1.);
#2443 = DIRECTION('',(0.,-1.));
#2444 = ( GEOMETRIC_REPRESENTATION_CONTEXT(2) 
PARAMETRIC_REPRESENTATION_CONTEXT() REPRESENTATION_CONTEXT('2D SPACE',''
  ) );
#2445 = ORIENTED_EDGE('',*,*,#2446,.T.);
#2446 = EDGE_CURVE('',#2420,#2447,#2449,.T.);
#2447 = VERTEX_POINT('',#2448);
#2448 = CARTESIAN_POINT('',(-5.,22.5,74.5));
#2449 = SURFACE_CURVE('',#2450,(#2454,#2460),.PCURVE_S1.);
#2450 = LINE('',#2451,#2452);
#2451 = CARTESIAN_POINT('',(-5.,0.75,74.5));
#2452 = VECTOR('',#2453,1.);
#2453 = DIRECTION('',(0.,1.,0.));
#2454 = PCURVE('',#2018,#2455);
#2455 = DEFINITIONAL_REPRESENTATION('',(#2456),#2459);
#2456 = B_SPLINE_CURVE_WITH_KNOTS('',1,(#2457,#2458),.UNSPECIFIED.,.F.,
  .F.,(2,2),(18.75,21.75),.PIECEWISE_BEZIER_KNOTS.);
#2457 = CARTESIAN_POINT('',(5.,37.5));
#2458 = CARTESIAN_POINT('',(5.,40.5));
#2459 = ( GEOMETRIC_REPRESENTATION_CONTEXT(2) 
PARAMETRIC_REPRESENTATION_CONTEXT() REPRESENTATION_CONTEXT('2D SPACE',''
  ) );
#2460 = PCURVE('',#2461,#2466);
#2461 = PLANE('',#2462);
#2462 = AXIS2_PLACEMENT_3D('',#2463,#2464,#2465);
#2463 = CARTESIAN_POINT('',(-5.,19.5,60.));
#2464 = DIRECTION('',(1.,0.,0.));
#2465 = DIRECTION('',(0.,0.,1.));
#2466 = DEFINITIONAL_REPRESENTATION('',(#2467),#2470);
#2467 = B_SPLINE_CURVE_WITH_KNOTS('',1,(#2468,#2469),.UNSPECIFIED.,.F.,
  .F.,(2,2),(18.75,21.75),.PIECEWISE_BEZIER_KNOTS.);
#2468 = CARTESIAN_POINT('',(14.5,0.));
#2469 = CARTESIAN_POINT('',(14.5,-3.));
#2470 = ( GEOMETRIC_REPRESENTATION_CONTEXT(2) 
PARAMETRIC_REPRESENTATION_CONTEXT() REPRESENTATION_CONTEXT('2D SPACE',''
  ) );
#2471 = ORIENTED_EDGE('',*,*,#2472,.F.);
#2472 = EDGE_CURVE('',#2473,#2447,#2475,.T.);
#2473 = VERTEX_POINT('',#2474);
#2474 = CARTESIAN_POINT('',(5.,22.5,74.5));
#2475 = SURFACE_CURVE('',#2476,(#2480,#2486),.PCURVE_S1.);
#2476 = LINE('',#2477,#2478);
#2477 = CARTESIAN_POINT('',(-7.5,22.5,74.5));
#2478 = VECTOR('',#2479,1.);
#2479 = DIRECTION('',(-1.,0.,0.));
#2480 = PCURVE('',#2018,#2481);
#2481 = DEFINITIONAL_REPRESENTATION('',(#2482),#2485);
#2482 = B_SPLINE_CURVE_WITH_KNOTS('',1,(#2483,#2484),.UNSPECIFIED.,.F.,
  .F.,(2,2),(-12.5,-2.5),.PIECEWISE_BEZIER_KNOTS.);
#2483 = CARTESIAN_POINT('',(15.,40.5));
#2484 = CARTESIAN_POINT('',(5.,40.5));
#2485 = ( GEOMETRIC_REPRESENTATION_CONTEXT(2) 
PARAMETRIC_REPRESENTATION_CONTEXT() REPRESENTATION_CONTEXT('2D SPACE',''
  ) );
#2486 = PCURVE('',#2487,#2492);
#2487 = PLANE('',#2488);
#2488 = AXIS2_PLACEMENT_3D('',#2489,#2490,#2491);
#2489 = CARTESIAN_POINT('',(-5.,22.5,60.));
#2490 = DIRECTION('',(0.,1.,0.));
#2491 = DIRECTION('',(0.,0.,1.));
#2492 = DEFINITIONAL_REPRESENTATION('',(#2493),#2497);
#2493 = LINE('',#2494,#2495);
#2494 = CARTESIAN_POINT('',(14.5,-2.5));
#2495 = VECTOR('',#2496,1.);
#2496 = DIRECTION('',(0.,-1.));
#2497 = ( GEOMETRIC_REPRESENTATION_CONTEXT(2) 
PARAMETRIC_REPRESENTATION_CONTEXT() REPRESENTATION_CONTEXT('2D SPACE',''
  ) );
#2498 = ORIENTED_EDGE('',*,*,#2499,.F.);
#2499 = EDGE_CURVE('',#2418,#2473,#2500,.T.);
#2500 = SURFACE_CURVE('',#2501,(#2505,#2511),.PCURVE_S1.);
#2501 = LINE('',#2502,#2503);
#2502 = CARTESIAN_POINT('',(5.,0.75,74.5));
#2503 = VECTOR('',#2504,1.);
#2504 = DIRECTION('',(0.,1.,0.));
#2505 = PCURVE('',#2018,#2506);
#2506 = DEFINITIONAL_REPRESENTATION('',(#2507),#2510);
#2507 = B_SPLINE_CURVE_WITH_KNOTS('',1,(#2508,#2509),.UNSPECIFIED.,.F.,
  .F.,(2,2),(18.75,21.75),.PIECEWISE_BEZIER_KNOTS.);
#2508 = CARTESIAN_POINT('',(15.,37.5));
#2509 = CARTESIAN_POINT('',(15.,40.5));
#2510 = ( GEOMETRIC_REPRESENTATION_CONTEXT(2) 
PARAMETRIC_REPRESENTATION_CONTEXT() REPRESENTATION_CONTEXT('2D SPACE',''
  ) );
#2511 = PCURVE('',#2512,#2517);
#2512 = PLANE('',#2513);
#2513 = AXIS2_PLACEMENT_3D('',#2514,#2515,#2516);
#2514 = CARTESIAN_POINT('',(5.,19.5,60.));
#2515 = DIRECTION('',(1.,0.,0.));
#2516 = DIRECTION('',(0.,0.,1.));
#2517 = DEFINITIONAL_REPRESENTATION('',(#2518),#2521);
#2518 = B_SPLINE_CURVE_WITH_KNOTS('',1,(#2519,#2520),.UNSPECIFIED.,.F.,
  .F.,(2,2),(18.75,21.75),.PIECEWISE_BEZIER_KNOTS.);
#2519 = CARTESIAN_POINT('',(14.5,0.));
#2520 = CARTESIAN_POINT('',(14.5,-3.));
#2521 = ( GEOMETRIC_REPRESENTATION_CONTEXT(2) 
PARAMETRIC_REPRESENTATION_CONTEXT() REPRESENTATION_CONTEXT('2D SPACE',''
  ) );
#2522 = ADVANCED_FACE('',(#2523),#2148,.T.);
#2523 = FACE_BOUND('',#2524,.T.);
#2524 = EDGE_LOOP('',(#2525,#2526,#2527,#2528));
#2525 = ORIENTED_EDGE('',*,*,#2134,.F.);
#2526 = ORIENTED_EDGE('',*,*,#2333,.T.);
#2527 = ORIENTED_EDGE('',*,*,#2307,.T.);
#2528 = ORIENTED_EDGE('',*,*,#2165,.F.);
#2529 = ADVANCED_FACE('',(#2530),#2232,.F.);
#2530 = FACE_BOUND('',#2531,.T.);
#2531 = EDGE_LOOP('',(#2532,#2533,#2554,#2555));
#2532 = ORIENTED_EDGE('',*,*,#2357,.T.);
#2533 = ORIENTED_EDGE('',*,*,#2534,.T.);
#2534 = EDGE_CURVE('',#2358,#2212,#2535,.T.);
#2535 = SEAM_CURVE('',#2536,(#2540,#2547),.PCURVE_S1.);
#2536 = LINE('',#2537,#2538);
#2537 = CARTESIAN_POINT('',(-0.9,0.,73.5));
#2538 = VECTOR('',#2539,1.);
#2539 = DIRECTION('',(0.,0.,1.));
#2540 = PCURVE('',#2232,#2541);
#2541 = DEFINITIONAL_REPRESENTATION('',(#2542),#2546);
#2542 = LINE('',#2543,#2544);
#2543 = CARTESIAN_POINT('',(-6.28318530718,0.));
#2544 = VECTOR('',#2545,1.);
#2545 = DIRECTION('',(-0.,-1.));
#2546 = ( GEOMETRIC_REPRESENTATION_CONTEXT(2) 
PARAMETRIC_REPRESENTATION_CONTEXT() REPRESENTATION_CONTEXT('2D SPACE',''
  ) );
#2547 = PCURVE('',#2232,#2548);
#2548 = DEFINITIONAL_REPRESENTATION('',(#2549),#2553);
#2549 = LINE('',#2550,#2551);
#2550 = CARTESIAN_POINT('',(-0.,0.));
#2551 = VECTOR('',#2552,1.);
#2552 = DIRECTION('',(-0.,-1.));
#2553 = ( GEOMETRIC_REPRESENTATION_CONTEXT(2) 
PARAMETRIC_REPRESENTATION_CONTEXT() REPRESENTATION_CONTEXT('2D SPACE',''
  ) );
#2554 = ORIENTED_EDGE('',*,*,#2211,.F.);
#2555 = ORIENTED_EDGE('',*,*,#2534,.F.);
#2556 = ADVANCED_FACE('',(#2557),#2267,.F.);
#2557 = FACE_BOUND('',#2558,.T.);
#2558 = EDGE_LOOP('',(#2559,#2560,#2581,#2582));
#2559 = ORIENTED_EDGE('',*,*,#2387,.T.);
#2560 = ORIENTED_EDGE('',*,*,#2561,.T.);
#2561 = EDGE_CURVE('',#2388,#2247,#2562,.T.);
#2562 = SEAM_CURVE('',#2563,(#2567,#2574),.PCURVE_S1.);
#2563 = LINE('',#2564,#2565);
#2564 = CARTESIAN_POINT('',(34.3,0.,73.5));
#2565 = VECTOR('',#2566,1.);
#2566 = DIRECTION('',(0.,0.,1.));
#2567 = PCURVE('',#2267,#2568);
#2568 = DEFINITIONAL_REPRESENTATION('',(#2569),#2573);
#2569 = LINE('',#2570,#2571);
#2570 = CARTESIAN_POINT('',(-6.28318530718,0.));
#2571 = VECTOR('',#2572,1.);
#2572 = DIRECTION('',(-0.,-1.));
#2573 = ( GEOMETRIC_REPRESENTATION_CONTEXT(2) 
PARAMETRIC_REPRESENTATION_CONTEXT() REPRESENTATION_CONTEXT('2D SPACE',''
  ) );
#2574 = PCURVE('',#2267,#2575);
#2575 = DEFINITIONAL_REPRESENTATION('',(#2576),#2580);
#2576 = LINE('',#2577,#2578);
#2577 = CARTESIAN_POINT('',(-0.,0.));
#2578 = VECTOR('',#2579,1.);
#2579 = DIRECTION('',(-0.,-1.));
#2580 = ( GEOMETRIC_REPRESENTATION_CONTEXT(2) 
PARAMETRIC_REPRESENTATION_CONTEXT() REPRESENTATION_CONTEXT('2D SPACE',''
  ) );
#2581 = ORIENTED_EDGE('',*,*,#2246,.F.);
#2582 = ORIENTED_EDGE('',*,*,#2561,.F.);
#2583 = ADVANCED_FACE('',(#2584),#2434,.F.);
#2584 = FACE_BOUND('',#2585,.F.);
#2585 = EDGE_LOOP('',(#2586,#2609,#2642,#2663));
#2586 = ORIENTED_EDGE('',*,*,#2587,.F.);
#2587 = EDGE_CURVE('',#2588,#2418,#2590,.T.);
#2588 = VERTEX_POINT('',#2589);
#2589 = CARTESIAN_POINT('',(5.,19.5,68.660254037845));
#2590 = SURFACE_CURVE('',#2591,(#2595,#2602),.PCURVE_S1.);
#2591 = LINE('',#2592,#2593);
#2592 = CARTESIAN_POINT('',(5.,19.5,60.));
#2593 = VECTOR('',#2594,1.);
#2594 = DIRECTION('',(0.,0.,1.));
#2595 = PCURVE('',#2434,#2596);
#2596 = DEFINITIONAL_REPRESENTATION('',(#2597),#2601);
#2597 = LINE('',#2598,#2599);
#2598 = CARTESIAN_POINT('',(0.,10.));
#2599 = VECTOR('',#2600,1.);
#2600 = DIRECTION('',(1.,0.));
#2601 = ( GEOMETRIC_REPRESENTATION_CONTEXT(2) 
PARAMETRIC_REPRESENTATION_CONTEXT() REPRESENTATION_CONTEXT('2D SPACE',''
  ) );
#2602 = PCURVE('',#2512,#2603);
#2603 = DEFINITIONAL_REPRESENTATION('',(#2604),#2608);
#2604 = LINE('',#2605,#2606);
#2605 = CARTESIAN_POINT('',(0.,0.));
#2606 = VECTOR('',#2607,1.);
#2607 = DIRECTION('',(1.,0.));
#2608 = ( GEOMETRIC_REPRESENTATION_CONTEXT(2) 
PARAMETRIC_REPRESENTATION_CONTEXT() REPRESENTATION_CONTEXT('2D SPACE',''
  ) );
#2609 = ORIENTED_EDGE('',*,*,#2610,.F.);
#2610 = EDGE_CURVE('',#2611,#2588,#2613,.T.);
#2611 = VERTEX_POINT('',#2612);
#2612 = CARTESIAN_POINT('',(-5.,19.5,68.660254037845));
#2613 = SURFACE_CURVE('',#2614,(#2619,#2630),.PCURVE_S1.);
#2614 = CIRCLE('',#2615,10.);
#2615 = AXIS2_PLACEMENT_3D('',#2616,#2617,#2618);
#2616 = CARTESIAN_POINT('',(0.,19.5,60.));
#2617 = DIRECTION('',(-0.,-1.,0.));
#2618 = DIRECTION('',(-0.5,0.,0.866025403784));
#2619 = PCURVE('',#2434,#2620);
#2620 = DEFINITIONAL_REPRESENTATION('',(#2621),#2629);
#2621 = ( BOUNDED_CURVE() B_SPLINE_CURVE(2,(#2622,#2623,#2624,#2625,
#2626,#2627,#2628),.UNSPECIFIED.,.T.,.F.) B_SPLINE_CURVE_WITH_KNOTS((1,2
    ,2,2,2,1),(-2.094395102393,0.,2.094395102393,4.188790204786,
6.28318530718,8.377580409573),.UNSPECIFIED.) CURVE() 
GEOMETRIC_REPRESENTATION_ITEM() RATIONAL_B_SPLINE_CURVE((1.,0.5,1.,0.5,
1.,0.5,1.)) REPRESENTATION_ITEM('') );
#2622 = CARTESIAN_POINT('',(8.660254037844,1.323385845353E-13));
#2623 = CARTESIAN_POINT('',(3.126388037344E-13,-15.));
#2624 = CARTESIAN_POINT('',(-8.660254037844,-1.394440118929E-13));
#2625 = CARTESIAN_POINT('',(-17.32050807568,15.));
#2626 = CARTESIAN_POINT('',(-1.607602939657E-13,15.));
#2627 = CARTESIAN_POINT('',(17.320508075689,15.));
#2628 = CARTESIAN_POINT('',(8.660254037844,1.323385845353E-13));
#2629 = ( GEOMETRIC_REPRESENTATION_CONTEXT(2) 
PARAMETRIC_REPRESENTATION_CONTEXT() REPRESENTATION_CONTEXT('2D SPACE',''
  ) );
#2630 = PCURVE('',#2631,#2636);
#2631 = CYLINDRICAL_SURFACE('',#2632,10.);
#2632 = AXIS2_PLACEMENT_3D('',#2633,#2634,#2635);
#2633 = CARTESIAN_POINT('',(0.,21.,60.));
#2634 = DIRECTION('',(0.,-1.,0.));
#2635 = DIRECTION('',(1.,0.,0.));
#2636 = DEFINITIONAL_REPRESENTATION('',(#2637),#2641);
#2637 = LINE('',#2638,#2639);
#2638 = CARTESIAN_POINT('',(2.094395102393,1.5));
#2639 = VECTOR('',#2640,1.);
#2640 = DIRECTION('',(1.,-0.));
#2641 = ( GEOMETRIC_REPRESENTATION_CONTEXT(2) 
PARAMETRIC_REPRESENTATION_CONTEXT() REPRESENTATION_CONTEXT('2D SPACE',''
  ) );
#2642 = ORIENTED_EDGE('',*,*,#2643,.T.);
#2643 = EDGE_CURVE('',#2611,#2420,#2644,.T.);
#2644 = SURFACE_CURVE('',#2645,(#2649,#2656),.PCURVE_S1.);
#2645 = LINE('',#2646,#2647);
#2646 = CARTESIAN_POINT('',(-5.,19.5,60.));
#2647 = VECTOR('',#2648,1.);
#2648 = DIRECTION('',(0.,0.,1.));
#2649 = PCURVE('',#2434,#2650);
#2650 = DEFINITIONAL_REPRESENTATION('',(#2651),#2655);
#2651 = LINE('',#2652,#2653);
#2652 = CARTESIAN_POINT('',(0.,0.));
#2653 = VECTOR('',#2654,1.);
#2654 = DIRECTION('',(1.,0.));
#2655 = ( GEOMETRIC_REPRESENTATION_CONTEXT(2) 
PARAMETRIC_REPRESENTATION_CONTEXT() REPRESENTATION_CONTEXT('2D SPACE',''
  ) );
#2656 = PCURVE('',#2461,#2657);
#2657 = DEFINITIONAL_REPRESENTATION('',(#2658),#2662);
#2658 = LINE('',#2659,#2660);
#2659 = CARTESIAN_POINT('',(0.,0.));
#2660 = VECTOR('',#2661,1.);
#2661 = DIRECTION('',(1.,0.));
#2662 = ( GEOMETRIC_REPRESENTATION_CONTEXT(2) 
PARAMETRIC_REPRESENTATION_CONTEXT() REPRESENTATION_CONTEXT('2D SPACE',''
  ) );
#2663 = ORIENTED_EDGE('',*,*,#2417,.F.);
#2664 = ADVANCED_FACE('',(#2665),#2512,.T.);
#2665 = FACE_BOUND('',#2666,.T.);
#2666 = EDGE_LOOP('',(#2667,#2668,#2691,#2712));
#2667 = ORIENTED_EDGE('',*,*,#2587,.F.);
#2668 = ORIENTED_EDGE('',*,*,#2669,.T.);
#2669 = EDGE_CURVE('',#2588,#2670,#2672,.T.);
#2670 = VERTEX_POINT('',#2671);
#2671 = CARTESIAN_POINT('',(5.,22.5,68.660254037845));
#2672 = SURFACE_CURVE('',#2673,(#2677,#2684),.PCURVE_S1.);
#2673 = LINE('',#2674,#2675);
#2674 = CARTESIAN_POINT('',(5.,19.5,68.660254037845));
#2675 = VECTOR('',#2676,1.);
#2676 = DIRECTION('',(0.,1.,0.));
#2677 = PCURVE('',#2512,#2678);
#2678 = DEFINITIONAL_REPRESENTATION('',(#2679),#2683);
#2679 = LINE('',#2680,#2681);
#2680 = CARTESIAN_POINT('',(8.660254037845,0.));
#2681 = VECTOR('',#2682,1.);
#2682 = DIRECTION('',(0.,-1.));
#2683 = ( GEOMETRIC_REPRESENTATION_CONTEXT(2) 
PARAMETRIC_REPRESENTATION_CONTEXT() REPRESENTATION_CONTEXT('2D SPACE',''
  ) );
#2684 = PCURVE('',#2631,#2685);
#2685 = DEFINITIONAL_REPRESENTATION('',(#2686),#2690);
#2686 = LINE('',#2687,#2688);
#2687 = CARTESIAN_POINT('',(7.330382858376,1.5));
#2688 = VECTOR('',#2689,1.);
#2689 = DIRECTION('',(0.,-1.));
#2690 = ( GEOMETRIC_REPRESENTATION_CONTEXT(2) 
PARAMETRIC_REPRESENTATION_CONTEXT() REPRESENTATION_CONTEXT('2D SPACE',''
  ) );
#2691 = ORIENTED_EDGE('',*,*,#2692,.T.);
#2692 = EDGE_CURVE('',#2670,#2473,#2693,.T.);
#2693 = SURFACE_CURVE('',#2694,(#2698,#2705),.PCURVE_S1.);
#2694 = LINE('',#2695,#2696);
#2695 = CARTESIAN_POINT('',(5.,22.5,60.));
#2696 = VECTOR('',#2697,1.);
#2697 = DIRECTION('',(0.,0.,1.));
#2698 = PCURVE('',#2512,#2699);
#2699 = DEFINITIONAL_REPRESENTATION('',(#2700),#2704);
#2700 = LINE('',#2701,#2702);
#2701 = CARTESIAN_POINT('',(0.,-3.));
#2702 = VECTOR('',#2703,1.);
#2703 = DIRECTION('',(1.,0.));
#2704 = ( GEOMETRIC_REPRESENTATION_CONTEXT(2) 
PARAMETRIC_REPRESENTATION_CONTEXT() REPRESENTATION_CONTEXT('2D SPACE',''
  ) );
#2705 = PCURVE('',#2487,#2706);
#2706 = DEFINITIONAL_REPRESENTATION('',(#2707),#2711);
#2707 = LINE('',#2708,#2709);
#2708 = CARTESIAN_POINT('',(0.,10.));
#2709 = VECTOR('',#2710,1.);
#2710 = DIRECTION('',(1.,0.));
#2711 = ( GEOMETRIC_REPRESENTATION_CONTEXT(2) 
PARAMETRIC_REPRESENTATION_CONTEXT() REPRESENTATION_CONTEXT('2D SPACE',''
  ) );
#2712 = ORIENTED_EDGE('',*,*,#2499,.F.);
#2713 = ADVANCED_FACE('',(#2714),#2461,.F.);
#2714 = FACE_BOUND('',#2715,.F.);
#2715 = EDGE_LOOP('',(#2716,#2717,#2740,#2761));
#2716 = ORIENTED_EDGE('',*,*,#2643,.F.);
#2717 = ORIENTED_EDGE('',*,*,#2718,.F.);
#2718 = EDGE_CURVE('',#2719,#2611,#2721,.T.);
#2719 = VERTEX_POINT('',#2720);
#2720 = CARTESIAN_POINT('',(-5.,22.5,68.660254037845));
#2721 = SURFACE_CURVE('',#2722,(#2726,#2733),.PCURVE_S1.);
#2722 = LINE('',#2723,#2724);
#2723 = CARTESIAN_POINT('',(-5.,22.5,68.660254037845));
#2724 = VECTOR('',#2725,1.);
#2725 = DIRECTION('',(0.,-1.,0.));
#2726 = PCURVE('',#2461,#2727);
#2727 = DEFINITIONAL_REPRESENTATION('',(#2728),#2732);
#2728 = LINE('',#2729,#2730);
#2729 = CARTESIAN_POINT('',(8.660254037845,-3.));
#2730 = VECTOR('',#2731,1.);
#2731 = DIRECTION('',(0.,1.));
#2732 = ( GEOMETRIC_REPRESENTATION_CONTEXT(2) 
PARAMETRIC_REPRESENTATION_CONTEXT() REPRESENTATION_CONTEXT('2D SPACE',''
  ) );
#2733 = PCURVE('',#2631,#2734);
#2734 = DEFINITIONAL_REPRESENTATION('',(#2735),#2739);
#2735 = LINE('',#2736,#2737);
#2736 = CARTESIAN_POINT('',(2.094395102393,-1.5));
#2737 = VECTOR('',#2738,1.);
#2738 = DIRECTION('',(0.,1.));
#2739 = ( GEOMETRIC_REPRESENTATION_CONTEXT(2) 
PARAMETRIC_REPRESENTATION_CONTEXT() REPRESENTATION_CONTEXT('2D SPACE',''
  ) );
#2740 = ORIENTED_EDGE('',*,*,#2741,.T.);
#2741 = EDGE_CURVE('',#2719,#2447,#2742,.T.);
#2742 = SURFACE_CURVE('',#2743,(#2747,#2754),.PCURVE_S1.);
#2743 = LINE('',#2744,#2745);
#2744 = CARTESIAN_POINT('',(-5.,22.5,60.));
#2745 = VECTOR('',#2746,1.);
#2746 = DIRECTION('',(0.,0.,1.));
#2747 = PCURVE('',#2461,#2748);
#2748 = DEFINITIONAL_REPRESENTATION('',(#2749),#2753);
#2749 = LINE('',#2750,#2751);
#2750 = CARTESIAN_POINT('',(0.,-3.));
#2751 = VECTOR('',#2752,1.);
#2752 = DIRECTION('',(1.,0.));
#2753 = ( GEOMETRIC_REPRESENTATION_CONTEXT(2) 
PARAMETRIC_REPRESENTATION_CONTEXT() REPRESENTATION_CONTEXT('2D SPACE',''
  ) );
#2754 = PCURVE('',#2487,#2755);
#2755 = DEFINITIONAL_REPRESENTATION('',(#2756),#2760);
#2756 = LINE('',#2757,#2758);
#2757 = CARTESIAN_POINT('',(0.,0.));
#2758 = VECTOR('',#2759,1.);
#2759 = DIRECTION('',(1.,0.));
#2760 = ( GEOMETRIC_REPRESENTATION_CONTEXT(2) 
PARAMETRIC_REPRESENTATION_CONTEXT() REPRESENTATION_CONTEXT('2D SPACE',''
  ) );
#2761 = ORIENTED_EDGE('',*,*,#2446,.F.);
#2762 = ADVANCED_FACE('',(#2763),#2487,.T.);
#2763 = FACE_BOUND('',#2764,.T.);
#2764 = EDGE_LOOP('',(#2765,#2766,#2788,#2789));
#2765 = ORIENTED_EDGE('',*,*,#2692,.F.);
#2766 = ORIENTED_EDGE('',*,*,#2767,.T.);
#2767 = EDGE_CURVE('',#2670,#2719,#2768,.T.);
#2768 = SURFACE_CURVE('',#2769,(#2774,#2781),.PCURVE_S1.);
#2769 = CIRCLE('',#2770,10.);
#2770 = AXIS2_PLACEMENT_3D('',#2771,#2772,#2773);
#2771 = CARTESIAN_POINT('',(0.,22.5,60.));
#2772 = DIRECTION('',(0.,1.,0.));
#2773 = DIRECTION('',(0.5,-0.,0.866025403784));
#2774 = PCURVE('',#2487,#2775);
#2775 = DEFINITIONAL_REPRESENTATION('',(#2776),#2780);
#2776 = CIRCLE('',#2777,10.);
#2777 = AXIS2_PLACEMENT_2D('',#2778,#2779);
#2778 = CARTESIAN_POINT('',(0.,5.));
#2779 = DIRECTION('',(0.866025403784,0.5));
#2780 = ( GEOMETRIC_REPRESENTATION_CONTEXT(2) 
PARAMETRIC_REPRESENTATION_CONTEXT() REPRESENTATION_CONTEXT('2D SPACE',''
  ) );
#2781 = PCURVE('',#2631,#2782);
#2782 = DEFINITIONAL_REPRESENTATION('',(#2783),#2787);
#2783 = LINE('',#2784,#2785);
#2784 = CARTESIAN_POINT('',(7.330382858376,-1.5));
#2785 = VECTOR('',#2786,1.);
#2786 = DIRECTION('',(-1.,-0.));
#2787 = ( GEOMETRIC_REPRESENTATION_CONTEXT(2) 
PARAMETRIC_REPRESENTATION_CONTEXT() REPRESENTATION_CONTEXT('2D SPACE',''
  ) );
#2788 = ORIENTED_EDGE('',*,*,#2741,.T.);
#2789 = ORIENTED_EDGE('',*,*,#2472,.F.);
#2790 = ADVANCED_FACE('',(#2791),#2631,.T.);
#2791 = FACE_BOUND('',#2792,.T.);
#2792 = EDGE_LOOP('',(#2793,#2794,#2795,#2796));
#2793 = ORIENTED_EDGE('',*,*,#2669,.F.);
#2794 = ORIENTED_EDGE('',*,*,#2610,.F.);
#2795 = ORIENTED_EDGE('',*,*,#2718,.F.);
#2796 = ORIENTED_EDGE('',*,*,#2767,.F.);
#2797 = ( GEOMETRIC_REPRESENTATION_CONTEXT(3) 
GLOBAL_UNCERTAINTY_ASSIGNED_CONTEXT((#2801)) 
GLOBAL_UNIT_ASSIGNED_CONTEXT((#2798,#2799,#2800)) REPRESENTATION_CONTEXT
('Context #1','3D Context with UNIT and UNCERTAINTY') );
#2798 = ( LENGTH_UNIT() NAMED_UNIT(*) SI_UNIT(.MILLI.,.METRE.) );
#2799 = ( NAMED_UNIT(*) PLANE_ANGLE_UNIT() SI_UNIT($,.RADIAN.) );
#2800 = ( NAMED_UNIT(*) SI_UNIT($,.STERADIAN.) SOLID_ANGLE_UNIT() );
#2801 = UNCERTAINTY_MEASURE_WITH_UNIT(LENGTH_MEASURE(1.E-07),#2798,
  'distance_accuracy_value','confusion accuracy');
#2802 = CONTEXT_DEPENDENT_SHAPE_REPRESENTATION(#2803,#2805);
#2803 = ( REPRESENTATION_RELATIONSHIP('','',#1960,#10) 
REPRESENTATION_RELATIONSHIP_WITH_TRANSFORMATION(#2804) 
SHAPE_REPRESENTATION_RELATIONSHIP() );
#2804 = ITEM_DEFINED_TRANSFORMATION('','',#11,#19);
#2805 = PRODUCT_DEFINITION_SHAPE('Placement','Placement of an item',
  #2806);
#2806 = NEXT_ASSEMBLY_USAGE_OCCURRENCE('2','pitch-carrier-draft','',#5,
  #1955,$);
#2807 = PRODUCT_RELATED_PRODUCT_CATEGORY('part',$,(#1957));
#2808 = SHAPE_DEFINITION_REPRESENTATION(#2809,#2815);
#2809 = PRODUCT_DEFINITION_SHAPE('','',#2810);
#2810 = PRODUCT_DEFINITION('design','',#2811,#2814);
#2811 = PRODUCT_DEFINITION_FORMATION('','',#2812);
#2812 = PRODUCT('carrier-fixture-plate','carrier-fixture-plate','',(
    #2813));
#2813 = PRODUCT_CONTEXT('',#2,'mechanical');
#2814 = PRODUCT_DEFINITION_CONTEXT('part definition',#2,'design');
#2815 = ADVANCED_BREP_SHAPE_REPRESENTATION('',(#11,#2816),#3698);
#2816 = MANIFOLD_SOLID_BREP('',#2817);
#2817 = CLOSED_SHELL('',(#2818,#2938,#3014,#3273,#3322,#3529,#3536,#3563
    ,#3590,#3617,#3644,#3671));
#2818 = ADVANCED_FACE('',(#2819),#2833,.F.);
#2819 = FACE_BOUND('',#2820,.F.);
#2820 = EDGE_LOOP('',(#2821,#2856,#2884,#2912));
#2821 = ORIENTED_EDGE('',*,*,#2822,.F.);
#2822 = EDGE_CURVE('',#2823,#2825,#2827,.T.);
#2823 = VERTEX_POINT('',#2824);
#2824 = CARTESIAN_POINT('',(-50.,-40.,0.));
#2825 = VERTEX_POINT('',#2826);
#2826 = CARTESIAN_POINT('',(-50.,-40.,4.));
#2827 = SURFACE_CURVE('',#2828,(#2832,#2844),.PCURVE_S1.);
#2828 = LINE('',#2829,#2830);
#2829 = CARTESIAN_POINT('',(-50.,-40.,0.));
#2830 = VECTOR('',#2831,1.);
#2831 = DIRECTION('',(0.,0.,1.));
#2832 = PCURVE('',#2833,#2838);
#2833 = PLANE('',#2834);
#2834 = AXIS2_PLACEMENT_3D('',#2835,#2836,#2837);
#2835 = CARTESIAN_POINT('',(-50.,-40.,0.));
#2836 = DIRECTION('',(1.,0.,0.));
#2837 = DIRECTION('',(0.,0.,1.));
#2838 = DEFINITIONAL_REPRESENTATION('',(#2839),#2843);
#2839 = LINE('',#2840,#2841);
#2840 = CARTESIAN_POINT('',(0.,0.));
#2841 = VECTOR('',#2842,1.);
#2842 = DIRECTION('',(1.,0.));
#2843 = ( GEOMETRIC_REPRESENTATION_CONTEXT(2) 
PARAMETRIC_REPRESENTATION_CONTEXT() REPRESENTATION_CONTEXT('2D SPACE',''
  ) );
#2844 = PCURVE('',#2845,#2850);
#2845 = PLANE('',#2846);
#2846 = AXIS2_PLACEMENT_3D('',#2847,#2848,#2849);
#2847 = CARTESIAN_POINT('',(-50.,-40.,0.));
#2848 = DIRECTION('',(0.,1.,0.));
#2849 = DIRECTION('',(0.,-0.,1.));
#2850 = DEFINITIONAL_REPRESENTATION('',(#2851),#2855);
#2851 = LINE('',#2852,#2853);
#2852 = CARTESIAN_POINT('',(0.,0.));
#2853 = VECTOR('',#2854,1.);
#2854 = DIRECTION('',(1.,0.));
#2855 = ( GEOMETRIC_REPRESENTATION_CONTEXT(2) 
PARAMETRIC_REPRESENTATION_CONTEXT() REPRESENTATION_CONTEXT('2D SPACE',''
  ) );
#2856 = ORIENTED_EDGE('',*,*,#2857,.T.);
#2857 = EDGE_CURVE('',#2823,#2858,#2860,.T.);
#2858 = VERTEX_POINT('',#2859);
#2859 = CARTESIAN_POINT('',(-50.,40.,0.));
#2860 = SURFACE_CURVE('',#2861,(#2865,#2872),.PCURVE_S1.);
#2861 = LINE('',#2862,#2863);
#2862 = CARTESIAN_POINT('',(-50.,-40.,0.));
#2863 = VECTOR('',#2864,1.);
#2864 = DIRECTION('',(0.,1.,0.));
#2865 = PCURVE('',#2833,#2866);
#2866 = DEFINITIONAL_REPRESENTATION('',(#2867),#2871);
#2867 = LINE('',#2868,#2869);
#2868 = CARTESIAN_POINT('',(0.,0.));
#2869 = VECTOR('',#2870,1.);
#2870 = DIRECTION('',(0.,-1.));
#2871 = ( GEOMETRIC_REPRESENTATION_CONTEXT(2) 
PARAMETRIC_REPRESENTATION_CONTEXT() REPRESENTATION_CONTEXT('2D SPACE',''
  ) );
#2872 = PCURVE('',#2873,#2878);
#2873 = PLANE('',#2874);
#2874 = AXIS2_PLACEMENT_3D('',#2875,#2876,#2877);
#2875 = CARTESIAN_POINT('',(-50.,-40.,0.));
#2876 = DIRECTION('',(0.,0.,1.));
#2877 = DIRECTION('',(1.,0.,-0.));
#2878 = DEFINITIONAL_REPRESENTATION('',(#2879),#2883);
#2879 = LINE('',#2880,#2881);
#2880 = CARTESIAN_POINT('',(0.,0.));
#2881 = VECTOR('',#2882,1.);
#2882 = DIRECTION('',(0.,1.));
#2883 = ( GEOMETRIC_REPRESENTATION_CONTEXT(2) 
PARAMETRIC_REPRESENTATION_CONTEXT() REPRESENTATION_CONTEXT('2D SPACE',''
  ) );
#2884 = ORIENTED_EDGE('',*,*,#2885,.T.);
#2885 = EDGE_CURVE('',#2858,#2886,#2888,.T.);
#2886 = VERTEX_POINT('',#2887);
#2887 = CARTESIAN_POINT('',(-50.,40.,4.));
#2888 = SURFACE_CURVE('',#2889,(#2893,#2900),.PCURVE_S1.);
#2889 = LINE('',#2890,#2891);
#2890 = CARTESIAN_POINT('',(-50.,40.,0.));
#2891 = VECTOR('',#2892,1.);
#2892 = DIRECTION('',(0.,0.,1.));
#2893 = PCURVE('',#2833,#2894);
#2894 = DEFINITIONAL_REPRESENTATION('',(#2895),#2899);
#2895 = LINE('',#2896,#2897);
#2896 = CARTESIAN_POINT('',(0.,-80.));
#2897 = VECTOR('',#2898,1.);
#2898 = DIRECTION('',(1.,0.));
#2899 = ( GEOMETRIC_REPRESENTATION_CONTEXT(2) 
PARAMETRIC_REPRESENTATION_CONTEXT() REPRESENTATION_CONTEXT('2D SPACE',''
  ) );
#2900 = PCURVE('',#2901,#2906);
#2901 = PLANE('',#2902);
#2902 = AXIS2_PLACEMENT_3D('',#2903,#2904,#2905);
#2903 = CARTESIAN_POINT('',(-50.,40.,0.));
#2904 = DIRECTION('',(0.,1.,0.));
#2905 = DIRECTION('',(0.,-0.,1.));
#2906 = DEFINITIONAL_REPRESENTATION('',(#2907),#2911);
#2907 = LINE('',#2908,#2909);
#2908 = CARTESIAN_POINT('',(0.,0.));
#2909 = VECTOR('',#2910,1.);
#2910 = DIRECTION('',(1.,0.));
#2911 = ( GEOMETRIC_REPRESENTATION_CONTEXT(2) 
PARAMETRIC_REPRESENTATION_CONTEXT() REPRESENTATION_CONTEXT('2D SPACE',''
  ) );
#2912 = ORIENTED_EDGE('',*,*,#2913,.F.);
#2913 = EDGE_CURVE('',#2825,#2886,#2914,.T.);
#2914 = SURFACE_CURVE('',#2915,(#2919,#2926),.PCURVE_S1.);
#2915 = LINE('',#2916,#2917);
#2916 = CARTESIAN_POINT('',(-50.,-40.,4.));
#2917 = VECTOR('',#2918,1.);
#2918 = DIRECTION('',(0.,1.,0.));
#2919 = PCURVE('',#2833,#2920);
#2920 = DEFINITIONAL_REPRESENTATION('',(#2921),#2925);
#2921 = LINE('',#2922,#2923);
#2922 = CARTESIAN_POINT('',(4.,0.));
#2923 = VECTOR('',#2924,1.);
#2924 = DIRECTION('',(0.,-1.));
#2925 = ( GEOMETRIC_REPRESENTATION_CONTEXT(2) 
PARAMETRIC_REPRESENTATION_CONTEXT() REPRESENTATION_CONTEXT('2D SPACE',''
  ) );
#2926 = PCURVE('',#2927,#2932);
#2927 = PLANE('',#2928);
#2928 = AXIS2_PLACEMENT_3D('',#2929,#2930,#2931);
#2929 = CARTESIAN_POINT('',(-50.,-40.,4.));
#2930 = DIRECTION('',(0.,0.,1.));
#2931 = DIRECTION('',(1.,0.,-0.));
#2932 = DEFINITIONAL_REPRESENTATION('',(#2933),#2937);
#2933 = LINE('',#2934,#2935);
#2934 = CARTESIAN_POINT('',(0.,0.));
#2935 = VECTOR('',#2936,1.);
#2936 = DIRECTION('',(0.,1.));
#2937 = ( GEOMETRIC_REPRESENTATION_CONTEXT(2) 
PARAMETRIC_REPRESENTATION_CONTEXT() REPRESENTATION_CONTEXT('2D SPACE',''
  ) );
#2938 = ADVANCED_FACE('',(#2939),#2845,.F.);
#2939 = FACE_BOUND('',#2940,.F.);
#2940 = EDGE_LOOP('',(#2941,#2964,#2965,#2988));
#2941 = ORIENTED_EDGE('',*,*,#2942,.F.);
#2942 = EDGE_CURVE('',#2823,#2943,#2945,.T.);
#2943 = VERTEX_POINT('',#2944);
#2944 = CARTESIAN_POINT('',(50.,-40.,0.));
#2945 = SURFACE_CURVE('',#2946,(#2950,#2957),.PCURVE_S1.);
#2946 = LINE('',#2947,#2948);
#2947 = CARTESIAN_POINT('',(-50.,-40.,0.));
#2948 = VECTOR('',#2949,1.);
#2949 = DIRECTION('',(1.,0.,0.));
#2950 = PCURVE('',#2845,#2951);
#2951 = DEFINITIONAL_REPRESENTATION('',(#2952),#2956);
#2952 = LINE('',#2953,#2954);
#2953 = CARTESIAN_POINT('',(0.,0.));
#2954 = VECTOR('',#2955,1.);
#2955 = DIRECTION('',(0.,1.));
#2956 = ( GEOMETRIC_REPRESENTATION_CONTEXT(2) 
PARAMETRIC_REPRESENTATION_CONTEXT() REPRESENTATION_CONTEXT('2D SPACE',''
  ) );
#2957 = PCURVE('',#2873,#2958);
#2958 = DEFINITIONAL_REPRESENTATION('',(#2959),#2963);
#2959 = LINE('',#2960,#2961);
#2960 = CARTESIAN_POINT('',(0.,0.));
#2961 = VECTOR('',#2962,1.);
#2962 = DIRECTION('',(1.,0.));
#2963 = ( GEOMETRIC_REPRESENTATION_CONTEXT(2) 
PARAMETRIC_REPRESENTATION_CONTEXT() REPRESENTATION_CONTEXT('2D SPACE',''
  ) );
#2964 = ORIENTED_EDGE('',*,*,#2822,.T.);
#2965 = ORIENTED_EDGE('',*,*,#2966,.T.);
#2966 = EDGE_CURVE('',#2825,#2967,#2969,.T.);
#2967 = VERTEX_POINT('',#2968);
#2968 = CARTESIAN_POINT('',(50.,-40.,4.));
#2969 = SURFACE_CURVE('',#2970,(#2974,#2981),.PCURVE_S1.);
#2970 = LINE('',#2971,#2972);
#2971 = CARTESIAN_POINT('',(-50.,-40.,4.));
#2972 = VECTOR('',#2973,1.);
#2973 = DIRECTION('',(1.,0.,0.));
#2974 = PCURVE('',#2845,#2975);
#2975 = DEFINITIONAL_REPRESENTATION('',(#2976),#2980);
#2976 = LINE('',#2977,#2978);
#2977 = CARTESIAN_POINT('',(4.,0.));
#2978 = VECTOR('',#2979,1.);
#2979 = DIRECTION('',(0.,1.));
#2980 = ( GEOMETRIC_REPRESENTATION_CONTEXT(2) 
PARAMETRIC_REPRESENTATION_CONTEXT() REPRESENTATION_CONTEXT('2D SPACE',''
  ) );
#2981 = PCURVE('',#2927,#2982);
#2982 = DEFINITIONAL_REPRESENTATION('',(#2983),#2987);
#2983 = LINE('',#2984,#2985);
#2984 = CARTESIAN_POINT('',(0.,0.));
#2985 = VECTOR('',#2986,1.);
#2986 = DIRECTION('',(1.,0.));
#2987 = ( GEOMETRIC_REPRESENTATION_CONTEXT(2) 
PARAMETRIC_REPRESENTATION_CONTEXT() REPRESENTATION_CONTEXT('2D SPACE',''
  ) );
#2988 = ORIENTED_EDGE('',*,*,#2989,.F.);
#2989 = EDGE_CURVE('',#2943,#2967,#2990,.T.);
#2990 = SURFACE_CURVE('',#2991,(#2995,#3002),.PCURVE_S1.);
#2991 = LINE('',#2992,#2993);
#2992 = CARTESIAN_POINT('',(50.,-40.,0.));
#2993 = VECTOR('',#2994,1.);
#2994 = DIRECTION('',(0.,0.,1.));
#2995 = PCURVE('',#2845,#2996);
#2996 = DEFINITIONAL_REPRESENTATION('',(#2997),#3001);
#2997 = LINE('',#2998,#2999);
#2998 = CARTESIAN_POINT('',(0.,100.));
#2999 = VECTOR('',#3000,1.);
#3000 = DIRECTION('',(1.,0.));
#3001 = ( GEOMETRIC_REPRESENTATION_CONTEXT(2) 
PARAMETRIC_REPRESENTATION_CONTEXT() REPRESENTATION_CONTEXT('2D SPACE',''
  ) );
#3002 = PCURVE('',#3003,#3008);
#3003 = PLANE('',#3004);
#3004 = AXIS2_PLACEMENT_3D('',#3005,#3006,#3007);
#3005 = CARTESIAN_POINT('',(50.,-40.,0.));
#3006 = DIRECTION('',(1.,0.,0.));
#3007 = DIRECTION('',(0.,0.,1.));
#3008 = DEFINITIONAL_REPRESENTATION('',(#3009),#3013);
#3009 = LINE('',#3010,#3011);
#3010 = CARTESIAN_POINT('',(0.,0.));
#3011 = VECTOR('',#3012,1.);
#3012 = DIRECTION('',(1.,0.));
#3013 = ( GEOMETRIC_REPRESENTATION_CONTEXT(2) 
PARAMETRIC_REPRESENTATION_CONTEXT() REPRESENTATION_CONTEXT('2D SPACE',''
  ) );
#3014 = ADVANCED_FACE('',(#3015,#3063,#3098,#3133,#3168,#3203,#3238),
  #2873,.F.);
#3015 = FACE_BOUND('',#3016,.F.);
#3016 = EDGE_LOOP('',(#3017,#3018,#3019,#3042));
#3017 = ORIENTED_EDGE('',*,*,#2857,.F.);
#3018 = ORIENTED_EDGE('',*,*,#2942,.T.);
#3019 = ORIENTED_EDGE('',*,*,#3020,.T.);
#3020 = EDGE_CURVE('',#2943,#3021,#3023,.T.);
#3021 = VERTEX_POINT('',#3022);
#3022 = CARTESIAN_POINT('',(50.,40.,0.));
#3023 = SURFACE_CURVE('',#3024,(#3028,#3035),.PCURVE_S1.);
#3024 = LINE('',#3025,#3026);
#3025 = CARTESIAN_POINT('',(50.,-40.,0.));
#3026 = VECTOR('',#3027,1.);
#3027 = DIRECTION('',(0.,1.,0.));
#3028 = PCURVE('',#2873,#3029);
#3029 = DEFINITIONAL_REPRESENTATION('',(#3030),#3034);
#3030 = LINE('',#3031,#3032);
#3031 = CARTESIAN_POINT('',(100.,0.));
#3032 = VECTOR('',#3033,1.);
#3033 = DIRECTION('',(0.,1.));
#3034 = ( GEOMETRIC_REPRESENTATION_CONTEXT(2) 
PARAMETRIC_REPRESENTATION_CONTEXT() REPRESENTATION_CONTEXT('2D SPACE',''
  ) );
#3035 = PCURVE('',#3003,#3036);
#3036 = DEFINITIONAL_REPRESENTATION('',(#3037),#3041);
#3037 = LINE('',#3038,#3039);
#3038 = CARTESIAN_POINT('',(0.,0.));
#3039 = VECTOR('',#3040,1.);
#3040 = DIRECTION('',(0.,-1.));
#3041 = ( GEOMETRIC_REPRESENTATION_CONTEXT(2) 
PARAMETRIC_REPRESENTATION_CONTEXT() REPRESENTATION_CONTEXT('2D SPACE',''
  ) );
#3042 = ORIENTED_EDGE('',*,*,#3043,.F.);
#3043 = EDGE_CURVE('',#2858,#3021,#3044,.T.);
#3044 = SURFACE_CURVE('',#3045,(#3049,#3056),.PCURVE_S1.);
#3045 = LINE('',#3046,#3047);
#3046 = CARTESIAN_POINT('',(-50.,40.,0.));
#3047 = VECTOR('',#3048,1.);
#3048 = DIRECTION('',(1.,0.,0.));
#3049 = PCURVE('',#2873,#3050);
#3050 = DEFINITIONAL_REPRESENTATION('',(#3051),#3055);
#3051 = LINE('',#3052,#3053);
#3052 = CARTESIAN_POINT('',(0.,80.));
#3053 = VECTOR('',#3054,1.);
#3054 = DIRECTION('',(1.,0.));
#3055 = ( GEOMETRIC_REPRESENTATION_CONTEXT(2) 
PARAMETRIC_REPRESENTATION_CONTEXT() REPRESENTATION_CONTEXT('2D SPACE',''
  ) );
#3056 = PCURVE('',#2901,#3057);
#3057 = DEFINITIONAL_REPRESENTATION('',(#3058),#3062);
#3058 = LINE('',#3059,#3060);
#3059 = CARTESIAN_POINT('',(0.,0.));
#3060 = VECTOR('',#3061,1.);
#3061 = DIRECTION('',(0.,1.));
#3062 = ( GEOMETRIC_REPRESENTATION_CONTEXT(2) 
PARAMETRIC_REPRESENTATION_CONTEXT() REPRESENTATION_CONTEXT('2D SPACE',''
  ) );
#3063 = FACE_BOUND('',#3064,.F.);
#3064 = EDGE_LOOP('',(#3065));
#3065 = ORIENTED_EDGE('',*,*,#3066,.T.);
#3066 = EDGE_CURVE('',#3067,#3067,#3069,.T.);
#3067 = VERTEX_POINT('',#3068);
#3068 = CARTESIAN_POINT('',(-41.3,-33.,0.));
#3069 = SURFACE_CURVE('',#3070,(#3075,#3086),.PCURVE_S1.);
#3070 = CIRCLE('',#3071,1.7);
#3071 = AXIS2_PLACEMENT_3D('',#3072,#3073,#3074);
#3072 = CARTESIAN_POINT('',(-43.,-33.,0.));
#3073 = DIRECTION('',(0.,0.,-1.));
#3074 = DIRECTION('',(1.,0.,0.));
#3075 = PCURVE('',#2873,#3076);
#3076 = DEFINITIONAL_REPRESENTATION('',(#3077),#3085);
#3077 = ( BOUNDED_CURVE() B_SPLINE_CURVE(2,(#3078,#3079,#3080,#3081,
#3082,#3083,#3084),.UNSPECIFIED.,.T.,.F.) B_SPLINE_CURVE_WITH_KNOTS((1,2
    ,2,2,2,1),(-2.094395102393,0.,2.094395102393,4.188790204786,
6.28318530718,8.377580409573),.UNSPECIFIED.) CURVE() 
GEOMETRIC_REPRESENTATION_ITEM() RATIONAL_B_SPLINE_CURVE((1.,0.5,1.,0.5,
1.,0.5,1.)) REPRESENTATION_ITEM('') );
#3078 = CARTESIAN_POINT('',(8.7,7.));
#3079 = CARTESIAN_POINT('',(8.7,4.055513627133));
#3080 = CARTESIAN_POINT('',(6.15,5.527756813566));
#3081 = CARTESIAN_POINT('',(3.6,7.));
#3082 = CARTESIAN_POINT('',(6.15,8.472243186434));
#3083 = CARTESIAN_POINT('',(8.7,9.944486372867));
#3084 = CARTESIAN_POINT('',(8.7,7.));
#3085 = ( GEOMETRIC_REPRESENTATION_CONTEXT(2) 
PARAMETRIC_REPRESENTATION_CONTEXT() REPRESENTATION_CONTEXT('2D SPACE',''
  ) );
#3086 = PCURVE('',#3087,#3092);
#3087 = CYLINDRICAL_SURFACE('',#3088,1.7);
#3088 = AXIS2_PLACEMENT_3D('',#3089,#3090,#3091);
#3089 = CARTESIAN_POINT('',(-43.,-33.,-1.));
#3090 = DIRECTION('',(-0.,-0.,-1.));
#3091 = DIRECTION('',(1.,0.,0.));
#3092 = DEFINITIONAL_REPRESENTATION('',(#3093),#3097);
#3093 = LINE('',#3094,#3095);
#3094 = CARTESIAN_POINT('',(-4.138911435803E-13,-1.));
#3095 = VECTOR('',#3096,1.);
#3096 = DIRECTION('',(1.,-0.));
#3097 = ( GEOMETRIC_REPRESENTATION_CONTEXT(2) 
PARAMETRIC_REPRESENTATION_CONTEXT() REPRESENTATION_CONTEXT('2D SPACE',''
  ) );
#3098 = FACE_BOUND('',#3099,.F.);
#3099 = EDGE_LOOP('',(#3100));
#3100 = ORIENTED_EDGE('',*,*,#3101,.T.);
#3101 = EDGE_CURVE('',#3102,#3102,#3104,.T.);
#3102 = VERTEX_POINT('',#3103);
#3103 = CARTESIAN_POINT('',(44.7,-33.,0.));
#3104 = SURFACE_CURVE('',#3105,(#3110,#3121),.PCURVE_S1.);
#3105 = CIRCLE('',#3106,1.7);
#3106 = AXIS2_PLACEMENT_3D('',#3107,#3108,#3109);
#3107 = CARTESIAN_POINT('',(43.,-33.,0.));
#3108 = DIRECTION('',(0.,0.,-1.));
#3109 = DIRECTION('',(1.,0.,0.));
#3110 = PCURVE('',#2873,#3111);
#3111 = DEFINITIONAL_REPRESENTATION('',(#3112),#3120);
#3112 = ( BOUNDED_CURVE() B_SPLINE_CURVE(2,(#3113,#3114,#3115,#3116,
#3117,#3118,#3119),.UNSPECIFIED.,.T.,.F.) B_SPLINE_CURVE_WITH_KNOTS((1,2
    ,2,2,2,1),(-2.094395102393,0.,2.094395102393,4.188790204786,
6.28318530718,8.377580409573),.UNSPECIFIED.) CURVE() 
GEOMETRIC_REPRESENTATION_ITEM() RATIONAL_B_SPLINE_CURVE((1.,0.5,1.,0.5,
1.,0.5,1.)) REPRESENTATION_ITEM('') );
#3113 = CARTESIAN_POINT('',(94.7,7.));
#3114 = CARTESIAN_POINT('',(94.7,4.055513627133));
#3115 = CARTESIAN_POINT('',(92.15,5.527756813566));
#3116 = CARTESIAN_POINT('',(89.6,7.));
#3117 = CARTESIAN_POINT('',(92.15,8.472243186434));
#3118 = CARTESIAN_POINT('',(94.7,9.944486372867));
#3119 = CARTESIAN_POINT('',(94.7,7.));
#3120 = ( GEOMETRIC_REPRESENTATION_CONTEXT(2) 
PARAMETRIC_REPRESENTATION_CONTEXT() REPRESENTATION_CONTEXT('2D SPACE',''
  ) );
#3121 = PCURVE('',#3122,#3127);
#3122 = CYLINDRICAL_SURFACE('',#3123,1.7);
#3123 = AXIS2_PLACEMENT_3D('',#3124,#3125,#3126);
#3124 = CARTESIAN_POINT('',(43.,-33.,-1.));
#3125 = DIRECTION('',(-0.,-0.,-1.));
#3126 = DIRECTION('',(1.,0.,0.));
#3127 = DEFINITIONAL_REPRESENTATION('',(#3128),#3132);
#3128 = LINE('',#3129,#3130);
#3129 = CARTESIAN_POINT('',(-4.138911435803E-13,-1.));
#3130 = VECTOR('',#3131,1.);
#3131 = DIRECTION('',(1.,-0.));
#3132 = ( GEOMETRIC_REPRESENTATION_CONTEXT(2) 
PARAMETRIC_REPRESENTATION_CONTEXT() REPRESENTATION_CONTEXT('2D SPACE',''
  ) );
#3133 = FACE_BOUND('',#3134,.F.);
#3134 = EDGE_LOOP('',(#3135));
#3135 = ORIENTED_EDGE('',*,*,#3136,.T.);
#3136 = EDGE_CURVE('',#3137,#3137,#3139,.T.);
#3137 = VERTEX_POINT('',#3138);
#3138 = CARTESIAN_POINT('',(-16.4,0.,0.));
#3139 = SURFACE_CURVE('',#3140,(#3145,#3156),.PCURVE_S1.);
#3140 = CIRCLE('',#3141,1.7);
#3141 = AXIS2_PLACEMENT_3D('',#3142,#3143,#3144);
#3142 = CARTESIAN_POINT('',(-18.1,0.,0.));
#3143 = DIRECTION('',(0.,0.,-1.));
#3144 = DIRECTION('',(1.,0.,0.));
#3145 = PCURVE('',#2873,#3146);
#3146 = DEFINITIONAL_REPRESENTATION('',(#3147),#3155);
#3147 = ( BOUNDED_CURVE() B_SPLINE_CURVE(2,(#3148,#3149,#3150,#3151,
#3152,#3153,#3154),.UNSPECIFIED.,.T.,.F.) B_SPLINE_CURVE_WITH_KNOTS((1,2
    ,2,2,2,1),(-2.094395102393,0.,2.094395102393,4.188790204786,
6.28318530718,8.377580409573),.UNSPECIFIED.) CURVE() 
GEOMETRIC_REPRESENTATION_ITEM() RATIONAL_B_SPLINE_CURVE((1.,0.5,1.,0.5,
1.,0.5,1.)) REPRESENTATION_ITEM('') );
#3148 = CARTESIAN_POINT('',(33.6,40.));
#3149 = CARTESIAN_POINT('',(33.6,37.055513627133));
#3150 = CARTESIAN_POINT('',(31.05,38.527756813566));
#3151 = CARTESIAN_POINT('',(28.5,40.));
#3152 = CARTESIAN_POINT('',(31.05,41.472243186434));
#3153 = CARTESIAN_POINT('',(33.6,42.944486372867));
#3154 = CARTESIAN_POINT('',(33.6,40.));
#3155 = ( GEOMETRIC_REPRESENTATION_CONTEXT(2) 
PARAMETRIC_REPRESENTATION_CONTEXT() REPRESENTATION_CONTEXT('2D SPACE',''
  ) );
#3156 = PCURVE('',#3157,#3162);
#3157 = CYLINDRICAL_SURFACE('',#3158,1.7);
#3158 = AXIS2_PLACEMENT_3D('',#3159,#3160,#3161);
#3159 = CARTESIAN_POINT('',(-18.1,0.,-1.));
#3160 = DIRECTION('',(-0.,-0.,-1.));
#3161 = DIRECTION('',(1.,0.,0.));
#3162 = DEFINITIONAL_REPRESENTATION('',(#3163),#3167);
#3163 = LINE('',#3164,#3165);
#3164 = CARTESIAN_POINT('',(-6.28318530718,-1.));
#3165 = VECTOR('',#3166,1.);
#3166 = DIRECTION('',(1.,-0.));
#3167 = ( GEOMETRIC_REPRESENTATION_CONTEXT(2) 
PARAMETRIC_REPRESENTATION_CONTEXT() REPRESENTATION_CONTEXT('2D SPACE',''
  ) );
#3168 = FACE_BOUND('',#3169,.F.);
#3169 = EDGE_LOOP('',(#3170));
#3170 = ORIENTED_EDGE('',*,*,#3171,.T.);
#3171 = EDGE_CURVE('',#3172,#3172,#3174,.T.);
#3172 = VERTEX_POINT('',#3173);
#3173 = CARTESIAN_POINT('',(-41.3,33.,0.));
#3174 = SURFACE_CURVE('',#3175,(#3180,#3191),.PCURVE_S1.);
#3175 = CIRCLE('',#3176,1.7);
#3176 = AXIS2_PLACEMENT_3D('',#3177,#3178,#3179);
#3177 = CARTESIAN_POINT('',(-43.,33.,0.));
#3178 = DIRECTION('',(0.,0.,-1.));
#3179 = DIRECTION('',(1.,0.,0.));
#3180 = PCURVE('',#2873,#3181);
#3181 = DEFINITIONAL_REPRESENTATION('',(#3182),#3190);
#3182 = ( BOUNDED_CURVE() B_SPLINE_CURVE(2,(#3183,#3184,#3185,#3186,
#3187,#3188,#3189),.UNSPECIFIED.,.T.,.F.) B_SPLINE_CURVE_WITH_KNOTS((1,2
    ,2,2,2,1),(-2.094395102393,0.,2.094395102393,4.188790204786,
6.28318530718,8.377580409573),.UNSPECIFIED.) CURVE() 
GEOMETRIC_REPRESENTATION_ITEM() RATIONAL_B_SPLINE_CURVE((1.,0.5,1.,0.5,
1.,0.5,1.)) REPRESENTATION_ITEM('') );
#3183 = CARTESIAN_POINT('',(8.7,73.));
#3184 = CARTESIAN_POINT('',(8.7,70.055513627133));
#3185 = CARTESIAN_POINT('',(6.15,71.527756813566));
#3186 = CARTESIAN_POINT('',(3.6,73.));
#3187 = CARTESIAN_POINT('',(6.15,74.472243186434));
#3188 = CARTESIAN_POINT('',(8.7,75.944486372867));
#3189 = CARTESIAN_POINT('',(8.7,73.));
#3190 = ( GEOMETRIC_REPRESENTATION_CONTEXT(2) 
PARAMETRIC_REPRESENTATION_CONTEXT() REPRESENTATION_CONTEXT('2D SPACE',''
  ) );
#3191 = PCURVE('',#3192,#3197);
#3192 = CYLINDRICAL_SURFACE('',#3193,1.7);
#3193 = AXIS2_PLACEMENT_3D('',#3194,#3195,#3196);
#3194 = CARTESIAN_POINT('',(-43.,33.,-1.));
#3195 = DIRECTION('',(-0.,-0.,-1.));
#3196 = DIRECTION('',(1.,0.,0.));
#3197 = DEFINITIONAL_REPRESENTATION('',(#3198),#3202);
#3198 = LINE('',#3199,#3200);
#3199 = CARTESIAN_POINT('',(-4.138911435803E-13,-1.));
#3200 = VECTOR('',#3201,1.);
#3201 = DIRECTION('',(1.,-0.));
#3202 = ( GEOMETRIC_REPRESENTATION_CONTEXT(2) 
PARAMETRIC_REPRESENTATION_CONTEXT() REPRESENTATION_CONTEXT('2D SPACE',''
  ) );
#3203 = FACE_BOUND('',#3204,.F.);
#3204 = EDGE_LOOP('',(#3205));
#3205 = ORIENTED_EDGE('',*,*,#3206,.T.);
#3206 = EDGE_CURVE('',#3207,#3207,#3209,.T.);
#3207 = VERTEX_POINT('',#3208);
#3208 = CARTESIAN_POINT('',(19.8,0.,0.));
#3209 = SURFACE_CURVE('',#3210,(#3215,#3226),.PCURVE_S1.);
#3210 = CIRCLE('',#3211,1.7);
#3211 = AXIS2_PLACEMENT_3D('',#3212,#3213,#3214);
#3212 = CARTESIAN_POINT('',(18.1,0.,0.));
#3213 = DIRECTION('',(0.,0.,-1.));
#3214 = DIRECTION('',(1.,0.,0.));
#3215 = PCURVE('',#2873,#3216);
#3216 = DEFINITIONAL_REPRESENTATION('',(#3217),#3225);
#3217 = ( BOUNDED_CURVE() B_SPLINE_CURVE(2,(#3218,#3219,#3220,#3221,
#3222,#3223,#3224),.UNSPECIFIED.,.T.,.F.) B_SPLINE_CURVE_WITH_KNOTS((1,2
    ,2,2,2,1),(-2.094395102393,0.,2.094395102393,4.188790204786,
6.28318530718,8.377580409573),.UNSPECIFIED.) CURVE() 
GEOMETRIC_REPRESENTATION_ITEM() RATIONAL_B_SPLINE_CURVE((1.,0.5,1.,0.5,
1.,0.5,1.)) REPRESENTATION_ITEM('') );
#3218 = CARTESIAN_POINT('',(69.8,40.));
#3219 = CARTESIAN_POINT('',(69.8,37.055513627133));
#3220 = CARTESIAN_POINT('',(67.25,38.527756813566));
#3221 = CARTESIAN_POINT('',(64.7,40.));
#3222 = CARTESIAN_POINT('',(67.25,41.472243186434));
#3223 = CARTESIAN_POINT('',(69.8,42.944486372867));
#3224 = CARTESIAN_POINT('',(69.8,40.));
#3225 = ( GEOMETRIC_REPRESENTATION_CONTEXT(2) 
PARAMETRIC_REPRESENTATION_CONTEXT() REPRESENTATION_CONTEXT('2D SPACE',''
  ) );
#3226 = PCURVE('',#3227,#3232);
#3227 = CYLINDRICAL_SURFACE('',#3228,1.7);
#3228 = AXIS2_PLACEMENT_3D('',#3229,#3230,#3231);
#3229 = CARTESIAN_POINT('',(18.1,0.,-1.));
#3230 = DIRECTION('',(-0.,-0.,-1.));
#3231 = DIRECTION('',(1.,0.,0.));
#3232 = DEFINITIONAL_REPRESENTATION('',(#3233),#3237);
#3233 = LINE('',#3234,#3235);
#3234 = CARTESIAN_POINT('',(-6.28318530718,-1.));
#3235 = VECTOR('',#3236,1.);
#3236 = DIRECTION('',(1.,-0.));
#3237 = ( GEOMETRIC_REPRESENTATION_CONTEXT(2) 
PARAMETRIC_REPRESENTATION_CONTEXT() REPRESENTATION_CONTEXT('2D SPACE',''
  ) );
#3238 = FACE_BOUND('',#3239,.F.);
#3239 = EDGE_LOOP('',(#3240));
#3240 = ORIENTED_EDGE('',*,*,#3241,.T.);
#3241 = EDGE_CURVE('',#3242,#3242,#3244,.T.);
#3242 = VERTEX_POINT('',#3243);
#3243 = CARTESIAN_POINT('',(44.7,33.,0.));
#3244 = SURFACE_CURVE('',#3245,(#3250,#3261),.PCURVE_S1.);
#3245 = CIRCLE('',#3246,1.7);
#3246 = AXIS2_PLACEMENT_3D('',#3247,#3248,#3249);
#3247 = CARTESIAN_POINT('',(43.,33.,0.));
#3248 = DIRECTION('',(0.,0.,-1.));
#3249 = DIRECTION('',(1.,0.,0.));
#3250 = PCURVE('',#2873,#3251);
#3251 = DEFINITIONAL_REPRESENTATION('',(#3252),#3260);
#3252 = ( BOUNDED_CURVE() B_SPLINE_CURVE(2,(#3253,#3254,#3255,#3256,
#3257,#3258,#3259),.UNSPECIFIED.,.T.,.F.) B_SPLINE_CURVE_WITH_KNOTS((1,2
    ,2,2,2,1),(-2.094395102393,0.,2.094395102393,4.188790204786,
6.28318530718,8.377580409573),.UNSPECIFIED.) CURVE() 
GEOMETRIC_REPRESENTATION_ITEM() RATIONAL_B_SPLINE_CURVE((1.,0.5,1.,0.5,
1.,0.5,1.)) REPRESENTATION_ITEM('') );
#3253 = CARTESIAN_POINT('',(94.7,73.));
#3254 = CARTESIAN_POINT('',(94.7,70.055513627133));
#3255 = CARTESIAN_POINT('',(92.15,71.527756813566));
#3256 = CARTESIAN_POINT('',(89.6,73.));
#3257 = CARTESIAN_POINT('',(92.15,74.472243186434));
#3258 = CARTESIAN_POINT('',(94.7,75.944486372867));
#3259 = CARTESIAN_POINT('',(94.7,73.));
#3260 = ( GEOMETRIC_REPRESENTATION_CONTEXT(2) 
PARAMETRIC_REPRESENTATION_CONTEXT() REPRESENTATION_CONTEXT('2D SPACE',''
  ) );
#3261 = PCURVE('',#3262,#3267);
#3262 = CYLINDRICAL_SURFACE('',#3263,1.7);
#3263 = AXIS2_PLACEMENT_3D('',#3264,#3265,#3266);
#3264 = CARTESIAN_POINT('',(43.,33.,-1.));
#3265 = DIRECTION('',(-0.,-0.,-1.));
#3266 = DIRECTION('',(1.,0.,0.));
#3267 = DEFINITIONAL_REPRESENTATION('',(#3268),#3272);
#3268 = LINE('',#3269,#3270);
#3269 = CARTESIAN_POINT('',(-4.138911435803E-13,-1.));
#3270 = VECTOR('',#3271,1.);
#3271 = DIRECTION('',(1.,-0.));
#3272 = ( GEOMETRIC_REPRESENTATION_CONTEXT(2) 
PARAMETRIC_REPRESENTATION_CONTEXT() REPRESENTATION_CONTEXT('2D SPACE',''
  ) );
#3273 = ADVANCED_FACE('',(#3274),#2901,.T.);
#3274 = FACE_BOUND('',#3275,.T.);
#3275 = EDGE_LOOP('',(#3276,#3277,#3278,#3301));
#3276 = ORIENTED_EDGE('',*,*,#3043,.F.);
#3277 = ORIENTED_EDGE('',*,*,#2885,.T.);
#3278 = ORIENTED_EDGE('',*,*,#3279,.T.);
#3279 = EDGE_CURVE('',#2886,#3280,#3282,.T.);
#3280 = VERTEX_POINT('',#3281);
#3281 = CARTESIAN_POINT('',(50.,40.,4.));
#3282 = SURFACE_CURVE('',#3283,(#3287,#3294),.PCURVE_S1.);
#3283 = LINE('',#3284,#3285);
#3284 = CARTESIAN_POINT('',(-50.,40.,4.));
#3285 = VECTOR('',#3286,1.);
#3286 = DIRECTION('',(1.,0.,0.));
#3287 = PCURVE('',#2901,#3288);
#3288 = DEFINITIONAL_REPRESENTATION('',(#3289),#3293);
#3289 = LINE('',#3290,#3291);
#3290 = CARTESIAN_POINT('',(4.,0.));
#3291 = VECTOR('',#3292,1.);
#3292 = DIRECTION('',(0.,1.));
#3293 = ( GEOMETRIC_REPRESENTATION_CONTEXT(2) 
PARAMETRIC_REPRESENTATION_CONTEXT() REPRESENTATION_CONTEXT('2D SPACE',''
  ) );
#3294 = PCURVE('',#2927,#3295);
#3295 = DEFINITIONAL_REPRESENTATION('',(#3296),#3300);
#3296 = LINE('',#3297,#3298);
#3297 = CARTESIAN_POINT('',(0.,80.));
#3298 = VECTOR('',#3299,1.);
#3299 = DIRECTION('',(1.,0.));
#3300 = ( GEOMETRIC_REPRESENTATION_CONTEXT(2) 
PARAMETRIC_REPRESENTATION_CONTEXT() REPRESENTATION_CONTEXT('2D SPACE',''
  ) );
#3301 = ORIENTED_EDGE('',*,*,#3302,.F.);
#3302 = EDGE_CURVE('',#3021,#3280,#3303,.T.);
#3303 = SURFACE_CURVE('',#3304,(#3308,#3315),.PCURVE_S1.);
#3304 = LINE('',#3305,#3306);
#3305 = CARTESIAN_POINT('',(50.,40.,0.));
#3306 = VECTOR('',#3307,1.);
#3307 = DIRECTION('',(0.,0.,1.));
#3308 = PCURVE('',#2901,#3309);
#3309 = DEFINITIONAL_REPRESENTATION('',(#3310),#3314);
#3310 = LINE('',#3311,#3312);
#3311 = CARTESIAN_POINT('',(0.,100.));
#3312 = VECTOR('',#3313,1.);
#3313 = DIRECTION('',(1.,0.));
#3314 = ( GEOMETRIC_REPRESENTATION_CONTEXT(2) 
PARAMETRIC_REPRESENTATION_CONTEXT() REPRESENTATION_CONTEXT('2D SPACE',''
  ) );
#3315 = PCURVE('',#3003,#3316);
#3316 = DEFINITIONAL_REPRESENTATION('',(#3317),#3321);
#3317 = LINE('',#3318,#3319);
#3318 = CARTESIAN_POINT('',(0.,-80.));
#3319 = VECTOR('',#3320,1.);
#3320 = DIRECTION('',(1.,0.));
#3321 = ( GEOMETRIC_REPRESENTATION_CONTEXT(2) 
PARAMETRIC_REPRESENTATION_CONTEXT() REPRESENTATION_CONTEXT('2D SPACE',''
  ) );
#3322 = ADVANCED_FACE('',(#3323,#3349,#3379,#3409,#3439,#3469,#3499),
  #2927,.T.);
#3323 = FACE_BOUND('',#3324,.T.);
#3324 = EDGE_LOOP('',(#3325,#3326,#3327,#3348));
#3325 = ORIENTED_EDGE('',*,*,#2913,.F.);
#3326 = ORIENTED_EDGE('',*,*,#2966,.T.);
#3327 = ORIENTED_EDGE('',*,*,#3328,.T.);
#3328 = EDGE_CURVE('',#2967,#3280,#3329,.T.);
#3329 = SURFACE_CURVE('',#3330,(#3334,#3341),.PCURVE_S1.);
#3330 = LINE('',#3331,#3332);
#3331 = CARTESIAN_POINT('',(50.,-40.,4.));
#3332 = VECTOR('',#3333,1.);
#3333 = DIRECTION('',(0.,1.,0.));
#3334 = PCURVE('',#2927,#3335);
#3335 = DEFINITIONAL_REPRESENTATION('',(#3336),#3340);
#3336 = LINE('',#3337,#3338);
#3337 = CARTESIAN_POINT('',(100.,0.));
#3338 = VECTOR('',#3339,1.);
#3339 = DIRECTION('',(0.,1.));
#3340 = ( GEOMETRIC_REPRESENTATION_CONTEXT(2) 
PARAMETRIC_REPRESENTATION_CONTEXT() REPRESENTATION_CONTEXT('2D SPACE',''
  ) );
#3341 = PCURVE('',#3003,#3342);
#3342 = DEFINITIONAL_REPRESENTATION('',(#3343),#3347);
#3343 = LINE('',#3344,#3345);
#3344 = CARTESIAN_POINT('',(4.,0.));
#3345 = VECTOR('',#3346,1.);
#3346 = DIRECTION('',(0.,-1.));
#3347 = ( GEOMETRIC_REPRESENTATION_CONTEXT(2) 
PARAMETRIC_REPRESENTATION_CONTEXT() REPRESENTATION_CONTEXT('2D SPACE',''
  ) );
#3348 = ORIENTED_EDGE('',*,*,#3279,.F.);
#3349 = FACE_BOUND('',#3350,.T.);
#3350 = EDGE_LOOP('',(#3351));
#3351 = ORIENTED_EDGE('',*,*,#3352,.T.);
#3352 = EDGE_CURVE('',#3353,#3353,#3355,.T.);
#3353 = VERTEX_POINT('',#3354);
#3354 = CARTESIAN_POINT('',(-41.3,-33.,4.));
#3355 = SURFACE_CURVE('',#3356,(#3361,#3372),.PCURVE_S1.);
#3356 = CIRCLE('',#3357,1.7);
#3357 = AXIS2_PLACEMENT_3D('',#3358,#3359,#3360);
#3358 = CARTESIAN_POINT('',(-43.,-33.,4.));
#3359 = DIRECTION('',(0.,0.,-1.));
#3360 = DIRECTION('',(1.,0.,0.));
#3361 = PCURVE('',#2927,#3362);
#3362 = DEFINITIONAL_REPRESENTATION('',(#3363),#3371);
#3363 = ( BOUNDED_CURVE() B_SPLINE_CURVE(2,(#3364,#3365,#3366,#3367,
#3368,#3369,#3370),.UNSPECIFIED.,.T.,.F.) B_SPLINE_CURVE_WITH_KNOTS((1,2
    ,2,2,2,1),(-2.094395102393,0.,2.094395102393,4.188790204786,
6.28318530718,8.377580409573),.UNSPECIFIED.) CURVE() 
GEOMETRIC_REPRESENTATION_ITEM() RATIONAL_B_SPLINE_CURVE((1.,0.5,1.,0.5,
1.,0.5,1.)) REPRESENTATION_ITEM('') );
#3364 = CARTESIAN_POINT('',(8.7,7.));
#3365 = CARTESIAN_POINT('',(8.7,4.055513627133));
#3366 = CARTESIAN_POINT('',(6.15,5.527756813566));
#3367 = CARTESIAN_POINT('',(3.6,7.));
#3368 = CARTESIAN_POINT('',(6.15,8.472243186434));
#3369 = CARTESIAN_POINT('',(8.7,9.944486372867));
#3370 = CARTESIAN_POINT('',(8.7,7.));
#3371 = ( GEOMETRIC_REPRESENTATION_CONTEXT(2) 
PARAMETRIC_REPRESENTATION_CONTEXT() REPRESENTATION_CONTEXT('2D SPACE',''
  ) );
#3372 = PCURVE('',#3087,#3373);
#3373 = DEFINITIONAL_REPRESENTATION('',(#3374),#3378);
#3374 = LINE('',#3375,#3376);
#3375 = CARTESIAN_POINT('',(-4.138911435803E-13,-5.));
#3376 = VECTOR('',#3377,1.);
#3377 = DIRECTION('',(1.,-0.));
#3378 = ( GEOMETRIC_REPRESENTATION_CONTEXT(2) 
PARAMETRIC_REPRESENTATION_CONTEXT() REPRESENTATION_CONTEXT('2D SPACE',''
  ) );
#3379 = FACE_BOUND('',#3380,.T.);
#3380 = EDGE_LOOP('',(#3381));
#3381 = ORIENTED_EDGE('',*,*,#3382,.T.);
#3382 = EDGE_CURVE('',#3383,#3383,#3385,.T.);
#3383 = VERTEX_POINT('',#3384);
#3384 = CARTESIAN_POINT('',(44.7,-33.,4.));
#3385 = SURFACE_CURVE('',#3386,(#3391,#3402),.PCURVE_S1.);
#3386 = CIRCLE('',#3387,1.7);
#3387 = AXIS2_PLACEMENT_3D('',#3388,#3389,#3390);
#3388 = CARTESIAN_POINT('',(43.,-33.,4.));
#3389 = DIRECTION('',(0.,0.,-1.));
#3390 = DIRECTION('',(1.,0.,0.));
#3391 = PCURVE('',#2927,#3392);
#3392 = DEFINITIONAL_REPRESENTATION('',(#3393),#3401);
#3393 = ( BOUNDED_CURVE() B_SPLINE_CURVE(2,(#3394,#3395,#3396,#3397,
#3398,#3399,#3400),.UNSPECIFIED.,.T.,.F.) B_SPLINE_CURVE_WITH_KNOTS((1,2
    ,2,2,2,1),(-2.094395102393,0.,2.094395102393,4.188790204786,
6.28318530718,8.377580409573),.UNSPECIFIED.) CURVE() 
GEOMETRIC_REPRESENTATION_ITEM() RATIONAL_B_SPLINE_CURVE((1.,0.5,1.,0.5,
1.,0.5,1.)) REPRESENTATION_ITEM('') );
#3394 = CARTESIAN_POINT('',(94.7,7.));
#3395 = CARTESIAN_POINT('',(94.7,4.055513627133));
#3396 = CARTESIAN_POINT('',(92.15,5.527756813566));
#3397 = CARTESIAN_POINT('',(89.6,7.));
#3398 = CARTESIAN_POINT('',(92.15,8.472243186434));
#3399 = CARTESIAN_POINT('',(94.7,9.944486372867));
#3400 = CARTESIAN_POINT('',(94.7,7.));
#3401 = ( GEOMETRIC_REPRESENTATION_CONTEXT(2) 
PARAMETRIC_REPRESENTATION_CONTEXT() REPRESENTATION_CONTEXT('2D SPACE',''
  ) );
#3402 = PCURVE('',#3122,#3403);
#3403 = DEFINITIONAL_REPRESENTATION('',(#3404),#3408);
#3404 = LINE('',#3405,#3406);
#3405 = CARTESIAN_POINT('',(-4.138911435803E-13,-5.));
#3406 = VECTOR('',#3407,1.);
#3407 = DIRECTION('',(1.,-0.));
#3408 = ( GEOMETRIC_REPRESENTATION_CONTEXT(2) 
PARAMETRIC_REPRESENTATION_CONTEXT() REPRESENTATION_CONTEXT('2D SPACE',''
  ) );
#3409 = FACE_BOUND('',#3410,.T.);
#3410 = EDGE_LOOP('',(#3411));
#3411 = ORIENTED_EDGE('',*,*,#3412,.T.);
#3412 = EDGE_CURVE('',#3413,#3413,#3415,.T.);
#3413 = VERTEX_POINT('',#3414);
#3414 = CARTESIAN_POINT('',(-16.4,0.,4.));
#3415 = SURFACE_CURVE('',#3416,(#3421,#3432),.PCURVE_S1.);
#3416 = CIRCLE('',#3417,1.7);
#3417 = AXIS2_PLACEMENT_3D('',#3418,#3419,#3420);
#3418 = CARTESIAN_POINT('',(-18.1,0.,4.));
#3419 = DIRECTION('',(0.,0.,-1.));
#3420 = DIRECTION('',(1.,0.,0.));
#3421 = PCURVE('',#2927,#3422);
#3422 = DEFINITIONAL_REPRESENTATION('',(#3423),#3431);
#3423 = ( BOUNDED_CURVE() B_SPLINE_CURVE(2,(#3424,#3425,#3426,#3427,
#3428,#3429,#3430),.UNSPECIFIED.,.T.,.F.) B_SPLINE_CURVE_WITH_KNOTS((1,2
    ,2,2,2,1),(-2.094395102393,0.,2.094395102393,4.188790204786,
6.28318530718,8.377580409573),.UNSPECIFIED.) CURVE() 
GEOMETRIC_REPRESENTATION_ITEM() RATIONAL_B_SPLINE_CURVE((1.,0.5,1.,0.5,
1.,0.5,1.)) REPRESENTATION_ITEM('') );
#3424 = CARTESIAN_POINT('',(33.6,40.));
#3425 = CARTESIAN_POINT('',(33.6,37.055513627133));
#3426 = CARTESIAN_POINT('',(31.05,38.527756813566));
#3427 = CARTESIAN_POINT('',(28.5,40.));
#3428 = CARTESIAN_POINT('',(31.05,41.472243186434));
#3429 = CARTESIAN_POINT('',(33.6,42.944486372867));
#3430 = CARTESIAN_POINT('',(33.6,40.));
#3431 = ( GEOMETRIC_REPRESENTATION_CONTEXT(2) 
PARAMETRIC_REPRESENTATION_CONTEXT() REPRESENTATION_CONTEXT('2D SPACE',''
  ) );
#3432 = PCURVE('',#3157,#3433);
#3433 = DEFINITIONAL_REPRESENTATION('',(#3434),#3438);
#3434 = LINE('',#3435,#3436);
#3435 = CARTESIAN_POINT('',(-6.28318530718,-5.));
#3436 = VECTOR('',#3437,1.);
#3437 = DIRECTION('',(1.,-0.));
#3438 = ( GEOMETRIC_REPRESENTATION_CONTEXT(2) 
PARAMETRIC_REPRESENTATION_CONTEXT() REPRESENTATION_CONTEXT('2D SPACE',''
  ) );
#3439 = FACE_BOUND('',#3440,.T.);
#3440 = EDGE_LOOP('',(#3441));
#3441 = ORIENTED_EDGE('',*,*,#3442,.T.);
#3442 = EDGE_CURVE('',#3443,#3443,#3445,.T.);
#3443 = VERTEX_POINT('',#3444);
#3444 = CARTESIAN_POINT('',(-41.3,33.,4.));
#3445 = SURFACE_CURVE('',#3446,(#3451,#3462),.PCURVE_S1.);
#3446 = CIRCLE('',#3447,1.7);
#3447 = AXIS2_PLACEMENT_3D('',#3448,#3449,#3450);
#3448 = CARTESIAN_POINT('',(-43.,33.,4.));
#3449 = DIRECTION('',(0.,0.,-1.));
#3450 = DIRECTION('',(1.,0.,0.));
#3451 = PCURVE('',#2927,#3452);
#3452 = DEFINITIONAL_REPRESENTATION('',(#3453),#3461);
#3453 = ( BOUNDED_CURVE() B_SPLINE_CURVE(2,(#3454,#3455,#3456,#3457,
#3458,#3459,#3460),.UNSPECIFIED.,.T.,.F.) B_SPLINE_CURVE_WITH_KNOTS((1,2
    ,2,2,2,1),(-2.094395102393,0.,2.094395102393,4.188790204786,
6.28318530718,8.377580409573),.UNSPECIFIED.) CURVE() 
GEOMETRIC_REPRESENTATION_ITEM() RATIONAL_B_SPLINE_CURVE((1.,0.5,1.,0.5,
1.,0.5,1.)) REPRESENTATION_ITEM('') );
#3454 = CARTESIAN_POINT('',(8.7,73.));
#3455 = CARTESIAN_POINT('',(8.7,70.055513627133));
#3456 = CARTESIAN_POINT('',(6.15,71.527756813566));
#3457 = CARTESIAN_POINT('',(3.6,73.));
#3458 = CARTESIAN_POINT('',(6.15,74.472243186434));
#3459 = CARTESIAN_POINT('',(8.7,75.944486372867));
#3460 = CARTESIAN_POINT('',(8.7,73.));
#3461 = ( GEOMETRIC_REPRESENTATION_CONTEXT(2) 
PARAMETRIC_REPRESENTATION_CONTEXT() REPRESENTATION_CONTEXT('2D SPACE',''
  ) );
#3462 = PCURVE('',#3192,#3463);
#3463 = DEFINITIONAL_REPRESENTATION('',(#3464),#3468);
#3464 = LINE('',#3465,#3466);
#3465 = CARTESIAN_POINT('',(-4.138911435803E-13,-5.));
#3466 = VECTOR('',#3467,1.);
#3467 = DIRECTION('',(1.,-0.));
#3468 = ( GEOMETRIC_REPRESENTATION_CONTEXT(2) 
PARAMETRIC_REPRESENTATION_CONTEXT() REPRESENTATION_CONTEXT('2D SPACE',''
  ) );
#3469 = FACE_BOUND('',#3470,.T.);
#3470 = EDGE_LOOP('',(#3471));
#3471 = ORIENTED_EDGE('',*,*,#3472,.T.);
#3472 = EDGE_CURVE('',#3473,#3473,#3475,.T.);
#3473 = VERTEX_POINT('',#3474);
#3474 = CARTESIAN_POINT('',(19.8,0.,4.));
#3475 = SURFACE_CURVE('',#3476,(#3481,#3492),.PCURVE_S1.);
#3476 = CIRCLE('',#3477,1.7);
#3477 = AXIS2_PLACEMENT_3D('',#3478,#3479,#3480);
#3478 = CARTESIAN_POINT('',(18.1,0.,4.));
#3479 = DIRECTION('',(0.,0.,-1.));
#3480 = DIRECTION('',(1.,0.,0.));
#3481 = PCURVE('',#2927,#3482);
#3482 = DEFINITIONAL_REPRESENTATION('',(#3483),#3491);
#3483 = ( BOUNDED_CURVE() B_SPLINE_CURVE(2,(#3484,#3485,#3486,#3487,
#3488,#3489,#3490),.UNSPECIFIED.,.T.,.F.) B_SPLINE_CURVE_WITH_KNOTS((1,2
    ,2,2,2,1),(-2.094395102393,0.,2.094395102393,4.188790204786,
6.28318530718,8.377580409573),.UNSPECIFIED.) CURVE() 
GEOMETRIC_REPRESENTATION_ITEM() RATIONAL_B_SPLINE_CURVE((1.,0.5,1.,0.5,
1.,0.5,1.)) REPRESENTATION_ITEM('') );
#3484 = CARTESIAN_POINT('',(69.8,40.));
#3485 = CARTESIAN_POINT('',(69.8,37.055513627133));
#3486 = CARTESIAN_POINT('',(67.25,38.527756813566));
#3487 = CARTESIAN_POINT('',(64.7,40.));
#3488 = CARTESIAN_POINT('',(67.25,41.472243186434));
#3489 = CARTESIAN_POINT('',(69.8,42.944486372867));
#3490 = CARTESIAN_POINT('',(69.8,40.));
#3491 = ( GEOMETRIC_REPRESENTATION_CONTEXT(2) 
PARAMETRIC_REPRESENTATION_CONTEXT() REPRESENTATION_CONTEXT('2D SPACE',''
  ) );
#3492 = PCURVE('',#3227,#3493);
#3493 = DEFINITIONAL_REPRESENTATION('',(#3494),#3498);
#3494 = LINE('',#3495,#3496);
#3495 = CARTESIAN_POINT('',(-6.28318530718,-5.));
#3496 = VECTOR('',#3497,1.);
#3497 = DIRECTION('',(1.,-0.));
#3498 = ( GEOMETRIC_REPRESENTATION_CONTEXT(2) 
PARAMETRIC_REPRESENTATION_CONTEXT() REPRESENTATION_CONTEXT('2D SPACE',''
  ) );
#3499 = FACE_BOUND('',#3500,.T.);
#3500 = EDGE_LOOP('',(#3501));
#3501 = ORIENTED_EDGE('',*,*,#3502,.T.);
#3502 = EDGE_CURVE('',#3503,#3503,#3505,.T.);
#3503 = VERTEX_POINT('',#3504);
#3504 = CARTESIAN_POINT('',(44.7,33.,4.));
#3505 = SURFACE_CURVE('',#3506,(#3511,#3522),.PCURVE_S1.);
#3506 = CIRCLE('',#3507,1.7);
#3507 = AXIS2_PLACEMENT_3D('',#3508,#3509,#3510);
#3508 = CARTESIAN_POINT('',(43.,33.,4.));
#3509 = DIRECTION('',(0.,0.,-1.));
#3510 = DIRECTION('',(1.,0.,0.));
#3511 = PCURVE('',#2927,#3512);
#3512 = DEFINITIONAL_REPRESENTATION('',(#3513),#3521);
#3513 = ( BOUNDED_CURVE() B_SPLINE_CURVE(2,(#3514,#3515,#3516,#3517,
#3518,#3519,#3520),.UNSPECIFIED.,.T.,.F.) B_SPLINE_CURVE_WITH_KNOTS((1,2
    ,2,2,2,1),(-2.094395102393,0.,2.094395102393,4.188790204786,
6.28318530718,8.377580409573),.UNSPECIFIED.) CURVE() 
GEOMETRIC_REPRESENTATION_ITEM() RATIONAL_B_SPLINE_CURVE((1.,0.5,1.,0.5,
1.,0.5,1.)) REPRESENTATION_ITEM('') );
#3514 = CARTESIAN_POINT('',(94.7,73.));
#3515 = CARTESIAN_POINT('',(94.7,70.055513627133));
#3516 = CARTESIAN_POINT('',(92.15,71.527756813566));
#3517 = CARTESIAN_POINT('',(89.6,73.));
#3518 = CARTESIAN_POINT('',(92.15,74.472243186434));
#3519 = CARTESIAN_POINT('',(94.7,75.944486372867));
#3520 = CARTESIAN_POINT('',(94.7,73.));
#3521 = ( GEOMETRIC_REPRESENTATION_CONTEXT(2) 
PARAMETRIC_REPRESENTATION_CONTEXT() REPRESENTATION_CONTEXT('2D SPACE',''
  ) );
#3522 = PCURVE('',#3262,#3523);
#3523 = DEFINITIONAL_REPRESENTATION('',(#3524),#3528);
#3524 = LINE('',#3525,#3526);
#3525 = CARTESIAN_POINT('',(-4.138911435803E-13,-5.));
#3526 = VECTOR('',#3527,1.);
#3527 = DIRECTION('',(1.,-0.));
#3528 = ( GEOMETRIC_REPRESENTATION_CONTEXT(2) 
PARAMETRIC_REPRESENTATION_CONTEXT() REPRESENTATION_CONTEXT('2D SPACE',''
  ) );
#3529 = ADVANCED_FACE('',(#3530),#3003,.T.);
#3530 = FACE_BOUND('',#3531,.T.);
#3531 = EDGE_LOOP('',(#3532,#3533,#3534,#3535));
#3532 = ORIENTED_EDGE('',*,*,#2989,.F.);
#3533 = ORIENTED_EDGE('',*,*,#3020,.T.);
#3534 = ORIENTED_EDGE('',*,*,#3302,.T.);
#3535 = ORIENTED_EDGE('',*,*,#3328,.F.);
#3536 = ADVANCED_FACE('',(#3537),#3087,.F.);
#3537 = FACE_BOUND('',#3538,.F.);
#3538 = EDGE_LOOP('',(#3539,#3560,#3561,#3562));
#3539 = ORIENTED_EDGE('',*,*,#3540,.T.);
#3540 = EDGE_CURVE('',#3067,#3353,#3541,.T.);
#3541 = SEAM_CURVE('',#3542,(#3546,#3553),.PCURVE_S1.);
#3542 = LINE('',#3543,#3544);
#3543 = CARTESIAN_POINT('',(-41.3,-33.,-1.));
#3544 = VECTOR('',#3545,1.);
#3545 = DIRECTION('',(0.,0.,1.));
#3546 = PCURVE('',#3087,#3547);
#3547 = DEFINITIONAL_REPRESENTATION('',(#3548),#3552);
#3548 = LINE('',#3549,#3550);
#3549 = CARTESIAN_POINT('',(-4.138911435803E-13,0.));
#3550 = VECTOR('',#3551,1.);
#3551 = DIRECTION('',(-0.,-1.));
#3552 = ( GEOMETRIC_REPRESENTATION_CONTEXT(2) 
PARAMETRIC_REPRESENTATION_CONTEXT() REPRESENTATION_CONTEXT('2D SPACE',''
  ) );
#3553 = PCURVE('',#3087,#3554);
#3554 = DEFINITIONAL_REPRESENTATION('',(#3555),#3559);
#3555 = LINE('',#3556,#3557);
#3556 = CARTESIAN_POINT('',(6.28318530718,0.));
#3557 = VECTOR('',#3558,1.);
#3558 = DIRECTION('',(-0.,-1.));
#3559 = ( GEOMETRIC_REPRESENTATION_CONTEXT(2) 
PARAMETRIC_REPRESENTATION_CONTEXT() REPRESENTATION_CONTEXT('2D SPACE',''
  ) );
#3560 = ORIENTED_EDGE('',*,*,#3352,.T.);
#3561 = ORIENTED_EDGE('',*,*,#3540,.F.);
#3562 = ORIENTED_EDGE('',*,*,#3066,.F.);
#3563 = ADVANCED_FACE('',(#3564),#3122,.F.);
#3564 = FACE_BOUND('',#3565,.F.);
#3565 = EDGE_LOOP('',(#3566,#3587,#3588,#3589));
#3566 = ORIENTED_EDGE('',*,*,#3567,.T.);
#3567 = EDGE_CURVE('',#3102,#3383,#3568,.T.);
#3568 = SEAM_CURVE('',#3569,(#3573,#3580),.PCURVE_S1.);
#3569 = LINE('',#3570,#3571);
#3570 = CARTESIAN_POINT('',(44.7,-33.,-1.));
#3571 = VECTOR('',#3572,1.);
#3572 = DIRECTION('',(0.,0.,1.));
#3573 = PCURVE('',#3122,#3574);
#3574 = DEFINITIONAL_REPRESENTATION('',(#3575),#3579);
#3575 = LINE('',#3576,#3577);
#3576 = CARTESIAN_POINT('',(-4.138911435803E-13,0.));
#3577 = VECTOR('',#3578,1.);
#3578 = DIRECTION('',(-0.,-1.));
#3579 = ( GEOMETRIC_REPRESENTATION_CONTEXT(2) 
PARAMETRIC_REPRESENTATION_CONTEXT() REPRESENTATION_CONTEXT('2D SPACE',''
  ) );
#3580 = PCURVE('',#3122,#3581);
#3581 = DEFINITIONAL_REPRESENTATION('',(#3582),#3586);
#3582 = LINE('',#3583,#3584);
#3583 = CARTESIAN_POINT('',(6.28318530718,0.));
#3584 = VECTOR('',#3585,1.);
#3585 = DIRECTION('',(-0.,-1.));
#3586 = ( GEOMETRIC_REPRESENTATION_CONTEXT(2) 
PARAMETRIC_REPRESENTATION_CONTEXT() REPRESENTATION_CONTEXT('2D SPACE',''
  ) );
#3587 = ORIENTED_EDGE('',*,*,#3382,.T.);
#3588 = ORIENTED_EDGE('',*,*,#3567,.F.);
#3589 = ORIENTED_EDGE('',*,*,#3101,.F.);
#3590 = ADVANCED_FACE('',(#3591),#3157,.F.);
#3591 = FACE_BOUND('',#3592,.T.);
#3592 = EDGE_LOOP('',(#3593,#3594,#3615,#3616));
#3593 = ORIENTED_EDGE('',*,*,#3136,.T.);
#3594 = ORIENTED_EDGE('',*,*,#3595,.T.);
#3595 = EDGE_CURVE('',#3137,#3413,#3596,.T.);
#3596 = SEAM_CURVE('',#3597,(#3601,#3608),.PCURVE_S1.);
#3597 = LINE('',#3598,#3599);
#3598 = CARTESIAN_POINT('',(-16.4,0.,-1.));
#3599 = VECTOR('',#3600,1.);
#3600 = DIRECTION('',(0.,0.,1.));
#3601 = PCURVE('',#3157,#3602);
#3602 = DEFINITIONAL_REPRESENTATION('',(#3603),#3607);
#3603 = LINE('',#3604,#3605);
#3604 = CARTESIAN_POINT('',(-6.28318530718,0.));
#3605 = VECTOR('',#3606,1.);
#3606 = DIRECTION('',(-0.,-1.));
#3607 = ( GEOMETRIC_REPRESENTATION_CONTEXT(2) 
PARAMETRIC_REPRESENTATION_CONTEXT() REPRESENTATION_CONTEXT('2D SPACE',''
  ) );
#3608 = PCURVE('',#3157,#3609);
#3609 = DEFINITIONAL_REPRESENTATION('',(#3610),#3614);
#3610 = LINE('',#3611,#3612);
#3611 = CARTESIAN_POINT('',(-0.,0.));
#3612 = VECTOR('',#3613,1.);
#3613 = DIRECTION('',(-0.,-1.));
#3614 = ( GEOMETRIC_REPRESENTATION_CONTEXT(2) 
PARAMETRIC_REPRESENTATION_CONTEXT() REPRESENTATION_CONTEXT('2D SPACE',''
  ) );
#3615 = ORIENTED_EDGE('',*,*,#3412,.F.);
#3616 = ORIENTED_EDGE('',*,*,#3595,.F.);
#3617 = ADVANCED_FACE('',(#3618),#3192,.F.);
#3618 = FACE_BOUND('',#3619,.F.);
#3619 = EDGE_LOOP('',(#3620,#3641,#3642,#3643));
#3620 = ORIENTED_EDGE('',*,*,#3621,.T.);
#3621 = EDGE_CURVE('',#3172,#3443,#3622,.T.);
#3622 = SEAM_CURVE('',#3623,(#3627,#3634),.PCURVE_S1.);
#3623 = LINE('',#3624,#3625);
#3624 = CARTESIAN_POINT('',(-41.3,33.,-1.));
#3625 = VECTOR('',#3626,1.);
#3626 = DIRECTION('',(0.,0.,1.));
#3627 = PCURVE('',#3192,#3628);
#3628 = DEFINITIONAL_REPRESENTATION('',(#3629),#3633);
#3629 = LINE('',#3630,#3631);
#3630 = CARTESIAN_POINT('',(-4.138911435803E-13,0.));
#3631 = VECTOR('',#3632,1.);
#3632 = DIRECTION('',(-0.,-1.));
#3633 = ( GEOMETRIC_REPRESENTATION_CONTEXT(2) 
PARAMETRIC_REPRESENTATION_CONTEXT() REPRESENTATION_CONTEXT('2D SPACE',''
  ) );
#3634 = PCURVE('',#3192,#3635);
#3635 = DEFINITIONAL_REPRESENTATION('',(#3636),#3640);
#3636 = LINE('',#3637,#3638);
#3637 = CARTESIAN_POINT('',(6.28318530718,0.));
#3638 = VECTOR('',#3639,1.);
#3639 = DIRECTION('',(-0.,-1.));
#3640 = ( GEOMETRIC_REPRESENTATION_CONTEXT(2) 
PARAMETRIC_REPRESENTATION_CONTEXT() REPRESENTATION_CONTEXT('2D SPACE',''
  ) );
#3641 = ORIENTED_EDGE('',*,*,#3442,.T.);
#3642 = ORIENTED_EDGE('',*,*,#3621,.F.);
#3643 = ORIENTED_EDGE('',*,*,#3171,.F.);
#3644 = ADVANCED_FACE('',(#3645),#3227,.F.);
#3645 = FACE_BOUND('',#3646,.T.);
#3646 = EDGE_LOOP('',(#3647,#3648,#3669,#3670));
#3647 = ORIENTED_EDGE('',*,*,#3206,.T.);
#3648 = ORIENTED_EDGE('',*,*,#3649,.T.);
#3649 = EDGE_CURVE('',#3207,#3473,#3650,.T.);
#3650 = SEAM_CURVE('',#3651,(#3655,#3662),.PCURVE_S1.);
#3651 = LINE('',#3652,#3653);
#3652 = CARTESIAN_POINT('',(19.8,0.,-1.));
#3653 = VECTOR('',#3654,1.);
#3654 = DIRECTION('',(0.,0.,1.));
#3655 = PCURVE('',#3227,#3656);
#3656 = DEFINITIONAL_REPRESENTATION('',(#3657),#3661);
#3657 = LINE('',#3658,#3659);
#3658 = CARTESIAN_POINT('',(-6.28318530718,0.));
#3659 = VECTOR('',#3660,1.);
#3660 = DIRECTION('',(-0.,-1.));
#3661 = ( GEOMETRIC_REPRESENTATION_CONTEXT(2) 
PARAMETRIC_REPRESENTATION_CONTEXT() REPRESENTATION_CONTEXT('2D SPACE',''
  ) );
#3662 = PCURVE('',#3227,#3663);
#3663 = DEFINITIONAL_REPRESENTATION('',(#3664),#3668);
#3664 = LINE('',#3665,#3666);
#3665 = CARTESIAN_POINT('',(-0.,0.));
#3666 = VECTOR('',#3667,1.);
#3667 = DIRECTION('',(-0.,-1.));
#3668 = ( GEOMETRIC_REPRESENTATION_CONTEXT(2) 
PARAMETRIC_REPRESENTATION_CONTEXT() REPRESENTATION_CONTEXT('2D SPACE',''
  ) );
#3669 = ORIENTED_EDGE('',*,*,#3472,.F.);
#3670 = ORIENTED_EDGE('',*,*,#3649,.F.);
#3671 = ADVANCED_FACE('',(#3672),#3262,.F.);
#3672 = FACE_BOUND('',#3673,.F.);
#3673 = EDGE_LOOP('',(#3674,#3695,#3696,#3697));
#3674 = ORIENTED_EDGE('',*,*,#3675,.T.);
#3675 = EDGE_CURVE('',#3242,#3503,#3676,.T.);
#3676 = SEAM_CURVE('',#3677,(#3681,#3688),.PCURVE_S1.);
#3677 = LINE('',#3678,#3679);
#3678 = CARTESIAN_POINT('',(44.7,33.,-1.));
#3679 = VECTOR('',#3680,1.);
#3680 = DIRECTION('',(0.,0.,1.));
#3681 = PCURVE('',#3262,#3682);
#3682 = DEFINITIONAL_REPRESENTATION('',(#3683),#3687);
#3683 = LINE('',#3684,#3685);
#3684 = CARTESIAN_POINT('',(-4.138911435803E-13,0.));
#3685 = VECTOR('',#3686,1.);
#3686 = DIRECTION('',(-0.,-1.));
#3687 = ( GEOMETRIC_REPRESENTATION_CONTEXT(2) 
PARAMETRIC_REPRESENTATION_CONTEXT() REPRESENTATION_CONTEXT('2D SPACE',''
  ) );
#3688 = PCURVE('',#3262,#3689);
#3689 = DEFINITIONAL_REPRESENTATION('',(#3690),#3694);
#3690 = LINE('',#3691,#3692);
#3691 = CARTESIAN_POINT('',(6.28318530718,0.));
#3692 = VECTOR('',#3693,1.);
#3693 = DIRECTION('',(-0.,-1.));
#3694 = ( GEOMETRIC_REPRESENTATION_CONTEXT(2) 
PARAMETRIC_REPRESENTATION_CONTEXT() REPRESENTATION_CONTEXT('2D SPACE',''
  ) );
#3695 = ORIENTED_EDGE('',*,*,#3502,.T.);
#3696 = ORIENTED_EDGE('',*,*,#3675,.F.);
#3697 = ORIENTED_EDGE('',*,*,#3241,.F.);
#3698 = ( GEOMETRIC_REPRESENTATION_CONTEXT(3) 
GLOBAL_UNCERTAINTY_ASSIGNED_CONTEXT((#3702)) 
GLOBAL_UNIT_ASSIGNED_CONTEXT((#3699,#3700,#3701)) REPRESENTATION_CONTEXT
('Context #1','3D Context with UNIT and UNCERTAINTY') );
#3699 = ( LENGTH_UNIT() NAMED_UNIT(*) SI_UNIT(.MILLI.,.METRE.) );
#3700 = ( NAMED_UNIT(*) PLANE_ANGLE_UNIT() SI_UNIT($,.RADIAN.) );
#3701 = ( NAMED_UNIT(*) SI_UNIT($,.STERADIAN.) SOLID_ANGLE_UNIT() );
#3702 = UNCERTAINTY_MEASURE_WITH_UNIT(LENGTH_MEASURE(1.E-07),#3699,
  'distance_accuracy_value','confusion accuracy');
#3703 = CONTEXT_DEPENDENT_SHAPE_REPRESENTATION(#3704,#3706);
#3704 = ( REPRESENTATION_RELATIONSHIP('','',#2815,#10) 
REPRESENTATION_RELATIONSHIP_WITH_TRANSFORMATION(#3705) 
SHAPE_REPRESENTATION_RELATIONSHIP() );
#3705 = ITEM_DEFINED_TRANSFORMATION('','',#11,#23);
#3706 = PRODUCT_DEFINITION_SHAPE('Placement','Placement of an item',
  #3707);
#3707 = NEXT_ASSEMBLY_USAGE_OCCURRENCE('3','carrier-fixture-plate','',#5
  ,#2810,$);
#3708 = PRODUCT_RELATED_PRODUCT_CATEGORY('part',$,(#2812));
#3709 = SHAPE_DEFINITION_REPRESENTATION(#3710,#3716);
#3710 = PRODUCT_DEFINITION_SHAPE('','',#3711);
#3711 = PRODUCT_DEFINITION('design','',#3712,#3715);
#3712 = PRODUCT_DEFINITION_FORMATION('','',#3713);
#3713 = PRODUCT('yaw_seat','yaw_seat','',(#3714));
#3714 = PRODUCT_CONTEXT('',#2,'mechanical');
#3715 = PRODUCT_DEFINITION_CONTEXT('part definition',#2,'design');
#3716 = ADVANCED_BREP_SHAPE_REPRESENTATION('',(#11,#3717),#5665);
#3717 = MANIFOLD_SOLID_BREP('',#3718);
#3718 = CLOSED_SHELL('',(#3719,#3951,#4275,#4324,#4584,#4706,#4869,#4918
    ,#5071,#5098,#5109,#5156,#5183,#5210,#5217,#5264,#5291,#5318,#5325,
    #5374,#5423,#5450,#5457,#5533,#5582,#5631,#5658));
#3719 = ADVANCED_FACE('',(#3720),#3734,.F.);
#3720 = FACE_BOUND('',#3721,.F.);
#3721 = EDGE_LOOP('',(#3722,#3757,#3785,#3813,#3841,#3869,#3897,#3925));
#3722 = ORIENTED_EDGE('',*,*,#3723,.F.);
#3723 = EDGE_CURVE('',#3724,#3726,#3728,.T.);
#3724 = VERTEX_POINT('',#3725);
#3725 = CARTESIAN_POINT('',(-22.1,-9.7,4.));
#3726 = VERTEX_POINT('',#3727);
#3727 = CARTESIAN_POINT('',(22.1,-9.7,4.));
#3728 = SURFACE_CURVE('',#3729,(#3733,#3745),.PCURVE_S1.);
#3729 = LINE('',#3730,#3731);
#3730 = CARTESIAN_POINT('',(-22.1,-9.7,4.));
#3731 = VECTOR('',#3732,1.);
#3732 = DIRECTION('',(1.,0.,0.));
#3733 = PCURVE('',#3734,#3739);
#3734 = PLANE('',#3735);
#3735 = AXIS2_PLACEMENT_3D('',#3736,#3737,#3738);
#3736 = CARTESIAN_POINT('',(-15.1,-9.7,4.));
#3737 = DIRECTION('',(0.,1.,0.));
#3738 = DIRECTION('',(0.,-0.,1.));
#3739 = DEFINITIONAL_REPRESENTATION('',(#3740),#3744);
#3740 = LINE('',#3741,#3742);
#3741 = CARTESIAN_POINT('',(0.,-7.));
#3742 = VECTOR('',#3743,1.);
#3743 = DIRECTION('',(0.,1.));
#3744 = ( GEOMETRIC_REPRESENTATION_CONTEXT(2) 
PARAMETRIC_REPRESENTATION_CONTEXT() REPRESENTATION_CONTEXT('2D SPACE',''
  ) );
#3745 = PCURVE('',#3746,#3751);
#3746 = PLANE('',#3747);
#3747 = AXIS2_PLACEMENT_3D('',#3748,#3749,#3750);
#3748 = CARTESIAN_POINT('',(-15.1,-9.7,4.));
#3749 = DIRECTION('',(0.,0.,1.));
#3750 = DIRECTION('',(1.,0.,-0.));
#3751 = DEFINITIONAL_REPRESENTATION('',(#3752),#3756);
#3752 = LINE('',#3753,#3754);
#3753 = CARTESIAN_POINT('',(-7.,0.));
#3754 = VECTOR('',#3755,1.);
#3755 = DIRECTION('',(1.,0.));
#3756 = ( GEOMETRIC_REPRESENTATION_CONTEXT(2) 
PARAMETRIC_REPRESENTATION_CONTEXT() REPRESENTATION_CONTEXT('2D SPACE',''
  ) );
#3757 = ORIENTED_EDGE('',*,*,#3758,.T.);
#3758 = EDGE_CURVE('',#3724,#3759,#3761,.T.);
#3759 = VERTEX_POINT('',#3760);
#3760 = CARTESIAN_POINT('',(-22.1,-9.7,6.5));
#3761 = SURFACE_CURVE('',#3762,(#3766,#3773),.PCURVE_S1.);
#3762 = LINE('',#3763,#3764);
#3763 = CARTESIAN_POINT('',(-22.1,-9.7,4.));
#3764 = VECTOR('',#3765,1.);
#3765 = DIRECTION('',(0.,0.,1.));
#3766 = PCURVE('',#3734,#3767);
#3767 = DEFINITIONAL_REPRESENTATION('',(#3768),#3772);
#3768 = LINE('',#3769,#3770);
#3769 = CARTESIAN_POINT('',(0.,-7.));
#3770 = VECTOR('',#3771,1.);
#3771 = DIRECTION('',(1.,0.));
#3772 = ( GEOMETRIC_REPRESENTATION_CONTEXT(2) 
PARAMETRIC_REPRESENTATION_CONTEXT() REPRESENTATION_CONTEXT('2D SPACE',''
  ) );
#3773 = PCURVE('',#3774,#3779);
#3774 = PLANE('',#3775);
#3775 = AXIS2_PLACEMENT_3D('',#3776,#3777,#3778);
#3776 = CARTESIAN_POINT('',(-22.1,-9.7,4.));
#3777 = DIRECTION('',(1.,0.,0.));
#3778 = DIRECTION('',(0.,0.,1.));
#3779 = DEFINITIONAL_REPRESENTATION('',(#3780),#3784);
#3780 = LINE('',#3781,#3782);
#3781 = CARTESIAN_POINT('',(0.,0.));
#3782 = VECTOR('',#3783,1.);
#3783 = DIRECTION('',(1.,0.));
#3784 = ( GEOMETRIC_REPRESENTATION_CONTEXT(2) 
PARAMETRIC_REPRESENTATION_CONTEXT() REPRESENTATION_CONTEXT('2D SPACE',''
  ) );
#3785 = ORIENTED_EDGE('',*,*,#3786,.T.);
#3786 = EDGE_CURVE('',#3759,#3787,#3789,.T.);
#3787 = VERTEX_POINT('',#3788);
#3788 = CARTESIAN_POINT('',(-15.1,-9.7,6.5));
#3789 = SURFACE_CURVE('',#3790,(#3794,#3801),.PCURVE_S1.);
#3790 = LINE('',#3791,#3792);
#3791 = CARTESIAN_POINT('',(-22.1,-9.7,6.5));
#3792 = VECTOR('',#3793,1.);
#3793 = DIRECTION('',(1.,0.,0.));
#3794 = PCURVE('',#3734,#3795);
#3795 = DEFINITIONAL_REPRESENTATION('',(#3796),#3800);
#3796 = LINE('',#3797,#3798);
#3797 = CARTESIAN_POINT('',(2.5,-7.));
#3798 = VECTOR('',#3799,1.);
#3799 = DIRECTION('',(0.,1.));
#3800 = ( GEOMETRIC_REPRESENTATION_CONTEXT(2) 
PARAMETRIC_REPRESENTATION_CONTEXT() REPRESENTATION_CONTEXT('2D SPACE',''
  ) );
#3801 = PCURVE('',#3802,#3807);
#3802 = PLANE('',#3803);
#3803 = AXIS2_PLACEMENT_3D('',#3804,#3805,#3806);
#3804 = CARTESIAN_POINT('',(-22.1,-9.7,6.5));
#3805 = DIRECTION('',(0.,0.,1.));
#3806 = DIRECTION('',(1.,0.,-0.));
#3807 = DEFINITIONAL_REPRESENTATION('',(#3808),#3812);
#3808 = LINE('',#3809,#3810);
#3809 = CARTESIAN_POINT('',(0.,0.));
#3810 = VECTOR('',#3811,1.);
#3811 = DIRECTION('',(1.,0.));
#3812 = ( GEOMETRIC_REPRESENTATION_CONTEXT(2) 
PARAMETRIC_REPRESENTATION_CONTEXT() REPRESENTATION_CONTEXT('2D SPACE',''
  ) );
#3813 = ORIENTED_EDGE('',*,*,#3814,.T.);
#3814 = EDGE_CURVE('',#3787,#3815,#3817,.T.);
#3815 = VERTEX_POINT('',#3816);
#3816 = CARTESIAN_POINT('',(-15.1,-9.7,16.5));
#3817 = SURFACE_CURVE('',#3818,(#3822,#3829),.PCURVE_S1.);
#3818 = LINE('',#3819,#3820);
#3819 = CARTESIAN_POINT('',(-15.1,-9.7,4.));
#3820 = VECTOR('',#3821,1.);
#3821 = DIRECTION('',(0.,0.,1.));
#3822 = PCURVE('',#3734,#3823);
#3823 = DEFINITIONAL_REPRESENTATION('',(#3824),#3828);
#3824 = LINE('',#3825,#3826);
#3825 = CARTESIAN_POINT('',(0.,0.));
#3826 = VECTOR('',#3827,1.);
#3827 = DIRECTION('',(1.,0.));
#3828 = ( GEOMETRIC_REPRESENTATION_CONTEXT(2) 
PARAMETRIC_REPRESENTATION_CONTEXT() REPRESENTATION_CONTEXT('2D SPACE',''
  ) );
#3829 = PCURVE('',#3830,#3835);
#3830 = PLANE('',#3831);
#3831 = AXIS2_PLACEMENT_3D('',#3832,#3833,#3834);
#3832 = CARTESIAN_POINT('',(-15.1,-9.7,4.));
#3833 = DIRECTION('',(1.,0.,0.));
#3834 = DIRECTION('',(0.,0.,1.));
#3835 = DEFINITIONAL_REPRESENTATION('',(#3836),#3840);
#3836 = LINE('',#3837,#3838);
#3837 = CARTESIAN_POINT('',(0.,0.));
#3838 = VECTOR('',#3839,1.);
#3839 = DIRECTION('',(1.,0.));
#3840 = ( GEOMETRIC_REPRESENTATION_CONTEXT(2) 
PARAMETRIC_REPRESENTATION_CONTEXT() REPRESENTATION_CONTEXT('2D SPACE',''
  ) );
#3841 = ORIENTED_EDGE('',*,*,#3842,.T.);
#3842 = EDGE_CURVE('',#3815,#3843,#3845,.T.);
#3843 = VERTEX_POINT('',#3844);
#3844 = CARTESIAN_POINT('',(15.1,-9.7,16.5));
#3845 = SURFACE_CURVE('',#3846,(#3850,#3857),.PCURVE_S1.);
#3846 = LINE('',#3847,#3848);
#3847 = CARTESIAN_POINT('',(-15.1,-9.7,16.5));
#3848 = VECTOR('',#3849,1.);
#3849 = DIRECTION('',(1.,0.,0.));
#3850 = PCURVE('',#3734,#3851);
#3851 = DEFINITIONAL_REPRESENTATION('',(#3852),#3856);
#3852 = LINE('',#3853,#3854);
#3853 = CARTESIAN_POINT('',(12.5,0.));
#3854 = VECTOR('',#3855,1.);
#3855 = DIRECTION('',(0.,1.));
#3856 = ( GEOMETRIC_REPRESENTATION_CONTEXT(2) 
PARAMETRIC_REPRESENTATION_CONTEXT() REPRESENTATION_CONTEXT('2D SPACE',''
  ) );
#3857 = PCURVE('',#3858,#3863);
#3858 = PLANE('',#3859);
#3859 = AXIS2_PLACEMENT_3D('',#3860,#3861,#3862);
#3860 = CARTESIAN_POINT('',(-15.1,-9.7,16.5));
#3861 = DIRECTION('',(0.,0.,1.));
#3862 = DIRECTION('',(1.,0.,-0.));
#3863 = DEFINITIONAL_REPRESENTATION('',(#3864),#3868);
#3864 = LINE('',#3865,#3866);
#3865 = CARTESIAN_POINT('',(0.,0.));
#3866 = VECTOR('',#3867,1.);
#3867 = DIRECTION('',(1.,0.));
#3868 = ( GEOMETRIC_REPRESENTATION_CONTEXT(2) 
PARAMETRIC_REPRESENTATION_CONTEXT() REPRESENTATION_CONTEXT('2D SPACE',''
  ) );
#3869 = ORIENTED_EDGE('',*,*,#3870,.F.);
#3870 = EDGE_CURVE('',#3871,#3843,#3873,.T.);
#3871 = VERTEX_POINT('',#3872);
#3872 = CARTESIAN_POINT('',(15.1,-9.7,6.5));
#3873 = SURFACE_CURVE('',#3874,(#3878,#3885),.PCURVE_S1.);
#3874 = LINE('',#3875,#3876);
#3875 = CARTESIAN_POINT('',(15.1,-9.7,4.));
#3876 = VECTOR('',#3877,1.);
#3877 = DIRECTION('',(0.,0.,1.));
#3878 = PCURVE('',#3734,#3879);
#3879 = DEFINITIONAL_REPRESENTATION('',(#3880),#3884);
#3880 = LINE('',#3881,#3882);
#3881 = CARTESIAN_POINT('',(0.,30.2));
#3882 = VECTOR('',#3883,1.);
#3883 = DIRECTION('',(1.,0.));
#3884 = ( GEOMETRIC_REPRESENTATION_CONTEXT(2) 
PARAMETRIC_REPRESENTATION_CONTEXT() REPRESENTATION_CONTEXT('2D SPACE',''
  ) );
#3885 = PCURVE('',#3886,#3891);
#3886 = PLANE('',#3887);
#3887 = AXIS2_PLACEMENT_3D('',#3888,#3889,#3890);
#3888 = CARTESIAN_POINT('',(15.1,-9.7,4.));
#3889 = DIRECTION('',(1.,0.,0.));
#3890 = DIRECTION('',(0.,0.,1.));
#3891 = DEFINITIONAL_REPRESENTATION('',(#3892),#3896);
#3892 = LINE('',#3893,#3894);
#3893 = CARTESIAN_POINT('',(0.,0.));
#3894 = VECTOR('',#3895,1.);
#3895 = DIRECTION('',(1.,0.));
#3896 = ( GEOMETRIC_REPRESENTATION_CONTEXT(2) 
PARAMETRIC_REPRESENTATION_CONTEXT() REPRESENTATION_CONTEXT('2D SPACE',''
  ) );
#3897 = ORIENTED_EDGE('',*,*,#3898,.T.);
#3898 = EDGE_CURVE('',#3871,#3899,#3901,.T.);
#3899 = VERTEX_POINT('',#3900);
#3900 = CARTESIAN_POINT('',(22.1,-9.7,6.5));
#3901 = SURFACE_CURVE('',#3902,(#3906,#3913),.PCURVE_S1.);
#3902 = LINE('',#3903,#3904);
#3903 = CARTESIAN_POINT('',(14.1,-9.7,6.5));
#3904 = VECTOR('',#3905,1.);
#3905 = DIRECTION('',(1.,0.,0.));
#3906 = PCURVE('',#3734,#3907);
#3907 = DEFINITIONAL_REPRESENTATION('',(#3908),#3912);
#3908 = LINE('',#3909,#3910);
#3909 = CARTESIAN_POINT('',(2.5,29.2));
#3910 = VECTOR('',#3911,1.);
#3911 = DIRECTION('',(0.,1.));
#3912 = ( GEOMETRIC_REPRESENTATION_CONTEXT(2) 
PARAMETRIC_REPRESENTATION_CONTEXT() REPRESENTATION_CONTEXT('2D SPACE',''
  ) );
#3913 = PCURVE('',#3914,#3919);
#3914 = PLANE('',#3915);
#3915 = AXIS2_PLACEMENT_3D('',#3916,#3917,#3918);
#3916 = CARTESIAN_POINT('',(14.1,-9.7,6.5));
#3917 = DIRECTION('',(0.,0.,1.));
#3918 = DIRECTION('',(1.,0.,-0.));
#3919 = DEFINITIONAL_REPRESENTATION('',(#3920),#3924);
#3920 = LINE('',#3921,#3922);
#3921 = CARTESIAN_POINT('',(0.,0.));
#3922 = VECTOR('',#3923,1.);
#3923 = DIRECTION('',(1.,0.));
#3924 = ( GEOMETRIC_REPRESENTATION_CONTEXT(2) 
PARAMETRIC_REPRESENTATION_CONTEXT() REPRESENTATION_CONTEXT('2D SPACE',''
  ) );
#3925 = ORIENTED_EDGE('',*,*,#3926,.F.);
#3926 = EDGE_CURVE('',#3726,#3899,#3927,.T.);
#3927 = SURFACE_CURVE('',#3928,(#3932,#3939),.PCURVE_S1.);
#3928 = LINE('',#3929,#3930);
#3929 = CARTESIAN_POINT('',(22.1,-9.7,4.));
#3930 = VECTOR('',#3931,1.);
#3931 = DIRECTION('',(0.,0.,1.));
#3932 = PCURVE('',#3734,#3933);
#3933 = DEFINITIONAL_REPRESENTATION('',(#3934),#3938);
#3934 = LINE('',#3935,#3936);
#3935 = CARTESIAN_POINT('',(0.,37.2));
#3936 = VECTOR('',#3937,1.);
#3937 = DIRECTION('',(1.,0.));
#3938 = ( GEOMETRIC_REPRESENTATION_CONTEXT(2) 
PARAMETRIC_REPRESENTATION_CONTEXT() REPRESENTATION_CONTEXT('2D SPACE',''
  ) );
#3939 = PCURVE('',#3940,#3945);
#3940 = PLANE('',#3941);
#3941 = AXIS2_PLACEMENT_3D('',#3942,#3943,#3944);
#3942 = CARTESIAN_POINT('',(22.1,-9.7,4.));
#3943 = DIRECTION('',(1.,0.,0.));
#3944 = DIRECTION('',(0.,0.,1.));
#3945 = DEFINITIONAL_REPRESENTATION('',(#3946),#3950);
#3946 = LINE('',#3947,#3948);
#3947 = CARTESIAN_POINT('',(0.,0.));
#3948 = VECTOR('',#3949,1.);
#3949 = DIRECTION('',(1.,0.));
#3950 = ( GEOMETRIC_REPRESENTATION_CONTEXT(2) 
PARAMETRIC_REPRESENTATION_CONTEXT() REPRESENTATION_CONTEXT('2D SPACE',''
  ) );
#3951 = ADVANCED_FACE('',(#3952,#4027,#4151),#3746,.F.);
#3952 = FACE_BOUND('',#3953,.F.);
#3953 = EDGE_LOOP('',(#3954,#3984,#4005,#4006));
#3954 = ORIENTED_EDGE('',*,*,#3955,.F.);
#3955 = EDGE_CURVE('',#3956,#3958,#3960,.T.);
#3956 = VERTEX_POINT('',#3957);
#3957 = CARTESIAN_POINT('',(-22.1,9.7,4.));
#3958 = VERTEX_POINT('',#3959);
#3959 = CARTESIAN_POINT('',(22.1,9.7,4.));
#3960 = SURFACE_CURVE('',#3961,(#3965,#3972),.PCURVE_S1.);
#3961 = LINE('',#3962,#3963);
#3962 = CARTESIAN_POINT('',(-22.1,9.7,4.));
#3963 = VECTOR('',#3964,1.);
#3964 = DIRECTION('',(1.,0.,0.));
#3965 = PCURVE('',#3746,#3966);
#3966 = DEFINITIONAL_REPRESENTATION('',(#3967),#3971);
#3967 = LINE('',#3968,#3969);
#3968 = CARTESIAN_POINT('',(-7.,19.4));
#3969 = VECTOR('',#3970,1.);
#3970 = DIRECTION('',(1.,0.));
#3971 = ( GEOMETRIC_REPRESENTATION_CONTEXT(2) 
PARAMETRIC_REPRESENTATION_CONTEXT() REPRESENTATION_CONTEXT('2D SPACE',''
  ) );
#3972 = PCURVE('',#3973,#3978);
#3973 = PLANE('',#3974);
#3974 = AXIS2_PLACEMENT_3D('',#3975,#3976,#3977);
#3975 = CARTESIAN_POINT('',(-15.1,9.7,4.));
#3976 = DIRECTION('',(0.,1.,0.));
#3977 = DIRECTION('',(0.,-0.,1.));
#3978 = DEFINITIONAL_REPRESENTATION('',(#3979),#3983);
#3979 = LINE('',#3980,#3981);
#3980 = CARTESIAN_POINT('',(0.,-7.));
#3981 = VECTOR('',#3982,1.);
#3982 = DIRECTION('',(0.,1.));
#3983 = ( GEOMETRIC_REPRESENTATION_CONTEXT(2) 
PARAMETRIC_REPRESENTATION_CONTEXT() REPRESENTATION_CONTEXT('2D SPACE',''
  ) );
#3984 = ORIENTED_EDGE('',*,*,#3985,.F.);
#3985 = EDGE_CURVE('',#3724,#3956,#3986,.T.);
#3986 = SURFACE_CURVE('',#3987,(#3991,#3998),.PCURVE_S1.);
#3987 = LINE('',#3988,#3989);
#3988 = CARTESIAN_POINT('',(-22.1,-9.7,4.));
#3989 = VECTOR('',#3990,1.);
#3990 = DIRECTION('',(0.,1.,0.));
#3991 = PCURVE('',#3746,#3992);
#3992 = DEFINITIONAL_REPRESENTATION('',(#3993),#3997);
#3993 = LINE('',#3994,#3995);
#3994 = CARTESIAN_POINT('',(-7.,0.));
#3995 = VECTOR('',#3996,1.);
#3996 = DIRECTION('',(0.,1.));
#3997 = ( GEOMETRIC_REPRESENTATION_CONTEXT(2) 
PARAMETRIC_REPRESENTATION_CONTEXT() REPRESENTATION_CONTEXT('2D SPACE',''
  ) );
#3998 = PCURVE('',#3774,#3999);
#3999 = DEFINITIONAL_REPRESENTATION('',(#4000),#4004);
#4000 = LINE('',#4001,#4002);
#4001 = CARTESIAN_POINT('',(0.,0.));
#4002 = VECTOR('',#4003,1.);
#4003 = DIRECTION('',(0.,-1.));
#4004 = ( GEOMETRIC_REPRESENTATION_CONTEXT(2) 
PARAMETRIC_REPRESENTATION_CONTEXT() REPRESENTATION_CONTEXT('2D SPACE',''
  ) );
#4005 = ORIENTED_EDGE('',*,*,#3723,.T.);
#4006 = ORIENTED_EDGE('',*,*,#4007,.T.);
#4007 = EDGE_CURVE('',#3726,#3958,#4008,.T.);
#4008 = SURFACE_CURVE('',#4009,(#4013,#4020),.PCURVE_S1.);
#4009 = LINE('',#4010,#4011);
#4010 = CARTESIAN_POINT('',(22.1,-9.7,4.));
#4011 = VECTOR('',#4012,1.);
#4012 = DIRECTION('',(0.,1.,0.));
#4013 = PCURVE('',#3746,#4014);
#4014 = DEFINITIONAL_REPRESENTATION('',(#4015),#4019);
#4015 = LINE('',#4016,#4017);
#4016 = CARTESIAN_POINT('',(37.2,0.));
#4017 = VECTOR('',#4018,1.);
#4018 = DIRECTION('',(0.,1.));
#4019 = ( GEOMETRIC_REPRESENTATION_CONTEXT(2) 
PARAMETRIC_REPRESENTATION_CONTEXT() REPRESENTATION_CONTEXT('2D SPACE',''
  ) );
#4020 = PCURVE('',#3940,#4021);
#4021 = DEFINITIONAL_REPRESENTATION('',(#4022),#4026);
#4022 = LINE('',#4023,#4024);
#4023 = CARTESIAN_POINT('',(0.,0.));
#4024 = VECTOR('',#4025,1.);
#4025 = DIRECTION('',(0.,-1.));
#4026 = ( GEOMETRIC_REPRESENTATION_CONTEXT(2) 
PARAMETRIC_REPRESENTATION_CONTEXT() REPRESENTATION_CONTEXT('2D SPACE',''
  ) );
#4027 = FACE_BOUND('',#4028,.F.);
#4028 = EDGE_LOOP('',(#4029,#4059,#4092,#4120));
#4029 = ORIENTED_EDGE('',*,*,#4030,.F.);
#4030 = EDGE_CURVE('',#4031,#4033,#4035,.T.);
#4031 = VERTEX_POINT('',#4032);
#4032 = CARTESIAN_POINT('',(-19.8,1.3,4.));
#4033 = VERTEX_POINT('',#4034);
#4034 = CARTESIAN_POINT('',(-19.8,-1.3,4.));
#4035 = SURFACE_CURVE('',#4036,(#4040,#4047),.PCURVE_S1.);
#4036 = LINE('',#4037,#4038);
#4037 = CARTESIAN_POINT('',(-19.8,-5.5,4.));
#4038 = VECTOR('',#4039,1.);
#4039 = DIRECTION('',(-1.110223024625E-16,-1.,0.));
#4040 = PCURVE('',#3746,#4041);
#4041 = DEFINITIONAL_REPRESENTATION('',(#4042),#4046);
#4042 = LINE('',#4043,#4044);
#4043 = CARTESIAN_POINT('',(-4.7,4.2));
#4044 = VECTOR('',#4045,1.);
#4045 = DIRECTION('',(-1.110223024625E-16,-1.));
#4046 = ( GEOMETRIC_REPRESENTATION_CONTEXT(2) 
PARAMETRIC_REPRESENTATION_CONTEXT() REPRESENTATION_CONTEXT('2D SPACE',''
  ) );
#4047 = PCURVE('',#4048,#4053);
#4048 = PLANE('',#4049);
#4049 = AXIS2_PLACEMENT_3D('',#4050,#4051,#4052);
#4050 = CARTESIAN_POINT('',(-19.8,-1.3,3.));
#4051 = DIRECTION('',(-1.,1.110223024625E-16,0.));
#4052 = DIRECTION('',(1.110223024625E-16,1.,0.));
#4053 = DEFINITIONAL_REPRESENTATION('',(#4054),#4058);
#4054 = LINE('',#4055,#4056);
#4055 = CARTESIAN_POINT('',(-4.2,-1.));
#4056 = VECTOR('',#4057,1.);
#4057 = DIRECTION('',(-1.,-0.));
#4058 = ( GEOMETRIC_REPRESENTATION_CONTEXT(2) 
PARAMETRIC_REPRESENTATION_CONTEXT() REPRESENTATION_CONTEXT('2D SPACE',''
  ) );
#4059 = ORIENTED_EDGE('',*,*,#4060,.T.);
#4060 = EDGE_CURVE('',#4031,#4061,#4063,.T.);
#4061 = VERTEX_POINT('',#4062);
#4062 = CARTESIAN_POINT('',(-16.4,1.3,4.));
#4063 = SURFACE_CURVE('',#4064,(#4069,#4080),.PCURVE_S1.);
#4064 = CIRCLE('',#4065,1.7);
#4065 = AXIS2_PLACEMENT_3D('',#4066,#4067,#4068);
#4066 = CARTESIAN_POINT('',(-18.1,1.3,4.));
#4067 = DIRECTION('',(0.,0.,-1.));
#4068 = DIRECTION('',(-1.,2.416367759478E-16,0.));
#4069 = PCURVE('',#3746,#4070);
#4070 = DEFINITIONAL_REPRESENTATION('',(#4071),#4079);
#4071 = ( BOUNDED_CURVE() B_SPLINE_CURVE(2,(#4072,#4073,#4074,#4075,
#4076,#4077,#4078),.UNSPECIFIED.,.T.,.F.) B_SPLINE_CURVE_WITH_KNOTS((1,2
    ,2,2,2,1),(-2.094395102393,0.,2.094395102393,4.188790204786,
6.28318530718,8.377580409573),.UNSPECIFIED.) CURVE() 
GEOMETRIC_REPRESENTATION_ITEM() RATIONAL_B_SPLINE_CURVE((1.,0.5,1.,0.5,
1.,0.5,1.)) REPRESENTATION_ITEM('') );
#4072 = CARTESIAN_POINT('',(-4.7,11.));
#4073 = CARTESIAN_POINT('',(-4.7,13.944486372867));
#4074 = CARTESIAN_POINT('',(-2.15,12.472243186434));
#4075 = CARTESIAN_POINT('',(0.4,11.));
#4076 = CARTESIAN_POINT('',(-2.15,9.527756813566));
#4077 = CARTESIAN_POINT('',(-4.7,8.055513627133));
#4078 = CARTESIAN_POINT('',(-4.7,11.));
#4079 = ( GEOMETRIC_REPRESENTATION_CONTEXT(2) 
PARAMETRIC_REPRESENTATION_CONTEXT() REPRESENTATION_CONTEXT('2D SPACE',''
  ) );
#4080 = PCURVE('',#4081,#4086);
#4081 = CYLINDRICAL_SURFACE('',#4082,1.7);
#4082 = AXIS2_PLACEMENT_3D('',#4083,#4084,#4085);
#4083 = CARTESIAN_POINT('',(-18.1,1.3,3.));
#4084 = DIRECTION('',(0.,0.,-1.));
#4085 = DIRECTION('',(-1.,2.416367759478E-16,0.));
#4086 = DEFINITIONAL_REPRESENTATION('',(#4087),#4091);
#4087 = LINE('',#4088,#4089);
#4088 = CARTESIAN_POINT('',(0.,-1.));
#4089 = VECTOR('',#4090,1.);
#4090 = DIRECTION('',(1.,0.));
#4091 = ( GEOMETRIC_REPRESENTATION_CONTEXT(2) 
PARAMETRIC_REPRESENTATION_CONTEXT() REPRESENTATION_CONTEXT('2D SPACE',''
  ) );
#4092 = ORIENTED_EDGE('',*,*,#4093,.F.);
#4093 = EDGE_CURVE('',#4094,#4061,#4096,.T.);
#4094 = VERTEX_POINT('',#4095);
#4095 = CARTESIAN_POINT('',(-16.4,-1.3,4.));
#4096 = SURFACE_CURVE('',#4097,(#4101,#4108),.PCURVE_S1.);
#4097 = LINE('',#4098,#4099);
#4098 = CARTESIAN_POINT('',(-16.4,-4.2,4.));
#4099 = VECTOR('',#4100,1.);
#4100 = DIRECTION('',(1.110223024625E-16,1.,-0.));
#4101 = PCURVE('',#3746,#4102);
#4102 = DEFINITIONAL_REPRESENTATION('',(#4103),#4107);
#4103 = LINE('',#4104,#4105);
#4104 = CARTESIAN_POINT('',(-1.3,5.5));
#4105 = VECTOR('',#4106,1.);
#4106 = DIRECTION('',(1.110223024625E-16,1.));
#4107 = ( GEOMETRIC_REPRESENTATION_CONTEXT(2) 
PARAMETRIC_REPRESENTATION_CONTEXT() REPRESENTATION_CONTEXT('2D SPACE',''
  ) );
#4108 = PCURVE('',#4109,#4114);
#4109 = PLANE('',#4110);
#4110 = AXIS2_PLACEMENT_3D('',#4111,#4112,#4113);
#4111 = CARTESIAN_POINT('',(-16.4,1.3,3.));
#4112 = DIRECTION('',(1.,-1.110223024625E-16,0.));
#4113 = DIRECTION('',(-1.110223024625E-16,-1.,0.));
#4114 = DEFINITIONAL_REPRESENTATION('',(#4115),#4119);
#4115 = LINE('',#4116,#4117);
#4116 = CARTESIAN_POINT('',(5.5,-1.));
#4117 = VECTOR('',#4118,1.);
#4118 = DIRECTION('',(-1.,0.));
#4119 = ( GEOMETRIC_REPRESENTATION_CONTEXT(2) 
PARAMETRIC_REPRESENTATION_CONTEXT() REPRESENTATION_CONTEXT('2D SPACE',''
  ) );
#4120 = ORIENTED_EDGE('',*,*,#4121,.T.);
#4121 = EDGE_CURVE('',#4094,#4033,#4122,.T.);
#4122 = SURFACE_CURVE('',#4123,(#4128,#4139),.PCURVE_S1.);
#4123 = CIRCLE('',#4124,1.7);
#4124 = AXIS2_PLACEMENT_3D('',#4125,#4126,#4127);
#4125 = CARTESIAN_POINT('',(-18.1,-1.3,4.));
#4126 = DIRECTION('',(-0.,0.,-1.));
#4127 = DIRECTION('',(1.,-2.416367759478E-16,-0.));
#4128 = PCURVE('',#3746,#4129);
#4129 = DEFINITIONAL_REPRESENTATION('',(#4130),#4138);
#4130 = ( BOUNDED_CURVE() B_SPLINE_CURVE(2,(#4131,#4132,#4133,#4134,
#4135,#4136,#4137),.UNSPECIFIED.,.T.,.F.) B_SPLINE_CURVE_WITH_KNOTS((1,2
    ,2,2,2,1),(-2.094395102393,0.,2.094395102393,4.188790204786,
6.28318530718,8.377580409573),.UNSPECIFIED.) CURVE() 
GEOMETRIC_REPRESENTATION_ITEM() RATIONAL_B_SPLINE_CURVE((1.,0.5,1.,0.5,
1.,0.5,1.)) REPRESENTATION_ITEM('') );
#4131 = CARTESIAN_POINT('',(-1.3,8.4));
#4132 = CARTESIAN_POINT('',(-1.3,5.455513627133));
#4133 = CARTESIAN_POINT('',(-3.85,6.927756813566));
#4134 = CARTESIAN_POINT('',(-6.4,8.4));
#4135 = CARTESIAN_POINT('',(-3.85,9.872243186434));
#4136 = CARTESIAN_POINT('',(-1.3,11.344486372867));
#4137 = CARTESIAN_POINT('',(-1.3,8.4));
#4138 = ( GEOMETRIC_REPRESENTATION_CONTEXT(2) 
PARAMETRIC_REPRESENTATION_CONTEXT() REPRESENTATION_CONTEXT('2D SPACE',''
  ) );
#4139 = PCURVE('',#4140,#4145);
#4140 = CYLINDRICAL_SURFACE('',#4141,1.7);
#4141 = AXIS2_PLACEMENT_3D('',#4142,#4143,#4144);
#4142 = CARTESIAN_POINT('',(-18.1,-1.3,3.));
#4143 = DIRECTION('',(-0.,0.,-1.));
#4144 = DIRECTION('',(1.,-2.416367759478E-16,-0.));
#4145 = DEFINITIONAL_REPRESENTATION('',(#4146),#4150);
#4146 = LINE('',#4147,#4148);
#4147 = CARTESIAN_POINT('',(0.,-1.));
#4148 = VECTOR('',#4149,1.);
#4149 = DIRECTION('',(1.,0.));
#4150 = ( GEOMETRIC_REPRESENTATION_CONTEXT(2) 
PARAMETRIC_REPRESENTATION_CONTEXT() REPRESENTATION_CONTEXT('2D SPACE',''
  ) );
#4151 = FACE_BOUND('',#4152,.F.);
#4152 = EDGE_LOOP('',(#4153,#4183,#4216,#4244));
#4153 = ORIENTED_EDGE('',*,*,#4154,.F.);
#4154 = EDGE_CURVE('',#4155,#4157,#4159,.T.);
#4155 = VERTEX_POINT('',#4156);
#4156 = CARTESIAN_POINT('',(16.4,1.3,4.));
#4157 = VERTEX_POINT('',#4158);
#4158 = CARTESIAN_POINT('',(16.4,-1.3,4.));
#4159 = SURFACE_CURVE('',#4160,(#4164,#4171),.PCURVE_S1.);
#4160 = LINE('',#4161,#4162);
#4161 = CARTESIAN_POINT('',(16.4,-5.5,4.));
#4162 = VECTOR('',#4163,1.);
#4163 = DIRECTION('',(-1.110223024625E-16,-1.,0.));
#4164 = PCURVE('',#3746,#4165);
#4165 = DEFINITIONAL_REPRESENTATION('',(#4166),#4170);
#4166 = LINE('',#4167,#4168);
#4167 = CARTESIAN_POINT('',(31.5,4.2));
#4168 = VECTOR('',#4169,1.);
#4169 = DIRECTION('',(-1.110223024625E-16,-1.));
#4170 = ( GEOMETRIC_REPRESENTATION_CONTEXT(2) 
PARAMETRIC_REPRESENTATION_CONTEXT() REPRESENTATION_CONTEXT('2D SPACE',''
  ) );
#4171 = PCURVE('',#4172,#4177);
#4172 = PLANE('',#4173);
#4173 = AXIS2_PLACEMENT_3D('',#4174,#4175,#4176);
#4174 = CARTESIAN_POINT('',(16.4,-1.3,3.));
#4175 = DIRECTION('',(-1.,1.110223024625E-16,0.));
#4176 = DIRECTION('',(1.110223024625E-16,1.,0.));
#4177 = DEFINITIONAL_REPRESENTATION('',(#4178),#4182);
#4178 = LINE('',#4179,#4180);
#4179 = CARTESIAN_POINT('',(-4.2,-1.));
#4180 = VECTOR('',#4181,1.);
#4181 = DIRECTION('',(-1.,-0.));
#4182 = ( GEOMETRIC_REPRESENTATION_CONTEXT(2) 
PARAMETRIC_REPRESENTATION_CONTEXT() REPRESENTATION_CONTEXT('2D SPACE',''
  ) );
#4183 = ORIENTED_EDGE('',*,*,#4184,.T.);
#4184 = EDGE_CURVE('',#4155,#4185,#4187,.T.);
#4185 = VERTEX_POINT('',#4186);
#4186 = CARTESIAN_POINT('',(19.8,1.3,4.));
#4187 = SURFACE_CURVE('',#4188,(#4193,#4204),.PCURVE_S1.);
#4188 = CIRCLE('',#4189,1.7);
#4189 = AXIS2_PLACEMENT_3D('',#4190,#4191,#4192);
#4190 = CARTESIAN_POINT('',(18.1,1.3,4.));
#4191 = DIRECTION('',(0.,0.,-1.));
#4192 = DIRECTION('',(-1.,2.416367759478E-16,0.));
#4193 = PCURVE('',#3746,#4194);
#4194 = DEFINITIONAL_REPRESENTATION('',(#4195),#4203);
#4195 = ( BOUNDED_CURVE() B_SPLINE_CURVE(2,(#4196,#4197,#4198,#4199,
#4200,#4201,#4202),.UNSPECIFIED.,.T.,.F.) B_SPLINE_CURVE_WITH_KNOTS((1,2
    ,2,2,2,1),(-2.094395102393,0.,2.094395102393,4.188790204786,
6.28318530718,8.377580409573),.UNSPECIFIED.) CURVE() 
GEOMETRIC_REPRESENTATION_ITEM() RATIONAL_B_SPLINE_CURVE((1.,0.5,1.,0.5,
1.,0.5,1.)) REPRESENTATION_ITEM('') );
#4196 = CARTESIAN_POINT('',(31.5,11.));
#4197 = CARTESIAN_POINT('',(31.5,13.944486372867));
#4198 = CARTESIAN_POINT('',(34.05,12.472243186434));
#4199 = CARTESIAN_POINT('',(36.6,11.));
#4200 = CARTESIAN_POINT('',(34.05,9.527756813566));
#4201 = CARTESIAN_POINT('',(31.5,8.055513627133));
#4202 = CARTESIAN_POINT('',(31.5,11.));
#4203 = ( GEOMETRIC_REPRESENTATION_CONTEXT(2) 
PARAMETRIC_REPRESENTATION_CONTEXT() REPRESENTATION_CONTEXT('2D SPACE',''
  ) );
#4204 = PCURVE('',#4205,#4210);
#4205 = CYLINDRICAL_SURFACE('',#4206,1.7);
#4206 = AXIS2_PLACEMENT_3D('',#4207,#4208,#4209);
#4207 = CARTESIAN_POINT('',(18.1,1.3,3.));
#4208 = DIRECTION('',(0.,0.,-1.));
#4209 = DIRECTION('',(-1.,2.416367759478E-16,0.));
#4210 = DEFINITIONAL_REPRESENTATION('',(#4211),#4215);
#4211 = LINE('',#4212,#4213);
#4212 = CARTESIAN_POINT('',(0.,-1.));
#4213 = VECTOR('',#4214,1.);
#4214 = DIRECTION('',(1.,0.));
#4215 = ( GEOMETRIC_REPRESENTATION_CONTEXT(2) 
PARAMETRIC_REPRESENTATION_CONTEXT() REPRESENTATION_CONTEXT('2D SPACE',''
  ) );
#4216 = ORIENTED_EDGE('',*,*,#4217,.F.);
#4217 = EDGE_CURVE('',#4218,#4185,#4220,.T.);
#4218 = VERTEX_POINT('',#4219);
#4219 = CARTESIAN_POINT('',(19.8,-1.3,4.));
#4220 = SURFACE_CURVE('',#4221,(#4225,#4232),.PCURVE_S1.);
#4221 = LINE('',#4222,#4223);
#4222 = CARTESIAN_POINT('',(19.8,-4.2,4.));
#4223 = VECTOR('',#4224,1.);
#4224 = DIRECTION('',(1.110223024625E-16,1.,-0.));
#4225 = PCURVE('',#3746,#4226);
#4226 = DEFINITIONAL_REPRESENTATION('',(#4227),#4231);
#4227 = LINE('',#4228,#4229);
#4228 = CARTESIAN_POINT('',(34.9,5.5));
#4229 = VECTOR('',#4230,1.);
#4230 = DIRECTION('',(1.110223024625E-16,1.));
#4231 = ( GEOMETRIC_REPRESENTATION_CONTEXT(2) 
PARAMETRIC_REPRESENTATION_CONTEXT() REPRESENTATION_CONTEXT('2D SPACE',''
  ) );
#4232 = PCURVE('',#4233,#4238);
#4233 = PLANE('',#4234);
#4234 = AXIS2_PLACEMENT_3D('',#4235,#4236,#4237);
#4235 = CARTESIAN_POINT('',(19.8,1.3,3.));
#4236 = DIRECTION('',(1.,-1.110223024625E-16,0.));
#4237 = DIRECTION('',(-1.110223024625E-16,-1.,0.));
#4238 = DEFINITIONAL_REPRESENTATION('',(#4239),#4243);
#4239 = LINE('',#4240,#4241);
#4240 = CARTESIAN_POINT('',(5.5,-1.));
#4241 = VECTOR('',#4242,1.);
#4242 = DIRECTION('',(-1.,0.));
#4243 = ( GEOMETRIC_REPRESENTATION_CONTEXT(2) 
PARAMETRIC_REPRESENTATION_CONTEXT() REPRESENTATION_CONTEXT('2D SPACE',''
  ) );
#4244 = ORIENTED_EDGE('',*,*,#4245,.T.);
#4245 = EDGE_CURVE('',#4218,#4157,#4246,.T.);
#4246 = SURFACE_CURVE('',#4247,(#4252,#4263),.PCURVE_S1.);
#4247 = CIRCLE('',#4248,1.7);
#4248 = AXIS2_PLACEMENT_3D('',#4249,#4250,#4251);
#4249 = CARTESIAN_POINT('',(18.1,-1.3,4.));
#4250 = DIRECTION('',(-0.,0.,-1.));
#4251 = DIRECTION('',(1.,-2.416367759478E-16,-0.));
#4252 = PCURVE('',#3746,#4253);
#4253 = DEFINITIONAL_REPRESENTATION('',(#4254),#4262);
#4254 = ( BOUNDED_CURVE() B_SPLINE_CURVE(2,(#4255,#4256,#4257,#4258,
#4259,#4260,#4261),.UNSPECIFIED.,.T.,.F.) B_SPLINE_CURVE_WITH_KNOTS((1,2
    ,2,2,2,1),(-2.094395102393,0.,2.094395102393,4.188790204786,
6.28318530718,8.377580409573),.UNSPECIFIED.) CURVE() 
GEOMETRIC_REPRESENTATION_ITEM() RATIONAL_B_SPLINE_CURVE((1.,0.5,1.,0.5,
1.,0.5,1.)) REPRESENTATION_ITEM('') );
#4255 = CARTESIAN_POINT('',(34.9,8.4));
#4256 = CARTESIAN_POINT('',(34.9,5.455513627133));
#4257 = CARTESIAN_POINT('',(32.35,6.927756813566));
#4258 = CARTESIAN_POINT('',(29.8,8.4));
#4259 = CARTESIAN_POINT('',(32.35,9.872243186434));
#4260 = CARTESIAN_POINT('',(34.9,11.344486372867));
#4261 = CARTESIAN_POINT('',(34.9,8.4));
#4262 = ( GEOMETRIC_REPRESENTATION_CONTEXT(2) 
PARAMETRIC_REPRESENTATION_CONTEXT() REPRESENTATION_CONTEXT('2D SPACE',''
  ) );
#4263 = PCURVE('',#4264,#4269);
#4264 = CYLINDRICAL_SURFACE('',#4265,1.7);
#4265 = AXIS2_PLACEMENT_3D('',#4266,#4267,#4268);
#4266 = CARTESIAN_POINT('',(18.1,-1.3,3.));
#4267 = DIRECTION('',(-0.,0.,-1.));
#4268 = DIRECTION('',(1.,-2.416367759478E-16,-0.));
#4269 = DEFINITIONAL_REPRESENTATION('',(#4270),#4274);
#4270 = LINE('',#4271,#4272);
#4271 = CARTESIAN_POINT('',(0.,-1.));
#4272 = VECTOR('',#4273,1.);
#4273 = DIRECTION('',(1.,0.));
#4274 = ( GEOMETRIC_REPRESENTATION_CONTEXT(2) 
PARAMETRIC_REPRESENTATION_CONTEXT() REPRESENTATION_CONTEXT('2D SPACE',''
  ) );
#4275 = ADVANCED_FACE('',(#4276),#3774,.F.);
#4276 = FACE_BOUND('',#4277,.F.);
#4277 = EDGE_LOOP('',(#4278,#4279,#4280,#4303));
#4278 = ORIENTED_EDGE('',*,*,#3758,.F.);
#4279 = ORIENTED_EDGE('',*,*,#3985,.T.);
#4280 = ORIENTED_EDGE('',*,*,#4281,.T.);
#4281 = EDGE_CURVE('',#3956,#4282,#4284,.T.);
#4282 = VERTEX_POINT('',#4283);
#4283 = CARTESIAN_POINT('',(-22.1,9.7,6.5));
#4284 = SURFACE_CURVE('',#4285,(#4289,#4296),.PCURVE_S1.);
#4285 = LINE('',#4286,#4287);
#4286 = CARTESIAN_POINT('',(-22.1,9.7,4.));
#4287 = VECTOR('',#4288,1.);
#4288 = DIRECTION('',(0.,0.,1.));
#4289 = PCURVE('',#3774,#4290);
#4290 = DEFINITIONAL_REPRESENTATION('',(#4291),#4295);
#4291 = LINE('',#4292,#4293);
#4292 = CARTESIAN_POINT('',(0.,-19.4));
#4293 = VECTOR('',#4294,1.);
#4294 = DIRECTION('',(1.,0.));
#4295 = ( GEOMETRIC_REPRESENTATION_CONTEXT(2) 
PARAMETRIC_REPRESENTATION_CONTEXT() REPRESENTATION_CONTEXT('2D SPACE',''
  ) );
#4296 = PCURVE('',#3973,#4297);
#4297 = DEFINITIONAL_REPRESENTATION('',(#4298),#4302);
#4298 = LINE('',#4299,#4300);
#4299 = CARTESIAN_POINT('',(0.,-7.));
#4300 = VECTOR('',#4301,1.);
#4301 = DIRECTION('',(1.,0.));
#4302 = ( GEOMETRIC_REPRESENTATION_CONTEXT(2) 
PARAMETRIC_REPRESENTATION_CONTEXT() REPRESENTATION_CONTEXT('2D SPACE',''
  ) );
#4303 = ORIENTED_EDGE('',*,*,#4304,.F.);
#4304 = EDGE_CURVE('',#3759,#4282,#4305,.T.);
#4305 = SURFACE_CURVE('',#4306,(#4310,#4317),.PCURVE_S1.);
#4306 = LINE('',#4307,#4308);
#4307 = CARTESIAN_POINT('',(-22.1,-9.7,6.5));
#4308 = VECTOR('',#4309,1.);
#4309 = DIRECTION('',(0.,1.,0.));
#4310 = PCURVE('',#3774,#4311);
#4311 = DEFINITIONAL_REPRESENTATION('',(#4312),#4316);
#4312 = LINE('',#4313,#4314);
#4313 = CARTESIAN_POINT('',(2.5,0.));
#4314 = VECTOR('',#4315,1.);
#4315 = DIRECTION('',(0.,-1.));
#4316 = ( GEOMETRIC_REPRESENTATION_CONTEXT(2) 
PARAMETRIC_REPRESENTATION_CONTEXT() REPRESENTATION_CONTEXT('2D SPACE',''
  ) );
#4317 = PCURVE('',#3802,#4318);
#4318 = DEFINITIONAL_REPRESENTATION('',(#4319),#4323);
#4319 = LINE('',#4320,#4321);
#4320 = CARTESIAN_POINT('',(0.,0.));
#4321 = VECTOR('',#4322,1.);
#4322 = DIRECTION('',(0.,1.));
#4323 = ( GEOMETRIC_REPRESENTATION_CONTEXT(2) 
PARAMETRIC_REPRESENTATION_CONTEXT() REPRESENTATION_CONTEXT('2D SPACE',''
  ) );
#4324 = ADVANCED_FACE('',(#4325,#4480),#3802,.T.);
#4325 = FACE_BOUND('',#4326,.T.);
#4326 = EDGE_LOOP('',(#4327,#4350,#4351,#4352,#4375,#4403,#4431,#4459));
#4327 = ORIENTED_EDGE('',*,*,#4328,.F.);
#4328 = EDGE_CURVE('',#4282,#4329,#4331,.T.);
#4329 = VERTEX_POINT('',#4330);
#4330 = CARTESIAN_POINT('',(-15.1,9.7,6.5));
#4331 = SURFACE_CURVE('',#4332,(#4336,#4343),.PCURVE_S1.);
#4332 = LINE('',#4333,#4334);
#4333 = CARTESIAN_POINT('',(-22.1,9.7,6.5));
#4334 = VECTOR('',#4335,1.);
#4335 = DIRECTION('',(1.,0.,0.));
#4336 = PCURVE('',#3802,#4337);
#4337 = DEFINITIONAL_REPRESENTATION('',(#4338),#4342);
#4338 = LINE('',#4339,#4340);
#4339 = CARTESIAN_POINT('',(0.,19.4));
#4340 = VECTOR('',#4341,1.);
#4341 = DIRECTION('',(1.,0.));
#4342 = ( GEOMETRIC_REPRESENTATION_CONTEXT(2) 
PARAMETRIC_REPRESENTATION_CONTEXT() REPRESENTATION_CONTEXT('2D SPACE',''
  ) );
#4343 = PCURVE('',#3973,#4344);
#4344 = DEFINITIONAL_REPRESENTATION('',(#4345),#4349);
#4345 = LINE('',#4346,#4347);
#4346 = CARTESIAN_POINT('',(2.5,-7.));
#4347 = VECTOR('',#4348,1.);
#4348 = DIRECTION('',(0.,1.));
#4349 = ( GEOMETRIC_REPRESENTATION_CONTEXT(2) 
PARAMETRIC_REPRESENTATION_CONTEXT() REPRESENTATION_CONTEXT('2D SPACE',''
  ) );
#4350 = ORIENTED_EDGE('',*,*,#4304,.F.);
#4351 = ORIENTED_EDGE('',*,*,#3786,.T.);
#4352 = ORIENTED_EDGE('',*,*,#4353,.F.);
#4353 = EDGE_CURVE('',#4354,#3787,#4356,.T.);
#4354 = VERTEX_POINT('',#4355);
#4355 = CARTESIAN_POINT('',(-15.1,-3.,6.5));
#4356 = SURFACE_CURVE('',#4357,(#4361,#4368),.PCURVE_S1.);
#4357 = LINE('',#4358,#4359);
#4358 = CARTESIAN_POINT('',(-15.1,-9.7,6.5));
#4359 = VECTOR('',#4360,1.);
#4360 = DIRECTION('',(0.,-1.,0.));
#4361 = PCURVE('',#3802,#4362);
#4362 = DEFINITIONAL_REPRESENTATION('',(#4363),#4367);
#4363 = LINE('',#4364,#4365);
#4364 = CARTESIAN_POINT('',(7.,0.));
#4365 = VECTOR('',#4366,1.);
#4366 = DIRECTION('',(0.,-1.));
#4367 = ( GEOMETRIC_REPRESENTATION_CONTEXT(2) 
PARAMETRIC_REPRESENTATION_CONTEXT() REPRESENTATION_CONTEXT('2D SPACE',''
  ) );
#4368 = PCURVE('',#3830,#4369);
#4369 = DEFINITIONAL_REPRESENTATION('',(#4370),#4374);
#4370 = LINE('',#4371,#4372);
#4371 = CARTESIAN_POINT('',(2.5,0.));
#4372 = VECTOR('',#4373,1.);
#4373 = DIRECTION('',(0.,1.));
#4374 = ( GEOMETRIC_REPRESENTATION_CONTEXT(2) 
PARAMETRIC_REPRESENTATION_CONTEXT() REPRESENTATION_CONTEXT('2D SPACE',''
  ) );
#4375 = ORIENTED_EDGE('',*,*,#4376,.T.);
#4376 = EDGE_CURVE('',#4354,#4377,#4379,.T.);
#4377 = VERTEX_POINT('',#4378);
#4378 = CARTESIAN_POINT('',(-12.6,-3.,6.5));
#4379 = SURFACE_CURVE('',#4380,(#4384,#4391),.PCURVE_S1.);
#4380 = LINE('',#4381,#4382);
#4381 = CARTESIAN_POINT('',(-15.1,-3.,6.5));
#4382 = VECTOR('',#4383,1.);
#4383 = DIRECTION('',(1.,0.,0.));
#4384 = PCURVE('',#3802,#4385);
#4385 = DEFINITIONAL_REPRESENTATION('',(#4386),#4390);
#4386 = LINE('',#4387,#4388);
#4387 = CARTESIAN_POINT('',(7.,6.7));
#4388 = VECTOR('',#4389,1.);
#4389 = DIRECTION('',(1.,0.));
#4390 = ( GEOMETRIC_REPRESENTATION_CONTEXT(2) 
PARAMETRIC_REPRESENTATION_CONTEXT() REPRESENTATION_CONTEXT('2D SPACE',''
  ) );
#4391 = PCURVE('',#4392,#4397);
#4392 = PLANE('',#4393);
#4393 = AXIS2_PLACEMENT_3D('',#4394,#4395,#4396);
#4394 = CARTESIAN_POINT('',(-17.6,-3.,6.5));
#4395 = DIRECTION('',(0.,1.,0.));
#4396 = DIRECTION('',(0.,-0.,1.));
#4397 = DEFINITIONAL_REPRESENTATION('',(#4398),#4402);
#4398 = LINE('',#4399,#4400);
#4399 = CARTESIAN_POINT('',(0.,2.5));
#4400 = VECTOR('',#4401,1.);
#4401 = DIRECTION('',(0.,1.));
#4402 = ( GEOMETRIC_REPRESENTATION_CONTEXT(2) 
PARAMETRIC_REPRESENTATION_CONTEXT() REPRESENTATION_CONTEXT('2D SPACE',''
  ) );
#4403 = ORIENTED_EDGE('',*,*,#4404,.T.);
#4404 = EDGE_CURVE('',#4377,#4405,#4407,.T.);
#4405 = VERTEX_POINT('',#4406);
#4406 = CARTESIAN_POINT('',(-12.6,3.,6.5));
#4407 = SURFACE_CURVE('',#4408,(#4412,#4419),.PCURVE_S1.);
#4408 = LINE('',#4409,#4410);
#4409 = CARTESIAN_POINT('',(-12.6,-3.,6.5));
#4410 = VECTOR('',#4411,1.);
#4411 = DIRECTION('',(0.,1.,0.));
#4412 = PCURVE('',#3802,#4413);
#4413 = DEFINITIONAL_REPRESENTATION('',(#4414),#4418);
#4414 = LINE('',#4415,#4416);
#4415 = CARTESIAN_POINT('',(9.5,6.7));
#4416 = VECTOR('',#4417,1.);
#4417 = DIRECTION('',(0.,1.));
#4418 = ( GEOMETRIC_REPRESENTATION_CONTEXT(2) 
PARAMETRIC_REPRESENTATION_CONTEXT() REPRESENTATION_CONTEXT('2D SPACE',''
  ) );
#4419 = PCURVE('',#4420,#4425);
#4420 = PLANE('',#4421);
#4421 = AXIS2_PLACEMENT_3D('',#4422,#4423,#4424);
#4422 = CARTESIAN_POINT('',(-12.6,-3.,6.5));
#4423 = DIRECTION('',(1.,0.,0.));
#4424 = DIRECTION('',(0.,0.,1.));
#4425 = DEFINITIONAL_REPRESENTATION('',(#4426),#4430);
#4426 = LINE('',#4427,#4428);
#4427 = CARTESIAN_POINT('',(0.,0.));
#4428 = VECTOR('',#4429,1.);
#4429 = DIRECTION('',(0.,-1.));
#4430 = ( GEOMETRIC_REPRESENTATION_CONTEXT(2) 
PARAMETRIC_REPRESENTATION_CONTEXT() REPRESENTATION_CONTEXT('2D SPACE',''
  ) );
#4431 = ORIENTED_EDGE('',*,*,#4432,.T.);
#4432 = EDGE_CURVE('',#4405,#4433,#4435,.T.);
#4433 = VERTEX_POINT('',#4434);
#4434 = CARTESIAN_POINT('',(-15.1,3.,6.5));
#4435 = SURFACE_CURVE('',#4436,(#4440,#4447),.PCURVE_S1.);
#4436 = LINE('',#4437,#4438);
#4437 = CARTESIAN_POINT('',(-12.6,3.,6.5));
#4438 = VECTOR('',#4439,1.);
#4439 = DIRECTION('',(-1.,0.,0.));
#4440 = PCURVE('',#3802,#4441);
#4441 = DEFINITIONAL_REPRESENTATION('',(#4442),#4446);
#4442 = LINE('',#4443,#4444);
#4443 = CARTESIAN_POINT('',(9.5,12.7));
#4444 = VECTOR('',#4445,1.);
#4445 = DIRECTION('',(-1.,0.));
#4446 = ( GEOMETRIC_REPRESENTATION_CONTEXT(2) 
PARAMETRIC_REPRESENTATION_CONTEXT() REPRESENTATION_CONTEXT('2D SPACE',''
  ) );
#4447 = PCURVE('',#4448,#4453);
#4448 = PLANE('',#4449);
#4449 = AXIS2_PLACEMENT_3D('',#4450,#4451,#4452);
#4450 = CARTESIAN_POINT('',(-17.6,3.,6.5));
#4451 = DIRECTION('',(0.,1.,0.));
#4452 = DIRECTION('',(0.,-0.,1.));
#4453 = DEFINITIONAL_REPRESENTATION('',(#4454),#4458);
#4454 = LINE('',#4455,#4456);
#4455 = CARTESIAN_POINT('',(0.,5.));
#4456 = VECTOR('',#4457,1.);
#4457 = DIRECTION('',(0.,-1.));
#4458 = ( GEOMETRIC_REPRESENTATION_CONTEXT(2) 
PARAMETRIC_REPRESENTATION_CONTEXT() REPRESENTATION_CONTEXT('2D SPACE',''
  ) );
#4459 = ORIENTED_EDGE('',*,*,#4460,.F.);
#4460 = EDGE_CURVE('',#4329,#4433,#4461,.T.);
#4461 = SURFACE_CURVE('',#4462,(#4466,#4473),.PCURVE_S1.);
#4462 = LINE('',#4463,#4464);
#4463 = CARTESIAN_POINT('',(-15.1,-9.7,6.5));
#4464 = VECTOR('',#4465,1.);
#4465 = DIRECTION('',(0.,-1.,0.));
#4466 = PCURVE('',#3802,#4467);
#4467 = DEFINITIONAL_REPRESENTATION('',(#4468),#4472);
#4468 = LINE('',#4469,#4470);
#4469 = CARTESIAN_POINT('',(7.,0.));
#4470 = VECTOR('',#4471,1.);
#4471 = DIRECTION('',(0.,-1.));
#4472 = ( GEOMETRIC_REPRESENTATION_CONTEXT(2) 
PARAMETRIC_REPRESENTATION_CONTEXT() REPRESENTATION_CONTEXT('2D SPACE',''
  ) );
#4473 = PCURVE('',#3830,#4474);
#4474 = DEFINITIONAL_REPRESENTATION('',(#4475),#4479);
#4475 = LINE('',#4476,#4477);
#4476 = CARTESIAN_POINT('',(2.5,0.));
#4477 = VECTOR('',#4478,1.);
#4478 = DIRECTION('',(0.,1.));
#4479 = ( GEOMETRIC_REPRESENTATION_CONTEXT(2) 
PARAMETRIC_REPRESENTATION_CONTEXT() REPRESENTATION_CONTEXT('2D SPACE',''
  ) );
#4480 = FACE_BOUND('',#4481,.T.);
#4481 = EDGE_LOOP('',(#4482,#4507,#4535,#4558));
#4482 = ORIENTED_EDGE('',*,*,#4483,.F.);
#4483 = EDGE_CURVE('',#4484,#4486,#4488,.T.);
#4484 = VERTEX_POINT('',#4485);
#4485 = CARTESIAN_POINT('',(-19.8,1.3,6.5));
#4486 = VERTEX_POINT('',#4487);
#4487 = CARTESIAN_POINT('',(-19.8,-1.3,6.5));
#4488 = SURFACE_CURVE('',#4489,(#4493,#4500),.PCURVE_S1.);
#4489 = LINE('',#4490,#4491);
#4490 = CARTESIAN_POINT('',(-19.8,-5.5,6.5));
#4491 = VECTOR('',#4492,1.);
#4492 = DIRECTION('',(-1.110223024625E-16,-1.,0.));
#4493 = PCURVE('',#3802,#4494);
#4494 = DEFINITIONAL_REPRESENTATION('',(#4495),#4499);
#4495 = LINE('',#4496,#4497);
#4496 = CARTESIAN_POINT('',(2.3,4.2));
#4497 = VECTOR('',#4498,1.);
#4498 = DIRECTION('',(-1.110223024625E-16,-1.));
#4499 = ( GEOMETRIC_REPRESENTATION_CONTEXT(2) 
PARAMETRIC_REPRESENTATION_CONTEXT() REPRESENTATION_CONTEXT('2D SPACE',''
  ) );
#4500 = PCURVE('',#4048,#4501);
#4501 = DEFINITIONAL_REPRESENTATION('',(#4502),#4506);
#4502 = LINE('',#4503,#4504);
#4503 = CARTESIAN_POINT('',(-4.2,-3.5));
#4504 = VECTOR('',#4505,1.);
#4505 = DIRECTION('',(-1.,-0.));
#4506 = ( GEOMETRIC_REPRESENTATION_CONTEXT(2) 
PARAMETRIC_REPRESENTATION_CONTEXT() REPRESENTATION_CONTEXT('2D SPACE',''
  ) );
#4507 = ORIENTED_EDGE('',*,*,#4508,.T.);
#4508 = EDGE_CURVE('',#4484,#4509,#4511,.T.);
#4509 = VERTEX_POINT('',#4510);
#4510 = CARTESIAN_POINT('',(-16.4,1.3,6.5));
#4511 = SURFACE_CURVE('',#4512,(#4517,#4528),.PCURVE_S1.);
#4512 = CIRCLE('',#4513,1.7);
#4513 = AXIS2_PLACEMENT_3D('',#4514,#4515,#4516);
#4514 = CARTESIAN_POINT('',(-18.1,1.3,6.5));
#4515 = DIRECTION('',(0.,0.,-1.));
#4516 = DIRECTION('',(-1.,2.416367759478E-16,0.));
#4517 = PCURVE('',#3802,#4518);
#4518 = DEFINITIONAL_REPRESENTATION('',(#4519),#4527);
#4519 = ( BOUNDED_CURVE() B_SPLINE_CURVE(2,(#4520,#4521,#4522,#4523,
#4524,#4525,#4526),.UNSPECIFIED.,.T.,.F.) B_SPLINE_CURVE_WITH_KNOTS((1,2
    ,2,2,2,1),(-2.094395102393,0.,2.094395102393,4.188790204786,
6.28318530718,8.377580409573),.UNSPECIFIED.) CURVE() 
GEOMETRIC_REPRESENTATION_ITEM() RATIONAL_B_SPLINE_CURVE((1.,0.5,1.,0.5,
1.,0.5,1.)) REPRESENTATION_ITEM('') );
#4520 = CARTESIAN_POINT('',(2.3,11.));
#4521 = CARTESIAN_POINT('',(2.3,13.944486372867));
#4522 = CARTESIAN_POINT('',(4.85,12.472243186434));
#4523 = CARTESIAN_POINT('',(7.4,11.));
#4524 = CARTESIAN_POINT('',(4.85,9.527756813566));
#4525 = CARTESIAN_POINT('',(2.3,8.055513627133));
#4526 = CARTESIAN_POINT('',(2.3,11.));
#4527 = ( GEOMETRIC_REPRESENTATION_CONTEXT(2) 
PARAMETRIC_REPRESENTATION_CONTEXT() REPRESENTATION_CONTEXT('2D SPACE',''
  ) );
#4528 = PCURVE('',#4081,#4529);
#4529 = DEFINITIONAL_REPRESENTATION('',(#4530),#4534);
#4530 = LINE('',#4531,#4532);
#4531 = CARTESIAN_POINT('',(0.,-3.5));
#4532 = VECTOR('',#4533,1.);
#4533 = DIRECTION('',(1.,0.));
#4534 = ( GEOMETRIC_REPRESENTATION_CONTEXT(2) 
PARAMETRIC_REPRESENTATION_CONTEXT() REPRESENTATION_CONTEXT('2D SPACE',''
  ) );
#4535 = ORIENTED_EDGE('',*,*,#4536,.F.);
#4536 = EDGE_CURVE('',#4537,#4509,#4539,.T.);
#4537 = VERTEX_POINT('',#4538);
#4538 = CARTESIAN_POINT('',(-16.4,-1.3,6.5));
#4539 = SURFACE_CURVE('',#4540,(#4544,#4551),.PCURVE_S1.);
#4540 = LINE('',#4541,#4542);
#4541 = CARTESIAN_POINT('',(-16.4,-4.2,6.5));
#4542 = VECTOR('',#4543,1.);
#4543 = DIRECTION('',(1.110223024625E-16,1.,-0.));
#4544 = PCURVE('',#3802,#4545);
#4545 = DEFINITIONAL_REPRESENTATION('',(#4546),#4550);
#4546 = LINE('',#4547,#4548);
#4547 = CARTESIAN_POINT('',(5.7,5.5));
#4548 = VECTOR('',#4549,1.);
#4549 = DIRECTION('',(1.110223024625E-16,1.));
#4550 = ( GEOMETRIC_REPRESENTATION_CONTEXT(2) 
PARAMETRIC_REPRESENTATION_CONTEXT() REPRESENTATION_CONTEXT('2D SPACE',''
  ) );
#4551 = PCURVE('',#4109,#4552);
#4552 = DEFINITIONAL_REPRESENTATION('',(#4553),#4557);
#4553 = LINE('',#4554,#4555);
#4554 = CARTESIAN_POINT('',(5.5,-3.5));
#4555 = VECTOR('',#4556,1.);
#4556 = DIRECTION('',(-1.,0.));
#4557 = ( GEOMETRIC_REPRESENTATION_CONTEXT(2) 
PARAMETRIC_REPRESENTATION_CONTEXT() REPRESENTATION_CONTEXT('2D SPACE',''
  ) );
#4558 = ORIENTED_EDGE('',*,*,#4559,.T.);
#4559 = EDGE_CURVE('',#4537,#4486,#4560,.T.);
#4560 = SURFACE_CURVE('',#4561,(#4566,#4577),.PCURVE_S1.);
#4561 = CIRCLE('',#4562,1.7);
#4562 = AXIS2_PLACEMENT_3D('',#4563,#4564,#4565);
#4563 = CARTESIAN_POINT('',(-18.1,-1.3,6.5));
#4564 = DIRECTION('',(-0.,0.,-1.));
#4565 = DIRECTION('',(1.,-2.416367759478E-16,-0.));
#4566 = PCURVE('',#3802,#4567);
#4567 = DEFINITIONAL_REPRESENTATION('',(#4568),#4576);
#4568 = ( BOUNDED_CURVE() B_SPLINE_CURVE(2,(#4569,#4570,#4571,#4572,
#4573,#4574,#4575),.UNSPECIFIED.,.T.,.F.) B_SPLINE_CURVE_WITH_KNOTS((1,2
    ,2,2,2,1),(-2.094395102393,0.,2.094395102393,4.188790204786,
6.28318530718,8.377580409573),.UNSPECIFIED.) CURVE() 
GEOMETRIC_REPRESENTATION_ITEM() RATIONAL_B_SPLINE_CURVE((1.,0.5,1.,0.5,
1.,0.5,1.)) REPRESENTATION_ITEM('') );
#4569 = CARTESIAN_POINT('',(5.7,8.4));
#4570 = CARTESIAN_POINT('',(5.7,5.455513627133));
#4571 = CARTESIAN_POINT('',(3.15,6.927756813566));
#4572 = CARTESIAN_POINT('',(0.6,8.4));
#4573 = CARTESIAN_POINT('',(3.15,9.872243186434));
#4574 = CARTESIAN_POINT('',(5.7,11.344486372867));
#4575 = CARTESIAN_POINT('',(5.7,8.4));
#4576 = ( GEOMETRIC_REPRESENTATION_CONTEXT(2) 
PARAMETRIC_REPRESENTATION_CONTEXT() REPRESENTATION_CONTEXT('2D SPACE',''
  ) );
#4577 = PCURVE('',#4140,#4578);
#4578 = DEFINITIONAL_REPRESENTATION('',(#4579),#4583);
#4579 = LINE('',#4580,#4581);
#4580 = CARTESIAN_POINT('',(0.,-3.5));
#4581 = VECTOR('',#4582,1.);
#4582 = DIRECTION('',(1.,0.));
#4583 = ( GEOMETRIC_REPRESENTATION_CONTEXT(2) 
PARAMETRIC_REPRESENTATION_CONTEXT() REPRESENTATION_CONTEXT('2D SPACE',''
  ) );
#4584 = ADVANCED_FACE('',(#4585),#3830,.F.);
#4585 = FACE_BOUND('',#4586,.F.);
#4586 = EDGE_LOOP('',(#4587,#4588,#4589,#4612,#4640,#4661,#4662,#4685));
#4587 = ORIENTED_EDGE('',*,*,#3814,.F.);
#4588 = ORIENTED_EDGE('',*,*,#4353,.F.);
#4589 = ORIENTED_EDGE('',*,*,#4590,.T.);
#4590 = EDGE_CURVE('',#4354,#4591,#4593,.T.);
#4591 = VERTEX_POINT('',#4592);
#4592 = CARTESIAN_POINT('',(-15.1,-3.,14.5));
#4593 = SURFACE_CURVE('',#4594,(#4598,#4605),.PCURVE_S1.);
#4594 = LINE('',#4595,#4596);
#4595 = CARTESIAN_POINT('',(-15.1,-3.,5.25));
#4596 = VECTOR('',#4597,1.);
#4597 = DIRECTION('',(0.,0.,1.));
#4598 = PCURVE('',#3830,#4599);
#4599 = DEFINITIONAL_REPRESENTATION('',(#4600),#4604);
#4600 = LINE('',#4601,#4602);
#4601 = CARTESIAN_POINT('',(1.25,-6.7));
#4602 = VECTOR('',#4603,1.);
#4603 = DIRECTION('',(1.,0.));
#4604 = ( GEOMETRIC_REPRESENTATION_CONTEXT(2) 
PARAMETRIC_REPRESENTATION_CONTEXT() REPRESENTATION_CONTEXT('2D SPACE',''
  ) );
#4605 = PCURVE('',#4392,#4606);
#4606 = DEFINITIONAL_REPRESENTATION('',(#4607),#4611);
#4607 = LINE('',#4608,#4609);
#4608 = CARTESIAN_POINT('',(-1.25,2.5));
#4609 = VECTOR('',#4610,1.);
#4610 = DIRECTION('',(1.,0.));
#4611 = ( GEOMETRIC_REPRESENTATION_CONTEXT(2) 
PARAMETRIC_REPRESENTATION_CONTEXT() REPRESENTATION_CONTEXT('2D SPACE',''
  ) );
#4612 = ORIENTED_EDGE('',*,*,#4613,.F.);
#4613 = EDGE_CURVE('',#4614,#4591,#4616,.T.);
#4614 = VERTEX_POINT('',#4615);
#4615 = CARTESIAN_POINT('',(-15.1,3.,14.5));
#4616 = SURFACE_CURVE('',#4617,(#4621,#4628),.PCURVE_S1.);
#4617 = LINE('',#4618,#4619);
#4618 = CARTESIAN_POINT('',(-15.1,-6.35,14.5));
#4619 = VECTOR('',#4620,1.);
#4620 = DIRECTION('',(0.,-1.,0.));
#4621 = PCURVE('',#3830,#4622);
#4622 = DEFINITIONAL_REPRESENTATION('',(#4623),#4627);
#4623 = LINE('',#4624,#4625);
#4624 = CARTESIAN_POINT('',(10.5,-3.35));
#4625 = VECTOR('',#4626,1.);
#4626 = DIRECTION('',(0.,1.));
#4627 = ( GEOMETRIC_REPRESENTATION_CONTEXT(2) 
PARAMETRIC_REPRESENTATION_CONTEXT() REPRESENTATION_CONTEXT('2D SPACE',''
  ) );
#4628 = PCURVE('',#4629,#4634);
#4629 = PLANE('',#4630);
#4630 = AXIS2_PLACEMENT_3D('',#4631,#4632,#4633);
#4631 = CARTESIAN_POINT('',(-17.6,-3.,14.5));
#4632 = DIRECTION('',(0.,0.,1.));
#4633 = DIRECTION('',(1.,0.,-0.));
#4634 = DEFINITIONAL_REPRESENTATION('',(#4635),#4639);
#4635 = LINE('',#4636,#4637);
#4636 = CARTESIAN_POINT('',(2.5,-3.35));
#4637 = VECTOR('',#4638,1.);
#4638 = DIRECTION('',(0.,-1.));
#4639 = ( GEOMETRIC_REPRESENTATION_CONTEXT(2) 
PARAMETRIC_REPRESENTATION_CONTEXT() REPRESENTATION_CONTEXT('2D SPACE',''
  ) );
#4640 = ORIENTED_EDGE('',*,*,#4641,.F.);
#4641 = EDGE_CURVE('',#4433,#4614,#4642,.T.);
#4642 = SURFACE_CURVE('',#4643,(#4647,#4654),.PCURVE_S1.);
#4643 = LINE('',#4644,#4645);
#4644 = CARTESIAN_POINT('',(-15.1,3.,5.25));
#4645 = VECTOR('',#4646,1.);
#4646 = DIRECTION('',(0.,0.,1.));
#4647 = PCURVE('',#3830,#4648);
#4648 = DEFINITIONAL_REPRESENTATION('',(#4649),#4653);
#4649 = LINE('',#4650,#4651);
#4650 = CARTESIAN_POINT('',(1.25,-12.7));
#4651 = VECTOR('',#4652,1.);
#4652 = DIRECTION('',(1.,0.));
#4653 = ( GEOMETRIC_REPRESENTATION_CONTEXT(2) 
PARAMETRIC_REPRESENTATION_CONTEXT() REPRESENTATION_CONTEXT('2D SPACE',''
  ) );
#4654 = PCURVE('',#4448,#4655);
#4655 = DEFINITIONAL_REPRESENTATION('',(#4656),#4660);
#4656 = LINE('',#4657,#4658);
#4657 = CARTESIAN_POINT('',(-1.25,2.5));
#4658 = VECTOR('',#4659,1.);
#4659 = DIRECTION('',(1.,0.));
#4660 = ( GEOMETRIC_REPRESENTATION_CONTEXT(2) 
PARAMETRIC_REPRESENTATION_CONTEXT() REPRESENTATION_CONTEXT('2D SPACE',''
  ) );
#4661 = ORIENTED_EDGE('',*,*,#4460,.F.);
#4662 = ORIENTED_EDGE('',*,*,#4663,.F.);
#4663 = EDGE_CURVE('',#4664,#4329,#4666,.T.);
#4664 = VERTEX_POINT('',#4665);
#4665 = CARTESIAN_POINT('',(-15.1,9.7,16.5));
#4666 = SURFACE_CURVE('',#4667,(#4671,#4678),.PCURVE_S1.);
#4667 = LINE('',#4668,#4669);
#4668 = CARTESIAN_POINT('',(-15.1,9.7,16.5));
#4669 = VECTOR('',#4670,1.);
#4670 = DIRECTION('',(0.,0.,-1.));
#4671 = PCURVE('',#3830,#4672);
#4672 = DEFINITIONAL_REPRESENTATION('',(#4673),#4677);
#4673 = LINE('',#4674,#4675);
#4674 = CARTESIAN_POINT('',(12.5,-19.4));
#4675 = VECTOR('',#4676,1.);
#4676 = DIRECTION('',(-1.,0.));
#4677 = ( GEOMETRIC_REPRESENTATION_CONTEXT(2) 
PARAMETRIC_REPRESENTATION_CONTEXT() REPRESENTATION_CONTEXT('2D SPACE',''
  ) );
#4678 = PCURVE('',#3973,#4679);
#4679 = DEFINITIONAL_REPRESENTATION('',(#4680),#4684);
#4680 = LINE('',#4681,#4682);
#4681 = CARTESIAN_POINT('',(12.5,0.));
#4682 = VECTOR('',#4683,1.);
#4683 = DIRECTION('',(-1.,0.));
#4684 = ( GEOMETRIC_REPRESENTATION_CONTEXT(2) 
PARAMETRIC_REPRESENTATION_CONTEXT() REPRESENTATION_CONTEXT('2D SPACE',''
  ) );
#4685 = ORIENTED_EDGE('',*,*,#4686,.F.);
#4686 = EDGE_CURVE('',#3815,#4664,#4687,.T.);
#4687 = SURFACE_CURVE('',#4688,(#4692,#4699),.PCURVE_S1.);
#4688 = LINE('',#4689,#4690);
#4689 = CARTESIAN_POINT('',(-15.1,-9.7,16.5));
#4690 = VECTOR('',#4691,1.);
#4691 = DIRECTION('',(0.,1.,0.));
#4692 = PCURVE('',#3830,#4693);
#4693 = DEFINITIONAL_REPRESENTATION('',(#4694),#4698);
#4694 = LINE('',#4695,#4696);
#4695 = CARTESIAN_POINT('',(12.5,0.));
#4696 = VECTOR('',#4697,1.);
#4697 = DIRECTION('',(0.,-1.));
#4698 = ( GEOMETRIC_REPRESENTATION_CONTEXT(2) 
PARAMETRIC_REPRESENTATION_CONTEXT() REPRESENTATION_CONTEXT('2D SPACE',''
  ) );
#4699 = PCURVE('',#3858,#4700);
#4700 = DEFINITIONAL_REPRESENTATION('',(#4701),#4705);
#4701 = LINE('',#4702,#4703);
#4702 = CARTESIAN_POINT('',(0.,0.));
#4703 = VECTOR('',#4704,1.);
#4704 = DIRECTION('',(0.,1.));
#4705 = ( GEOMETRIC_REPRESENTATION_CONTEXT(2) 
PARAMETRIC_REPRESENTATION_CONTEXT() REPRESENTATION_CONTEXT('2D SPACE',''
  ) );
#4706 = ADVANCED_FACE('',(#4707,#4755),#3858,.T.);
#4707 = FACE_BOUND('',#4708,.T.);
#4708 = EDGE_LOOP('',(#4709,#4710,#4711,#4734));
#4709 = ORIENTED_EDGE('',*,*,#4686,.F.);
#4710 = ORIENTED_EDGE('',*,*,#3842,.T.);
#4711 = ORIENTED_EDGE('',*,*,#4712,.T.);
#4712 = EDGE_CURVE('',#3843,#4713,#4715,.T.);
#4713 = VERTEX_POINT('',#4714);
#4714 = CARTESIAN_POINT('',(15.1,9.7,16.5));
#4715 = SURFACE_CURVE('',#4716,(#4720,#4727),.PCURVE_S1.);
#4716 = LINE('',#4717,#4718);
#4717 = CARTESIAN_POINT('',(15.1,-9.7,16.5));
#4718 = VECTOR('',#4719,1.);
#4719 = DIRECTION('',(0.,1.,0.));
#4720 = PCURVE('',#3858,#4721);
#4721 = DEFINITIONAL_REPRESENTATION('',(#4722),#4726);
#4722 = LINE('',#4723,#4724);
#4723 = CARTESIAN_POINT('',(30.2,0.));
#4724 = VECTOR('',#4725,1.);
#4725 = DIRECTION('',(0.,1.));
#4726 = ( GEOMETRIC_REPRESENTATION_CONTEXT(2) 
PARAMETRIC_REPRESENTATION_CONTEXT() REPRESENTATION_CONTEXT('2D SPACE',''
  ) );
#4727 = PCURVE('',#3886,#4728);
#4728 = DEFINITIONAL_REPRESENTATION('',(#4729),#4733);
#4729 = LINE('',#4730,#4731);
#4730 = CARTESIAN_POINT('',(12.5,0.));
#4731 = VECTOR('',#4732,1.);
#4732 = DIRECTION('',(0.,-1.));
#4733 = ( GEOMETRIC_REPRESENTATION_CONTEXT(2) 
PARAMETRIC_REPRESENTATION_CONTEXT() REPRESENTATION_CONTEXT('2D SPACE',''
  ) );
#4734 = ORIENTED_EDGE('',*,*,#4735,.F.);
#4735 = EDGE_CURVE('',#4664,#4713,#4736,.T.);
#4736 = SURFACE_CURVE('',#4737,(#4741,#4748),.PCURVE_S1.);
#4737 = LINE('',#4738,#4739);
#4738 = CARTESIAN_POINT('',(-15.1,9.7,16.5));
#4739 = VECTOR('',#4740,1.);
#4740 = DIRECTION('',(1.,0.,0.));
#4741 = PCURVE('',#3858,#4742);
#4742 = DEFINITIONAL_REPRESENTATION('',(#4743),#4747);
#4743 = LINE('',#4744,#4745);
#4744 = CARTESIAN_POINT('',(0.,19.4));
#4745 = VECTOR('',#4746,1.);
#4746 = DIRECTION('',(1.,0.));
#4747 = ( GEOMETRIC_REPRESENTATION_CONTEXT(2) 
PARAMETRIC_REPRESENTATION_CONTEXT() REPRESENTATION_CONTEXT('2D SPACE',''
  ) );
#4748 = PCURVE('',#3973,#4749);
#4749 = DEFINITIONAL_REPRESENTATION('',(#4750),#4754);
#4750 = LINE('',#4751,#4752);
#4751 = CARTESIAN_POINT('',(12.5,0.));
#4752 = VECTOR('',#4753,1.);
#4753 = DIRECTION('',(0.,1.));
#4754 = ( GEOMETRIC_REPRESENTATION_CONTEXT(2) 
PARAMETRIC_REPRESENTATION_CONTEXT() REPRESENTATION_CONTEXT('2D SPACE',''
  ) );
#4755 = FACE_BOUND('',#4756,.T.);
#4756 = EDGE_LOOP('',(#4757,#4787,#4815,#4843));
#4757 = ORIENTED_EDGE('',*,*,#4758,.T.);
#4758 = EDGE_CURVE('',#4759,#4761,#4763,.T.);
#4759 = VERTEX_POINT('',#4760);
#4760 = CARTESIAN_POINT('',(12.1,-6.7,16.5));
#4761 = VERTEX_POINT('',#4762);
#4762 = CARTESIAN_POINT('',(-12.1,-6.7,16.5));
#4763 = SURFACE_CURVE('',#4764,(#4768,#4775),.PCURVE_S1.);
#4764 = LINE('',#4765,#4766);
#4765 = CARTESIAN_POINT('',(-13.6,-6.7,16.5));
#4766 = VECTOR('',#4767,1.);
#4767 = DIRECTION('',(-1.,0.,0.));
#4768 = PCURVE('',#3858,#4769);
#4769 = DEFINITIONAL_REPRESENTATION('',(#4770),#4774);
#4770 = LINE('',#4771,#4772);
#4771 = CARTESIAN_POINT('',(1.5,3.));
#4772 = VECTOR('',#4773,1.);
#4773 = DIRECTION('',(-1.,0.));
#4774 = ( GEOMETRIC_REPRESENTATION_CONTEXT(2) 
PARAMETRIC_REPRESENTATION_CONTEXT() REPRESENTATION_CONTEXT('2D SPACE',''
  ) );
#4775 = PCURVE('',#4776,#4781);
#4776 = PLANE('',#4777);
#4777 = AXIS2_PLACEMENT_3D('',#4778,#4779,#4780);
#4778 = CARTESIAN_POINT('',(-12.1,-6.7,6.5));
#4779 = DIRECTION('',(0.,1.,0.));
#4780 = DIRECTION('',(0.,-0.,1.));
#4781 = DEFINITIONAL_REPRESENTATION('',(#4782),#4786);
#4782 = LINE('',#4783,#4784);
#4783 = CARTESIAN_POINT('',(10.,-1.5));
#4784 = VECTOR('',#4785,1.);
#4785 = DIRECTION('',(0.,-1.));
#4786 = ( GEOMETRIC_REPRESENTATION_CONTEXT(2) 
PARAMETRIC_REPRESENTATION_CONTEXT() REPRESENTATION_CONTEXT('2D SPACE',''
  ) );
#4787 = ORIENTED_EDGE('',*,*,#4788,.T.);
#4788 = EDGE_CURVE('',#4761,#4789,#4791,.T.);
#4789 = VERTEX_POINT('',#4790);
#4790 = CARTESIAN_POINT('',(-12.1,6.7,16.5));
#4791 = SURFACE_CURVE('',#4792,(#4796,#4803),.PCURVE_S1.);
#4792 = LINE('',#4793,#4794);
#4793 = CARTESIAN_POINT('',(-12.1,-8.2,16.5));
#4794 = VECTOR('',#4795,1.);
#4795 = DIRECTION('',(0.,1.,0.));
#4796 = PCURVE('',#3858,#4797);
#4797 = DEFINITIONAL_REPRESENTATION('',(#4798),#4802);
#4798 = LINE('',#4799,#4800);
#4799 = CARTESIAN_POINT('',(3.,1.5));
#4800 = VECTOR('',#4801,1.);
#4801 = DIRECTION('',(0.,1.));
#4802 = ( GEOMETRIC_REPRESENTATION_CONTEXT(2) 
PARAMETRIC_REPRESENTATION_CONTEXT() REPRESENTATION_CONTEXT('2D SPACE',''
  ) );
#4803 = PCURVE('',#4804,#4809);
#4804 = PLANE('',#4805);
#4805 = AXIS2_PLACEMENT_3D('',#4806,#4807,#4808);
#4806 = CARTESIAN_POINT('',(-12.1,-6.7,6.5));
#4807 = DIRECTION('',(1.,0.,0.));
#4808 = DIRECTION('',(0.,0.,1.));
#4809 = DEFINITIONAL_REPRESENTATION('',(#4810),#4814);
#4810 = LINE('',#4811,#4812);
#4811 = CARTESIAN_POINT('',(10.,1.5));
#4812 = VECTOR('',#4813,1.);
#4813 = DIRECTION('',(0.,-1.));
#4814 = ( GEOMETRIC_REPRESENTATION_CONTEXT(2) 
PARAMETRIC_REPRESENTATION_CONTEXT() REPRESENTATION_CONTEXT('2D SPACE',''
  ) );
#4815 = ORIENTED_EDGE('',*,*,#4816,.F.);
#4816 = EDGE_CURVE('',#4817,#4789,#4819,.T.);
#4817 = VERTEX_POINT('',#4818);
#4818 = CARTESIAN_POINT('',(12.1,6.7,16.5));
#4819 = SURFACE_CURVE('',#4820,(#4824,#4831),.PCURVE_S1.);
#4820 = LINE('',#4821,#4822);
#4821 = CARTESIAN_POINT('',(-13.6,6.7,16.5));
#4822 = VECTOR('',#4823,1.);
#4823 = DIRECTION('',(-1.,0.,0.));
#4824 = PCURVE('',#3858,#4825);
#4825 = DEFINITIONAL_REPRESENTATION('',(#4826),#4830);
#4826 = LINE('',#4827,#4828);
#4827 = CARTESIAN_POINT('',(1.5,16.4));
#4828 = VECTOR('',#4829,1.);
#4829 = DIRECTION('',(-1.,0.));
#4830 = ( GEOMETRIC_REPRESENTATION_CONTEXT(2) 
PARAMETRIC_REPRESENTATION_CONTEXT() REPRESENTATION_CONTEXT('2D SPACE',''
  ) );
#4831 = PCURVE('',#4832,#4837);
#4832 = PLANE('',#4833);
#4833 = AXIS2_PLACEMENT_3D('',#4834,#4835,#4836);
#4834 = CARTESIAN_POINT('',(-12.1,6.7,6.5));
#4835 = DIRECTION('',(0.,1.,0.));
#4836 = DIRECTION('',(0.,-0.,1.));
#4837 = DEFINITIONAL_REPRESENTATION('',(#4838),#4842);
#4838 = LINE('',#4839,#4840);
#4839 = CARTESIAN_POINT('',(10.,-1.5));
#4840 = VECTOR('',#4841,1.);
#4841 = DIRECTION('',(0.,-1.));
#4842 = ( GEOMETRIC_REPRESENTATION_CONTEXT(2) 
PARAMETRIC_REPRESENTATION_CONTEXT() REPRESENTATION_CONTEXT('2D SPACE',''
  ) );
#4843 = ORIENTED_EDGE('',*,*,#4844,.F.);
#4844 = EDGE_CURVE('',#4759,#4817,#4845,.T.);
#4845 = SURFACE_CURVE('',#4846,(#4850,#4857),.PCURVE_S1.);
#4846 = LINE('',#4847,#4848);
#4847 = CARTESIAN_POINT('',(12.1,-8.2,16.5));
#4848 = VECTOR('',#4849,1.);
#4849 = DIRECTION('',(0.,1.,0.));
#4850 = PCURVE('',#3858,#4851);
#4851 = DEFINITIONAL_REPRESENTATION('',(#4852),#4856);
#4852 = LINE('',#4853,#4854);
#4853 = CARTESIAN_POINT('',(27.2,1.5));
#4854 = VECTOR('',#4855,1.);
#4855 = DIRECTION('',(0.,1.));
#4856 = ( GEOMETRIC_REPRESENTATION_CONTEXT(2) 
PARAMETRIC_REPRESENTATION_CONTEXT() REPRESENTATION_CONTEXT('2D SPACE',''
  ) );
#4857 = PCURVE('',#4858,#4863);
#4858 = PLANE('',#4859);
#4859 = AXIS2_PLACEMENT_3D('',#4860,#4861,#4862);
#4860 = CARTESIAN_POINT('',(12.1,-6.7,6.5));
#4861 = DIRECTION('',(1.,0.,0.));
#4862 = DIRECTION('',(0.,0.,1.));
#4863 = DEFINITIONAL_REPRESENTATION('',(#4864),#4868);
#4864 = LINE('',#4865,#4866);
#4865 = CARTESIAN_POINT('',(10.,1.5));
#4866 = VECTOR('',#4867,1.);
#4867 = DIRECTION('',(0.,-1.));
#4868 = ( GEOMETRIC_REPRESENTATION_CONTEXT(2) 
PARAMETRIC_REPRESENTATION_CONTEXT() REPRESENTATION_CONTEXT('2D SPACE',''
  ) );
#4869 = ADVANCED_FACE('',(#4870),#3886,.T.);
#4870 = FACE_BOUND('',#4871,.T.);
#4871 = EDGE_LOOP('',(#4872,#4873,#4896,#4917));
#4872 = ORIENTED_EDGE('',*,*,#3870,.F.);
#4873 = ORIENTED_EDGE('',*,*,#4874,.F.);
#4874 = EDGE_CURVE('',#4875,#3871,#4877,.T.);
#4875 = VERTEX_POINT('',#4876);
#4876 = CARTESIAN_POINT('',(15.1,9.7,6.5));
#4877 = SURFACE_CURVE('',#4878,(#4882,#4889),.PCURVE_S1.);
#4878 = LINE('',#4879,#4880);
#4879 = CARTESIAN_POINT('',(15.1,-9.7,6.5));
#4880 = VECTOR('',#4881,1.);
#4881 = DIRECTION('',(0.,-1.,0.));
#4882 = PCURVE('',#3886,#4883);
#4883 = DEFINITIONAL_REPRESENTATION('',(#4884),#4888);
#4884 = LINE('',#4885,#4886);
#4885 = CARTESIAN_POINT('',(2.5,0.));
#4886 = VECTOR('',#4887,1.);
#4887 = DIRECTION('',(0.,1.));
#4888 = ( GEOMETRIC_REPRESENTATION_CONTEXT(2) 
PARAMETRIC_REPRESENTATION_CONTEXT() REPRESENTATION_CONTEXT('2D SPACE',''
  ) );
#4889 = PCURVE('',#3914,#4890);
#4890 = DEFINITIONAL_REPRESENTATION('',(#4891),#4895);
#4891 = LINE('',#4892,#4893);
#4892 = CARTESIAN_POINT('',(1.,0.));
#4893 = VECTOR('',#4894,1.);
#4894 = DIRECTION('',(0.,-1.));
#4895 = ( GEOMETRIC_REPRESENTATION_CONTEXT(2) 
PARAMETRIC_REPRESENTATION_CONTEXT() REPRESENTATION_CONTEXT('2D SPACE',''
  ) );
#4896 = ORIENTED_EDGE('',*,*,#4897,.F.);
#4897 = EDGE_CURVE('',#4713,#4875,#4898,.T.);
#4898 = SURFACE_CURVE('',#4899,(#4903,#4910),.PCURVE_S1.);
#4899 = LINE('',#4900,#4901);
#4900 = CARTESIAN_POINT('',(15.1,9.7,16.5));
#4901 = VECTOR('',#4902,1.);
#4902 = DIRECTION('',(0.,0.,-1.));
#4903 = PCURVE('',#3886,#4904);
#4904 = DEFINITIONAL_REPRESENTATION('',(#4905),#4909);
#4905 = LINE('',#4906,#4907);
#4906 = CARTESIAN_POINT('',(12.5,-19.4));
#4907 = VECTOR('',#4908,1.);
#4908 = DIRECTION('',(-1.,0.));
#4909 = ( GEOMETRIC_REPRESENTATION_CONTEXT(2) 
PARAMETRIC_REPRESENTATION_CONTEXT() REPRESENTATION_CONTEXT('2D SPACE',''
  ) );
#4910 = PCURVE('',#3973,#4911);
#4911 = DEFINITIONAL_REPRESENTATION('',(#4912),#4916);
#4912 = LINE('',#4913,#4914);
#4913 = CARTESIAN_POINT('',(12.5,30.2));
#4914 = VECTOR('',#4915,1.);
#4915 = DIRECTION('',(-1.,0.));
#4916 = ( GEOMETRIC_REPRESENTATION_CONTEXT(2) 
PARAMETRIC_REPRESENTATION_CONTEXT() REPRESENTATION_CONTEXT('2D SPACE',''
  ) );
#4917 = ORIENTED_EDGE('',*,*,#4712,.F.);
#4918 = ADVANCED_FACE('',(#4919,#4967),#3914,.T.);
#4919 = FACE_BOUND('',#4920,.T.);
#4920 = EDGE_LOOP('',(#4921,#4944,#4945,#4946));
#4921 = ORIENTED_EDGE('',*,*,#4922,.F.);
#4922 = EDGE_CURVE('',#4875,#4923,#4925,.T.);
#4923 = VERTEX_POINT('',#4924);
#4924 = CARTESIAN_POINT('',(22.1,9.7,6.5));
#4925 = SURFACE_CURVE('',#4926,(#4930,#4937),.PCURVE_S1.);
#4926 = LINE('',#4927,#4928);
#4927 = CARTESIAN_POINT('',(14.1,9.7,6.5));
#4928 = VECTOR('',#4929,1.);
#4929 = DIRECTION('',(1.,0.,0.));
#4930 = PCURVE('',#3914,#4931);
#4931 = DEFINITIONAL_REPRESENTATION('',(#4932),#4936);
#4932 = LINE('',#4933,#4934);
#4933 = CARTESIAN_POINT('',(0.,19.4));
#4934 = VECTOR('',#4935,1.);
#4935 = DIRECTION('',(1.,0.));
#4936 = ( GEOMETRIC_REPRESENTATION_CONTEXT(2) 
PARAMETRIC_REPRESENTATION_CONTEXT() REPRESENTATION_CONTEXT('2D SPACE',''
  ) );
#4937 = PCURVE('',#3973,#4938);
#4938 = DEFINITIONAL_REPRESENTATION('',(#4939),#4943);
#4939 = LINE('',#4940,#4941);
#4940 = CARTESIAN_POINT('',(2.5,29.2));
#4941 = VECTOR('',#4942,1.);
#4942 = DIRECTION('',(0.,1.));
#4943 = ( GEOMETRIC_REPRESENTATION_CONTEXT(2) 
PARAMETRIC_REPRESENTATION_CONTEXT() REPRESENTATION_CONTEXT('2D SPACE',''
  ) );
#4944 = ORIENTED_EDGE('',*,*,#4874,.T.);
#4945 = ORIENTED_EDGE('',*,*,#3898,.T.);
#4946 = ORIENTED_EDGE('',*,*,#4947,.T.);
#4947 = EDGE_CURVE('',#3899,#4923,#4948,.T.);
#4948 = SURFACE_CURVE('',#4949,(#4953,#4960),.PCURVE_S1.);
#4949 = LINE('',#4950,#4951);
#4950 = CARTESIAN_POINT('',(22.1,-9.7,6.5));
#4951 = VECTOR('',#4952,1.);
#4952 = DIRECTION('',(0.,1.,0.));
#4953 = PCURVE('',#3914,#4954);
#4954 = DEFINITIONAL_REPRESENTATION('',(#4955),#4959);
#4955 = LINE('',#4956,#4957);
#4956 = CARTESIAN_POINT('',(8.,0.));
#4957 = VECTOR('',#4958,1.);
#4958 = DIRECTION('',(0.,1.));
#4959 = ( GEOMETRIC_REPRESENTATION_CONTEXT(2) 
PARAMETRIC_REPRESENTATION_CONTEXT() REPRESENTATION_CONTEXT('2D SPACE',''
  ) );
#4960 = PCURVE('',#3940,#4961);
#4961 = DEFINITIONAL_REPRESENTATION('',(#4962),#4966);
#4962 = LINE('',#4963,#4964);
#4963 = CARTESIAN_POINT('',(2.5,0.));
#4964 = VECTOR('',#4965,1.);
#4965 = DIRECTION('',(0.,-1.));
#4966 = ( GEOMETRIC_REPRESENTATION_CONTEXT(2) 
PARAMETRIC_REPRESENTATION_CONTEXT() REPRESENTATION_CONTEXT('2D SPACE',''
  ) );
#4967 = FACE_BOUND('',#4968,.T.);
#4968 = EDGE_LOOP('',(#4969,#4994,#5022,#5045));
#4969 = ORIENTED_EDGE('',*,*,#4970,.F.);
#4970 = EDGE_CURVE('',#4971,#4973,#4975,.T.);
#4971 = VERTEX_POINT('',#4972);
#4972 = CARTESIAN_POINT('',(16.4,1.3,6.5));
#4973 = VERTEX_POINT('',#4974);
#4974 = CARTESIAN_POINT('',(16.4,-1.3,6.5));
#4975 = SURFACE_CURVE('',#4976,(#4980,#4987),.PCURVE_S1.);
#4976 = LINE('',#4977,#4978);
#4977 = CARTESIAN_POINT('',(16.4,-5.5,6.5));
#4978 = VECTOR('',#4979,1.);
#4979 = DIRECTION('',(-1.110223024625E-16,-1.,0.));
#4980 = PCURVE('',#3914,#4981);
#4981 = DEFINITIONAL_REPRESENTATION('',(#4982),#4986);
#4982 = LINE('',#4983,#4984);
#4983 = CARTESIAN_POINT('',(2.3,4.2));
#4984 = VECTOR('',#4985,1.);
#4985 = DIRECTION('',(-1.110223024625E-16,-1.));
#4986 = ( GEOMETRIC_REPRESENTATION_CONTEXT(2) 
PARAMETRIC_REPRESENTATION_CONTEXT() REPRESENTATION_CONTEXT('2D SPACE',''
  ) );
#4987 = PCURVE('',#4172,#4988);
#4988 = DEFINITIONAL_REPRESENTATION('',(#4989),#4993);
#4989 = LINE('',#4990,#4991);
#4990 = CARTESIAN_POINT('',(-4.2,-3.5));
#4991 = VECTOR('',#4992,1.);
#4992 = DIRECTION('',(-1.,-0.));
#4993 = ( GEOMETRIC_REPRESENTATION_CONTEXT(2) 
PARAMETRIC_REPRESENTATION_CONTEXT() REPRESENTATION_CONTEXT('2D SPACE',''
  ) );
#4994 = ORIENTED_EDGE('',*,*,#4995,.T.);
#4995 = EDGE_CURVE('',#4971,#4996,#4998,.T.);
#4996 = VERTEX_POINT('',#4997);
#4997 = CARTESIAN_POINT('',(19.8,1.3,6.5));
#4998 = SURFACE_CURVE('',#4999,(#5004,#5015),.PCURVE_S1.);
#4999 = CIRCLE('',#5000,1.7);
#5000 = AXIS2_PLACEMENT_3D('',#5001,#5002,#5003);
#5001 = CARTESIAN_POINT('',(18.1,1.3,6.5));
#5002 = DIRECTION('',(0.,0.,-1.));
#5003 = DIRECTION('',(-1.,2.416367759478E-16,0.));
#5004 = PCURVE('',#3914,#5005);
#5005 = DEFINITIONAL_REPRESENTATION('',(#5006),#5014);
#5006 = ( BOUNDED_CURVE() B_SPLINE_CURVE(2,(#5007,#5008,#5009,#5010,
#5011,#5012,#5013),.UNSPECIFIED.,.T.,.F.) B_SPLINE_CURVE_WITH_KNOTS((1,2
    ,2,2,2,1),(-2.094395102393,0.,2.094395102393,4.188790204786,
6.28318530718,8.377580409573),.UNSPECIFIED.) CURVE() 
GEOMETRIC_REPRESENTATION_ITEM() RATIONAL_B_SPLINE_CURVE((1.,0.5,1.,0.5,
1.,0.5,1.)) REPRESENTATION_ITEM('') );
#5007 = CARTESIAN_POINT('',(2.3,11.));
#5008 = CARTESIAN_POINT('',(2.3,13.944486372867));
#5009 = CARTESIAN_POINT('',(4.85,12.472243186434));
#5010 = CARTESIAN_POINT('',(7.4,11.));
#5011 = CARTESIAN_POINT('',(4.85,9.527756813566));
#5012 = CARTESIAN_POINT('',(2.3,8.055513627133));
#5013 = CARTESIAN_POINT('',(2.3,11.));
#5014 = ( GEOMETRIC_REPRESENTATION_CONTEXT(2) 
PARAMETRIC_REPRESENTATION_CONTEXT() REPRESENTATION_CONTEXT('2D SPACE',''
  ) );
#5015 = PCURVE('',#4205,#5016);
#5016 = DEFINITIONAL_REPRESENTATION('',(#5017),#5021);
#5017 = LINE('',#5018,#5019);
#5018 = CARTESIAN_POINT('',(0.,-3.5));
#5019 = VECTOR('',#5020,1.);
#5020 = DIRECTION('',(1.,0.));
#5021 = ( GEOMETRIC_REPRESENTATION_CONTEXT(2) 
PARAMETRIC_REPRESENTATION_CONTEXT() REPRESENTATION_CONTEXT('2D SPACE',''
  ) );
#5022 = ORIENTED_EDGE('',*,*,#5023,.F.);
#5023 = EDGE_CURVE('',#5024,#4996,#5026,.T.);
#5024 = VERTEX_POINT('',#5025);
#5025 = CARTESIAN_POINT('',(19.8,-1.3,6.5));
#5026 = SURFACE_CURVE('',#5027,(#5031,#5038),.PCURVE_S1.);
#5027 = LINE('',#5028,#5029);
#5028 = CARTESIAN_POINT('',(19.8,-4.2,6.5));
#5029 = VECTOR('',#5030,1.);
#5030 = DIRECTION('',(1.110223024625E-16,1.,-0.));
#5031 = PCURVE('',#3914,#5032);
#5032 = DEFINITIONAL_REPRESENTATION('',(#5033),#5037);
#5033 = LINE('',#5034,#5035);
#5034 = CARTESIAN_POINT('',(5.7,5.5));
#5035 = VECTOR('',#5036,1.);
#5036 = DIRECTION('',(1.110223024625E-16,1.));
#5037 = ( GEOMETRIC_REPRESENTATION_CONTEXT(2) 
PARAMETRIC_REPRESENTATION_CONTEXT() REPRESENTATION_CONTEXT('2D SPACE',''
  ) );
#5038 = PCURVE('',#4233,#5039);
#5039 = DEFINITIONAL_REPRESENTATION('',(#5040),#5044);
#5040 = LINE('',#5041,#5042);
#5041 = CARTESIAN_POINT('',(5.5,-3.5));
#5042 = VECTOR('',#5043,1.);
#5043 = DIRECTION('',(-1.,0.));
#5044 = ( GEOMETRIC_REPRESENTATION_CONTEXT(2) 
PARAMETRIC_REPRESENTATION_CONTEXT() REPRESENTATION_CONTEXT('2D SPACE',''
  ) );
#5045 = ORIENTED_EDGE('',*,*,#5046,.T.);
#5046 = EDGE_CURVE('',#5024,#4973,#5047,.T.);
#5047 = SURFACE_CURVE('',#5048,(#5053,#5064),.PCURVE_S1.);
#5048 = CIRCLE('',#5049,1.7);
#5049 = AXIS2_PLACEMENT_3D('',#5050,#5051,#5052);
#5050 = CARTESIAN_POINT('',(18.1,-1.3,6.5));
#5051 = DIRECTION('',(-0.,0.,-1.));
#5052 = DIRECTION('',(1.,-2.416367759478E-16,-0.));
#5053 = PCURVE('',#3914,#5054);
#5054 = DEFINITIONAL_REPRESENTATION('',(#5055),#5063);
#5055 = ( BOUNDED_CURVE() B_SPLINE_CURVE(2,(#5056,#5057,#5058,#5059,
#5060,#5061,#5062),.UNSPECIFIED.,.T.,.F.) B_SPLINE_CURVE_WITH_KNOTS((1,2
    ,2,2,2,1),(-2.094395102393,0.,2.094395102393,4.188790204786,
6.28318530718,8.377580409573),.UNSPECIFIED.) CURVE() 
GEOMETRIC_REPRESENTATION_ITEM() RATIONAL_B_SPLINE_CURVE((1.,0.5,1.,0.5,
1.,0.5,1.)) REPRESENTATION_ITEM('') );
#5056 = CARTESIAN_POINT('',(5.7,8.4));
#5057 = CARTESIAN_POINT('',(5.7,5.455513627133));
#5058 = CARTESIAN_POINT('',(3.15,6.927756813566));
#5059 = CARTESIAN_POINT('',(0.6,8.4));
#5060 = CARTESIAN_POINT('',(3.15,9.872243186434));
#5061 = CARTESIAN_POINT('',(5.7,11.344486372867));
#5062 = CARTESIAN_POINT('',(5.7,8.4));
#5063 = ( GEOMETRIC_REPRESENTATION_CONTEXT(2) 
PARAMETRIC_REPRESENTATION_CONTEXT() REPRESENTATION_CONTEXT('2D SPACE',''
  ) );
#5064 = PCURVE('',#4264,#5065);
#5065 = DEFINITIONAL_REPRESENTATION('',(#5066),#5070);
#5066 = LINE('',#5067,#5068);
#5067 = CARTESIAN_POINT('',(0.,-3.5));
#5068 = VECTOR('',#5069,1.);
#5069 = DIRECTION('',(1.,0.));
#5070 = ( GEOMETRIC_REPRESENTATION_CONTEXT(2) 
PARAMETRIC_REPRESENTATION_CONTEXT() REPRESENTATION_CONTEXT('2D SPACE',''
  ) );
#5071 = ADVANCED_FACE('',(#5072),#3940,.T.);
#5072 = FACE_BOUND('',#5073,.T.);
#5073 = EDGE_LOOP('',(#5074,#5075,#5076,#5097));
#5074 = ORIENTED_EDGE('',*,*,#3926,.F.);
#5075 = ORIENTED_EDGE('',*,*,#4007,.T.);
#5076 = ORIENTED_EDGE('',*,*,#5077,.T.);
#5077 = EDGE_CURVE('',#3958,#4923,#5078,.T.);
#5078 = SURFACE_CURVE('',#5079,(#5083,#5090),.PCURVE_S1.);
#5079 = LINE('',#5080,#5081);
#5080 = CARTESIAN_POINT('',(22.1,9.7,4.));
#5081 = VECTOR('',#5082,1.);
#5082 = DIRECTION('',(0.,0.,1.));
#5083 = PCURVE('',#3940,#5084);
#5084 = DEFINITIONAL_REPRESENTATION('',(#5085),#5089);
#5085 = LINE('',#5086,#5087);
#5086 = CARTESIAN_POINT('',(0.,-19.4));
#5087 = VECTOR('',#5088,1.);
#5088 = DIRECTION('',(1.,0.));
#5089 = ( GEOMETRIC_REPRESENTATION_CONTEXT(2) 
PARAMETRIC_REPRESENTATION_CONTEXT() REPRESENTATION_CONTEXT('2D SPACE',''
  ) );
#5090 = PCURVE('',#3973,#5091);
#5091 = DEFINITIONAL_REPRESENTATION('',(#5092),#5096);
#5092 = LINE('',#5093,#5094);
#5093 = CARTESIAN_POINT('',(0.,37.2));
#5094 = VECTOR('',#5095,1.);
#5095 = DIRECTION('',(1.,0.));
#5096 = ( GEOMETRIC_REPRESENTATION_CONTEXT(2) 
PARAMETRIC_REPRESENTATION_CONTEXT() REPRESENTATION_CONTEXT('2D SPACE',''
  ) );
#5097 = ORIENTED_EDGE('',*,*,#4947,.F.);
#5098 = ADVANCED_FACE('',(#5099),#3973,.T.);
#5099 = FACE_BOUND('',#5100,.T.);
#5100 = EDGE_LOOP('',(#5101,#5102,#5103,#5104,#5105,#5106,#5107,#5108));
#5101 = ORIENTED_EDGE('',*,*,#3955,.F.);
#5102 = ORIENTED_EDGE('',*,*,#4281,.T.);
#5103 = ORIENTED_EDGE('',*,*,#4328,.T.);
#5104 = ORIENTED_EDGE('',*,*,#4663,.F.);
#5105 = ORIENTED_EDGE('',*,*,#4735,.T.);
#5106 = ORIENTED_EDGE('',*,*,#4897,.T.);
#5107 = ORIENTED_EDGE('',*,*,#4922,.T.);
#5108 = ORIENTED_EDGE('',*,*,#5077,.F.);
#5109 = ADVANCED_FACE('',(#5110),#4048,.F.);
#5110 = FACE_BOUND('',#5111,.F.);
#5111 = EDGE_LOOP('',(#5112,#5113,#5134,#5135));
#5112 = ORIENTED_EDGE('',*,*,#4030,.T.);
#5113 = ORIENTED_EDGE('',*,*,#5114,.T.);
#5114 = EDGE_CURVE('',#4033,#4486,#5115,.T.);
#5115 = SURFACE_CURVE('',#5116,(#5120,#5127),.PCURVE_S1.);
#5116 = LINE('',#5117,#5118);
#5117 = CARTESIAN_POINT('',(-19.8,-1.3,3.));
#5118 = VECTOR('',#5119,1.);
#5119 = DIRECTION('',(0.,0.,1.));
#5120 = PCURVE('',#4048,#5121);
#5121 = DEFINITIONAL_REPRESENTATION('',(#5122),#5126);
#5122 = LINE('',#5123,#5124);
#5123 = CARTESIAN_POINT('',(0.,0.));
#5124 = VECTOR('',#5125,1.);
#5125 = DIRECTION('',(0.,-1.));
#5126 = ( GEOMETRIC_REPRESENTATION_CONTEXT(2) 
PARAMETRIC_REPRESENTATION_CONTEXT() REPRESENTATION_CONTEXT('2D SPACE',''
  ) );
#5127 = PCURVE('',#4140,#5128);
#5128 = DEFINITIONAL_REPRESENTATION('',(#5129),#5133);
#5129 = LINE('',#5130,#5131);
#5130 = CARTESIAN_POINT('',(3.14159265359,0.));
#5131 = VECTOR('',#5132,1.);
#5132 = DIRECTION('',(0.,-1.));
#5133 = ( GEOMETRIC_REPRESENTATION_CONTEXT(2) 
PARAMETRIC_REPRESENTATION_CONTEXT() REPRESENTATION_CONTEXT('2D SPACE',''
  ) );
#5134 = ORIENTED_EDGE('',*,*,#4483,.F.);
#5135 = ORIENTED_EDGE('',*,*,#5136,.F.);
#5136 = EDGE_CURVE('',#4031,#4484,#5137,.T.);
#5137 = SURFACE_CURVE('',#5138,(#5142,#5149),.PCURVE_S1.);
#5138 = LINE('',#5139,#5140);
#5139 = CARTESIAN_POINT('',(-19.8,1.3,3.));
#5140 = VECTOR('',#5141,1.);
#5141 = DIRECTION('',(0.,0.,1.));
#5142 = PCURVE('',#4048,#5143);
#5143 = DEFINITIONAL_REPRESENTATION('',(#5144),#5148);
#5144 = LINE('',#5145,#5146);
#5145 = CARTESIAN_POINT('',(2.6,0.));
#5146 = VECTOR('',#5147,1.);
#5147 = DIRECTION('',(0.,-1.));
#5148 = ( GEOMETRIC_REPRESENTATION_CONTEXT(2) 
PARAMETRIC_REPRESENTATION_CONTEXT() REPRESENTATION_CONTEXT('2D SPACE',''
  ) );
#5149 = PCURVE('',#4081,#5150);
#5150 = DEFINITIONAL_REPRESENTATION('',(#5151),#5155);
#5151 = LINE('',#5152,#5153);
#5152 = CARTESIAN_POINT('',(0.,0.));
#5153 = VECTOR('',#5154,1.);
#5154 = DIRECTION('',(0.,-1.));
#5155 = ( GEOMETRIC_REPRESENTATION_CONTEXT(2) 
PARAMETRIC_REPRESENTATION_CONTEXT() REPRESENTATION_CONTEXT('2D SPACE',''
  ) );
#5156 = ADVANCED_FACE('',(#5157),#4081,.F.);
#5157 = FACE_BOUND('',#5158,.F.);
#5158 = EDGE_LOOP('',(#5159,#5160,#5161,#5162));
#5159 = ORIENTED_EDGE('',*,*,#4060,.F.);
#5160 = ORIENTED_EDGE('',*,*,#5136,.T.);
#5161 = ORIENTED_EDGE('',*,*,#4508,.T.);
#5162 = ORIENTED_EDGE('',*,*,#5163,.F.);
#5163 = EDGE_CURVE('',#4061,#4509,#5164,.T.);
#5164 = SURFACE_CURVE('',#5165,(#5169,#5176),.PCURVE_S1.);
#5165 = LINE('',#5166,#5167);
#5166 = CARTESIAN_POINT('',(-16.4,1.3,3.));
#5167 = VECTOR('',#5168,1.);
#5168 = DIRECTION('',(0.,0.,1.));
#5169 = PCURVE('',#4081,#5170);
#5170 = DEFINITIONAL_REPRESENTATION('',(#5171),#5175);
#5171 = LINE('',#5172,#5173);
#5172 = CARTESIAN_POINT('',(3.14159265359,0.));
#5173 = VECTOR('',#5174,1.);
#5174 = DIRECTION('',(0.,-1.));
#5175 = ( GEOMETRIC_REPRESENTATION_CONTEXT(2) 
PARAMETRIC_REPRESENTATION_CONTEXT() REPRESENTATION_CONTEXT('2D SPACE',''
  ) );
#5176 = PCURVE('',#4109,#5177);
#5177 = DEFINITIONAL_REPRESENTATION('',(#5178),#5182);
#5178 = LINE('',#5179,#5180);
#5179 = CARTESIAN_POINT('',(0.,0.));
#5180 = VECTOR('',#5181,1.);
#5181 = DIRECTION('',(0.,-1.));
#5182 = ( GEOMETRIC_REPRESENTATION_CONTEXT(2) 
PARAMETRIC_REPRESENTATION_CONTEXT() REPRESENTATION_CONTEXT('2D SPACE',''
  ) );
#5183 = ADVANCED_FACE('',(#5184),#4140,.F.);
#5184 = FACE_BOUND('',#5185,.F.);
#5185 = EDGE_LOOP('',(#5186,#5187,#5208,#5209));
#5186 = ORIENTED_EDGE('',*,*,#4121,.F.);
#5187 = ORIENTED_EDGE('',*,*,#5188,.T.);
#5188 = EDGE_CURVE('',#4094,#4537,#5189,.T.);
#5189 = SURFACE_CURVE('',#5190,(#5194,#5201),.PCURVE_S1.);
#5190 = LINE('',#5191,#5192);
#5191 = CARTESIAN_POINT('',(-16.4,-1.3,3.));
#5192 = VECTOR('',#5193,1.);
#5193 = DIRECTION('',(0.,0.,1.));
#5194 = PCURVE('',#4140,#5195);
#5195 = DEFINITIONAL_REPRESENTATION('',(#5196),#5200);
#5196 = LINE('',#5197,#5198);
#5197 = CARTESIAN_POINT('',(0.,0.));
#5198 = VECTOR('',#5199,1.);
#5199 = DIRECTION('',(0.,-1.));
#5200 = ( GEOMETRIC_REPRESENTATION_CONTEXT(2) 
PARAMETRIC_REPRESENTATION_CONTEXT() REPRESENTATION_CONTEXT('2D SPACE',''
  ) );
#5201 = PCURVE('',#4109,#5202);
#5202 = DEFINITIONAL_REPRESENTATION('',(#5203),#5207);
#5203 = LINE('',#5204,#5205);
#5204 = CARTESIAN_POINT('',(2.6,0.));
#5205 = VECTOR('',#5206,1.);
#5206 = DIRECTION('',(0.,-1.));
#5207 = ( GEOMETRIC_REPRESENTATION_CONTEXT(2) 
PARAMETRIC_REPRESENTATION_CONTEXT() REPRESENTATION_CONTEXT('2D SPACE',''
  ) );
#5208 = ORIENTED_EDGE('',*,*,#4559,.T.);
#5209 = ORIENTED_EDGE('',*,*,#5114,.F.);
#5210 = ADVANCED_FACE('',(#5211),#4109,.F.);
#5211 = FACE_BOUND('',#5212,.F.);
#5212 = EDGE_LOOP('',(#5213,#5214,#5215,#5216));
#5213 = ORIENTED_EDGE('',*,*,#4093,.T.);
#5214 = ORIENTED_EDGE('',*,*,#5163,.T.);
#5215 = ORIENTED_EDGE('',*,*,#4536,.F.);
#5216 = ORIENTED_EDGE('',*,*,#5188,.F.);
#5217 = ADVANCED_FACE('',(#5218),#4172,.F.);
#5218 = FACE_BOUND('',#5219,.F.);
#5219 = EDGE_LOOP('',(#5220,#5221,#5242,#5243));
#5220 = ORIENTED_EDGE('',*,*,#4154,.T.);
#5221 = ORIENTED_EDGE('',*,*,#5222,.T.);
#5222 = EDGE_CURVE('',#4157,#4973,#5223,.T.);
#5223 = SURFACE_CURVE('',#5224,(#5228,#5235),.PCURVE_S1.);
#5224 = LINE('',#5225,#5226);
#5225 = CARTESIAN_POINT('',(16.4,-1.3,3.));
#5226 = VECTOR('',#5227,1.);
#5227 = DIRECTION('',(0.,0.,1.));
#5228 = PCURVE('',#4172,#5229);
#5229 = DEFINITIONAL_REPRESENTATION('',(#5230),#5234);
#5230 = LINE('',#5231,#5232);
#5231 = CARTESIAN_POINT('',(0.,0.));
#5232 = VECTOR('',#5233,1.);
#5233 = DIRECTION('',(0.,-1.));
#5234 = ( GEOMETRIC_REPRESENTATION_CONTEXT(2) 
PARAMETRIC_REPRESENTATION_CONTEXT() REPRESENTATION_CONTEXT('2D SPACE',''
  ) );
#5235 = PCURVE('',#4264,#5236);
#5236 = DEFINITIONAL_REPRESENTATION('',(#5237),#5241);
#5237 = LINE('',#5238,#5239);
#5238 = CARTESIAN_POINT('',(3.14159265359,0.));
#5239 = VECTOR('',#5240,1.);
#5240 = DIRECTION('',(0.,-1.));
#5241 = ( GEOMETRIC_REPRESENTATION_CONTEXT(2) 
PARAMETRIC_REPRESENTATION_CONTEXT() REPRESENTATION_CONTEXT('2D SPACE',''
  ) );
#5242 = ORIENTED_EDGE('',*,*,#4970,.F.);
#5243 = ORIENTED_EDGE('',*,*,#5244,.F.);
#5244 = EDGE_CURVE('',#4155,#4971,#5245,.T.);
#5245 = SURFACE_CURVE('',#5246,(#5250,#5257),.PCURVE_S1.);
#5246 = LINE('',#5247,#5248);
#5247 = CARTESIAN_POINT('',(16.4,1.3,3.));
#5248 = VECTOR('',#5249,1.);
#5249 = DIRECTION('',(0.,0.,1.));
#5250 = PCURVE('',#4172,#5251);
#5251 = DEFINITIONAL_REPRESENTATION('',(#5252),#5256);
#5252 = LINE('',#5253,#5254);
#5253 = CARTESIAN_POINT('',(2.6,0.));
#5254 = VECTOR('',#5255,1.);
#5255 = DIRECTION('',(0.,-1.));
#5256 = ( GEOMETRIC_REPRESENTATION_CONTEXT(2) 
PARAMETRIC_REPRESENTATION_CONTEXT() REPRESENTATION_CONTEXT('2D SPACE',''
  ) );
#5257 = PCURVE('',#4205,#5258);
#5258 = DEFINITIONAL_REPRESENTATION('',(#5259),#5263);
#5259 = LINE('',#5260,#5261);
#5260 = CARTESIAN_POINT('',(0.,0.));
#5261 = VECTOR('',#5262,1.);
#5262 = DIRECTION('',(0.,-1.));
#5263 = ( GEOMETRIC_REPRESENTATION_CONTEXT(2) 
PARAMETRIC_REPRESENTATION_CONTEXT() REPRESENTATION_CONTEXT('2D SPACE',''
  ) );
#5264 = ADVANCED_FACE('',(#5265),#4264,.F.);
#5265 = FACE_BOUND('',#5266,.F.);
#5266 = EDGE_LOOP('',(#5267,#5268,#5289,#5290));
#5267 = ORIENTED_EDGE('',*,*,#4245,.F.);
#5268 = ORIENTED_EDGE('',*,*,#5269,.T.);
#5269 = EDGE_CURVE('',#4218,#5024,#5270,.T.);
#5270 = SURFACE_CURVE('',#5271,(#5275,#5282),.PCURVE_S1.);
#5271 = LINE('',#5272,#5273);
#5272 = CARTESIAN_POINT('',(19.8,-1.3,3.));
#5273 = VECTOR('',#5274,1.);
#5274 = DIRECTION('',(0.,0.,1.));
#5275 = PCURVE('',#4264,#5276);
#5276 = DEFINITIONAL_REPRESENTATION('',(#5277),#5281);
#5277 = LINE('',#5278,#5279);
#5278 = CARTESIAN_POINT('',(0.,0.));
#5279 = VECTOR('',#5280,1.);
#5280 = DIRECTION('',(0.,-1.));
#5281 = ( GEOMETRIC_REPRESENTATION_CONTEXT(2) 
PARAMETRIC_REPRESENTATION_CONTEXT() REPRESENTATION_CONTEXT('2D SPACE',''
  ) );
#5282 = PCURVE('',#4233,#5283);
#5283 = DEFINITIONAL_REPRESENTATION('',(#5284),#5288);
#5284 = LINE('',#5285,#5286);
#5285 = CARTESIAN_POINT('',(2.6,0.));
#5286 = VECTOR('',#5287,1.);
#5287 = DIRECTION('',(0.,-1.));
#5288 = ( GEOMETRIC_REPRESENTATION_CONTEXT(2) 
PARAMETRIC_REPRESENTATION_CONTEXT() REPRESENTATION_CONTEXT('2D SPACE',''
  ) );
#5289 = ORIENTED_EDGE('',*,*,#5046,.T.);
#5290 = ORIENTED_EDGE('',*,*,#5222,.F.);
#5291 = ADVANCED_FACE('',(#5292),#4233,.F.);
#5292 = FACE_BOUND('',#5293,.F.);
#5293 = EDGE_LOOP('',(#5294,#5295,#5316,#5317));
#5294 = ORIENTED_EDGE('',*,*,#4217,.T.);
#5295 = ORIENTED_EDGE('',*,*,#5296,.T.);
#5296 = EDGE_CURVE('',#4185,#4996,#5297,.T.);
#5297 = SURFACE_CURVE('',#5298,(#5302,#5309),.PCURVE_S1.);
#5298 = LINE('',#5299,#5300);
#5299 = CARTESIAN_POINT('',(19.8,1.3,3.));
#5300 = VECTOR('',#5301,1.);
#5301 = DIRECTION('',(0.,0.,1.));
#5302 = PCURVE('',#4233,#5303);
#5303 = DEFINITIONAL_REPRESENTATION('',(#5304),#5308);
#5304 = LINE('',#5305,#5306);
#5305 = CARTESIAN_POINT('',(0.,0.));
#5306 = VECTOR('',#5307,1.);
#5307 = DIRECTION('',(0.,-1.));
#5308 = ( GEOMETRIC_REPRESENTATION_CONTEXT(2) 
PARAMETRIC_REPRESENTATION_CONTEXT() REPRESENTATION_CONTEXT('2D SPACE',''
  ) );
#5309 = PCURVE('',#4205,#5310);
#5310 = DEFINITIONAL_REPRESENTATION('',(#5311),#5315);
#5311 = LINE('',#5312,#5313);
#5312 = CARTESIAN_POINT('',(3.14159265359,0.));
#5313 = VECTOR('',#5314,1.);
#5314 = DIRECTION('',(0.,-1.));
#5315 = ( GEOMETRIC_REPRESENTATION_CONTEXT(2) 
PARAMETRIC_REPRESENTATION_CONTEXT() REPRESENTATION_CONTEXT('2D SPACE',''
  ) );
#5316 = ORIENTED_EDGE('',*,*,#5023,.F.);
#5317 = ORIENTED_EDGE('',*,*,#5269,.F.);
#5318 = ADVANCED_FACE('',(#5319),#4205,.F.);
#5319 = FACE_BOUND('',#5320,.F.);
#5320 = EDGE_LOOP('',(#5321,#5322,#5323,#5324));
#5321 = ORIENTED_EDGE('',*,*,#4184,.F.);
#5322 = ORIENTED_EDGE('',*,*,#5244,.T.);
#5323 = ORIENTED_EDGE('',*,*,#4995,.T.);
#5324 = ORIENTED_EDGE('',*,*,#5296,.F.);
#5325 = ADVANCED_FACE('',(#5326),#4448,.F.);
#5326 = FACE_BOUND('',#5327,.F.);
#5327 = EDGE_LOOP('',(#5328,#5329,#5330,#5353));
#5328 = ORIENTED_EDGE('',*,*,#4432,.T.);
#5329 = ORIENTED_EDGE('',*,*,#4641,.T.);
#5330 = ORIENTED_EDGE('',*,*,#5331,.T.);
#5331 = EDGE_CURVE('',#4614,#5332,#5334,.T.);
#5332 = VERTEX_POINT('',#5333);
#5333 = CARTESIAN_POINT('',(-12.6,3.,14.5));
#5334 = SURFACE_CURVE('',#5335,(#5339,#5346),.PCURVE_S1.);
#5335 = LINE('',#5336,#5337);
#5336 = CARTESIAN_POINT('',(-17.6,3.,14.5));
#5337 = VECTOR('',#5338,1.);
#5338 = DIRECTION('',(1.,0.,0.));
#5339 = PCURVE('',#4448,#5340);
#5340 = DEFINITIONAL_REPRESENTATION('',(#5341),#5345);
#5341 = LINE('',#5342,#5343);
#5342 = CARTESIAN_POINT('',(8.,0.));
#5343 = VECTOR('',#5344,1.);
#5344 = DIRECTION('',(0.,1.));
#5345 = ( GEOMETRIC_REPRESENTATION_CONTEXT(2) 
PARAMETRIC_REPRESENTATION_CONTEXT() REPRESENTATION_CONTEXT('2D SPACE',''
  ) );
#5346 = PCURVE('',#4629,#5347);
#5347 = DEFINITIONAL_REPRESENTATION('',(#5348),#5352);
#5348 = LINE('',#5349,#5350);
#5349 = CARTESIAN_POINT('',(0.,6.));
#5350 = VECTOR('',#5351,1.);
#5351 = DIRECTION('',(1.,0.));
#5352 = ( GEOMETRIC_REPRESENTATION_CONTEXT(2) 
PARAMETRIC_REPRESENTATION_CONTEXT() REPRESENTATION_CONTEXT('2D SPACE',''
  ) );
#5353 = ORIENTED_EDGE('',*,*,#5354,.F.);
#5354 = EDGE_CURVE('',#4405,#5332,#5355,.T.);
#5355 = SURFACE_CURVE('',#5356,(#5360,#5367),.PCURVE_S1.);
#5356 = LINE('',#5357,#5358);
#5357 = CARTESIAN_POINT('',(-12.6,3.,6.5));
#5358 = VECTOR('',#5359,1.);
#5359 = DIRECTION('',(0.,0.,1.));
#5360 = PCURVE('',#4448,#5361);
#5361 = DEFINITIONAL_REPRESENTATION('',(#5362),#5366);
#5362 = LINE('',#5363,#5364);
#5363 = CARTESIAN_POINT('',(0.,5.));
#5364 = VECTOR('',#5365,1.);
#5365 = DIRECTION('',(1.,0.));
#5366 = ( GEOMETRIC_REPRESENTATION_CONTEXT(2) 
PARAMETRIC_REPRESENTATION_CONTEXT() REPRESENTATION_CONTEXT('2D SPACE',''
  ) );
#5367 = PCURVE('',#4420,#5368);
#5368 = DEFINITIONAL_REPRESENTATION('',(#5369),#5373);
#5369 = LINE('',#5370,#5371);
#5370 = CARTESIAN_POINT('',(0.,-6.));
#5371 = VECTOR('',#5372,1.);
#5372 = DIRECTION('',(1.,0.));
#5373 = ( GEOMETRIC_REPRESENTATION_CONTEXT(2) 
PARAMETRIC_REPRESENTATION_CONTEXT() REPRESENTATION_CONTEXT('2D SPACE',''
  ) );
#5374 = ADVANCED_FACE('',(#5375),#4420,.F.);
#5375 = FACE_BOUND('',#5376,.F.);
#5376 = EDGE_LOOP('',(#5377,#5400,#5401,#5402));
#5377 = ORIENTED_EDGE('',*,*,#5378,.F.);
#5378 = EDGE_CURVE('',#4377,#5379,#5381,.T.);
#5379 = VERTEX_POINT('',#5380);
#5380 = CARTESIAN_POINT('',(-12.6,-3.,14.5));
#5381 = SURFACE_CURVE('',#5382,(#5386,#5393),.PCURVE_S1.);
#5382 = LINE('',#5383,#5384);
#5383 = CARTESIAN_POINT('',(-12.6,-3.,6.5));
#5384 = VECTOR('',#5385,1.);
#5385 = DIRECTION('',(0.,0.,1.));
#5386 = PCURVE('',#4420,#5387);
#5387 = DEFINITIONAL_REPRESENTATION('',(#5388),#5392);
#5388 = LINE('',#5389,#5390);
#5389 = CARTESIAN_POINT('',(0.,0.));
#5390 = VECTOR('',#5391,1.);
#5391 = DIRECTION('',(1.,0.));
#5392 = ( GEOMETRIC_REPRESENTATION_CONTEXT(2) 
PARAMETRIC_REPRESENTATION_CONTEXT() REPRESENTATION_CONTEXT('2D SPACE',''
  ) );
#5393 = PCURVE('',#4392,#5394);
#5394 = DEFINITIONAL_REPRESENTATION('',(#5395),#5399);
#5395 = LINE('',#5396,#5397);
#5396 = CARTESIAN_POINT('',(0.,5.));
#5397 = VECTOR('',#5398,1.);
#5398 = DIRECTION('',(1.,0.));
#5399 = ( GEOMETRIC_REPRESENTATION_CONTEXT(2) 
PARAMETRIC_REPRESENTATION_CONTEXT() REPRESENTATION_CONTEXT('2D SPACE',''
  ) );
#5400 = ORIENTED_EDGE('',*,*,#4404,.T.);
#5401 = ORIENTED_EDGE('',*,*,#5354,.T.);
#5402 = ORIENTED_EDGE('',*,*,#5403,.F.);
#5403 = EDGE_CURVE('',#5379,#5332,#5404,.T.);
#5404 = SURFACE_CURVE('',#5405,(#5409,#5416),.PCURVE_S1.);
#5405 = LINE('',#5406,#5407);
#5406 = CARTESIAN_POINT('',(-12.6,-3.,14.5));
#5407 = VECTOR('',#5408,1.);
#5408 = DIRECTION('',(0.,1.,0.));
#5409 = PCURVE('',#4420,#5410);
#5410 = DEFINITIONAL_REPRESENTATION('',(#5411),#5415);
#5411 = LINE('',#5412,#5413);
#5412 = CARTESIAN_POINT('',(8.,0.));
#5413 = VECTOR('',#5414,1.);
#5414 = DIRECTION('',(0.,-1.));
#5415 = ( GEOMETRIC_REPRESENTATION_CONTEXT(2) 
PARAMETRIC_REPRESENTATION_CONTEXT() REPRESENTATION_CONTEXT('2D SPACE',''
  ) );
#5416 = PCURVE('',#4629,#5417);
#5417 = DEFINITIONAL_REPRESENTATION('',(#5418),#5422);
#5418 = LINE('',#5419,#5420);
#5419 = CARTESIAN_POINT('',(5.,0.));
#5420 = VECTOR('',#5421,1.);
#5421 = DIRECTION('',(0.,1.));
#5422 = ( GEOMETRIC_REPRESENTATION_CONTEXT(2) 
PARAMETRIC_REPRESENTATION_CONTEXT() REPRESENTATION_CONTEXT('2D SPACE',''
  ) );
#5423 = ADVANCED_FACE('',(#5424),#4392,.T.);
#5424 = FACE_BOUND('',#5425,.T.);
#5425 = EDGE_LOOP('',(#5426,#5427,#5428,#5449));
#5426 = ORIENTED_EDGE('',*,*,#4376,.F.);
#5427 = ORIENTED_EDGE('',*,*,#4590,.T.);
#5428 = ORIENTED_EDGE('',*,*,#5429,.T.);
#5429 = EDGE_CURVE('',#4591,#5379,#5430,.T.);
#5430 = SURFACE_CURVE('',#5431,(#5435,#5442),.PCURVE_S1.);
#5431 = LINE('',#5432,#5433);
#5432 = CARTESIAN_POINT('',(-17.6,-3.,14.5));
#5433 = VECTOR('',#5434,1.);
#5434 = DIRECTION('',(1.,0.,0.));
#5435 = PCURVE('',#4392,#5436);
#5436 = DEFINITIONAL_REPRESENTATION('',(#5437),#5441);
#5437 = LINE('',#5438,#5439);
#5438 = CARTESIAN_POINT('',(8.,0.));
#5439 = VECTOR('',#5440,1.);
#5440 = DIRECTION('',(0.,1.));
#5441 = ( GEOMETRIC_REPRESENTATION_CONTEXT(2) 
PARAMETRIC_REPRESENTATION_CONTEXT() REPRESENTATION_CONTEXT('2D SPACE',''
  ) );
#5442 = PCURVE('',#4629,#5443);
#5443 = DEFINITIONAL_REPRESENTATION('',(#5444),#5448);
#5444 = LINE('',#5445,#5446);
#5445 = CARTESIAN_POINT('',(0.,0.));
#5446 = VECTOR('',#5447,1.);
#5447 = DIRECTION('',(1.,0.));
#5448 = ( GEOMETRIC_REPRESENTATION_CONTEXT(2) 
PARAMETRIC_REPRESENTATION_CONTEXT() REPRESENTATION_CONTEXT('2D SPACE',''
  ) );
#5449 = ORIENTED_EDGE('',*,*,#5378,.F.);
#5450 = ADVANCED_FACE('',(#5451),#4629,.F.);
#5451 = FACE_BOUND('',#5452,.F.);
#5452 = EDGE_LOOP('',(#5453,#5454,#5455,#5456));
#5453 = ORIENTED_EDGE('',*,*,#5331,.F.);
#5454 = ORIENTED_EDGE('',*,*,#4613,.T.);
#5455 = ORIENTED_EDGE('',*,*,#5429,.T.);
#5456 = ORIENTED_EDGE('',*,*,#5403,.T.);
#5457 = ADVANCED_FACE('',(#5458),#4776,.T.);
#5458 = FACE_BOUND('',#5459,.T.);
#5459 = EDGE_LOOP('',(#5460,#5483,#5511,#5532));
#5460 = ORIENTED_EDGE('',*,*,#5461,.F.);
#5461 = EDGE_CURVE('',#5462,#4759,#5464,.T.);
#5462 = VERTEX_POINT('',#5463);
#5463 = CARTESIAN_POINT('',(12.1,-6.7,6.5));
#5464 = SURFACE_CURVE('',#5465,(#5469,#5476),.PCURVE_S1.);
#5465 = LINE('',#5466,#5467);
#5466 = CARTESIAN_POINT('',(12.1,-6.7,6.5));
#5467 = VECTOR('',#5468,1.);
#5468 = DIRECTION('',(0.,0.,1.));
#5469 = PCURVE('',#4776,#5470);
#5470 = DEFINITIONAL_REPRESENTATION('',(#5471),#5475);
#5471 = LINE('',#5472,#5473);
#5472 = CARTESIAN_POINT('',(0.,24.2));
#5473 = VECTOR('',#5474,1.);
#5474 = DIRECTION('',(1.,0.));
#5475 = ( GEOMETRIC_REPRESENTATION_CONTEXT(2) 
PARAMETRIC_REPRESENTATION_CONTEXT() REPRESENTATION_CONTEXT('2D SPACE',''
  ) );
#5476 = PCURVE('',#4858,#5477);
#5477 = DEFINITIONAL_REPRESENTATION('',(#5478),#5482);
#5478 = LINE('',#5479,#5480);
#5479 = CARTESIAN_POINT('',(0.,0.));
#5480 = VECTOR('',#5481,1.);
#5481 = DIRECTION('',(1.,0.));
#5482 = ( GEOMETRIC_REPRESENTATION_CONTEXT(2) 
PARAMETRIC_REPRESENTATION_CONTEXT() REPRESENTATION_CONTEXT('2D SPACE',''
  ) );
#5483 = ORIENTED_EDGE('',*,*,#5484,.F.);
#5484 = EDGE_CURVE('',#5485,#5462,#5487,.T.);
#5485 = VERTEX_POINT('',#5486);
#5486 = CARTESIAN_POINT('',(-12.1,-6.7,6.5));
#5487 = SURFACE_CURVE('',#5488,(#5492,#5499),.PCURVE_S1.);
#5488 = LINE('',#5489,#5490);
#5489 = CARTESIAN_POINT('',(-12.1,-6.7,6.5));
#5490 = VECTOR('',#5491,1.);
#5491 = DIRECTION('',(1.,0.,0.));
#5492 = PCURVE('',#4776,#5493);
#5493 = DEFINITIONAL_REPRESENTATION('',(#5494),#5498);
#5494 = LINE('',#5495,#5496);
#5495 = CARTESIAN_POINT('',(0.,0.));
#5496 = VECTOR('',#5497,1.);
#5497 = DIRECTION('',(0.,1.));
#5498 = ( GEOMETRIC_REPRESENTATION_CONTEXT(2) 
PARAMETRIC_REPRESENTATION_CONTEXT() REPRESENTATION_CONTEXT('2D SPACE',''
  ) );
#5499 = PCURVE('',#5500,#5505);
#5500 = PLANE('',#5501);
#5501 = AXIS2_PLACEMENT_3D('',#5502,#5503,#5504);
#5502 = CARTESIAN_POINT('',(-12.1,-6.7,6.5));
#5503 = DIRECTION('',(0.,0.,1.));
#5504 = DIRECTION('',(1.,0.,-0.));
#5505 = DEFINITIONAL_REPRESENTATION('',(#5506),#5510);
#5506 = LINE('',#5507,#5508);
#5507 = CARTESIAN_POINT('',(0.,0.));
#5508 = VECTOR('',#5509,1.);
#5509 = DIRECTION('',(1.,0.));
#5510 = ( GEOMETRIC_REPRESENTATION_CONTEXT(2) 
PARAMETRIC_REPRESENTATION_CONTEXT() REPRESENTATION_CONTEXT('2D SPACE',''
  ) );
#5511 = ORIENTED_EDGE('',*,*,#5512,.T.);
#5512 = EDGE_CURVE('',#5485,#4761,#5513,.T.);
#5513 = SURFACE_CURVE('',#5514,(#5518,#5525),.PCURVE_S1.);
#5514 = LINE('',#5515,#5516);
#5515 = CARTESIAN_POINT('',(-12.1,-6.7,6.5));
#5516 = VECTOR('',#5517,1.);
#5517 = DIRECTION('',(0.,0.,1.));
#5518 = PCURVE('',#4776,#5519);
#5519 = DEFINITIONAL_REPRESENTATION('',(#5520),#5524);
#5520 = LINE('',#5521,#5522);
#5521 = CARTESIAN_POINT('',(0.,0.));
#5522 = VECTOR('',#5523,1.);
#5523 = DIRECTION('',(1.,0.));
#5524 = ( GEOMETRIC_REPRESENTATION_CONTEXT(2) 
PARAMETRIC_REPRESENTATION_CONTEXT() REPRESENTATION_CONTEXT('2D SPACE',''
  ) );
#5525 = PCURVE('',#4804,#5526);
#5526 = DEFINITIONAL_REPRESENTATION('',(#5527),#5531);
#5527 = LINE('',#5528,#5529);
#5528 = CARTESIAN_POINT('',(0.,0.));
#5529 = VECTOR('',#5530,1.);
#5530 = DIRECTION('',(1.,0.));
#5531 = ( GEOMETRIC_REPRESENTATION_CONTEXT(2) 
PARAMETRIC_REPRESENTATION_CONTEXT() REPRESENTATION_CONTEXT('2D SPACE',''
  ) );
#5532 = ORIENTED_EDGE('',*,*,#4758,.F.);
#5533 = ADVANCED_FACE('',(#5534),#4858,.F.);
#5534 = FACE_BOUND('',#5535,.F.);
#5535 = EDGE_LOOP('',(#5536,#5537,#5560,#5581));
#5536 = ORIENTED_EDGE('',*,*,#5461,.F.);
#5537 = ORIENTED_EDGE('',*,*,#5538,.T.);
#5538 = EDGE_CURVE('',#5462,#5539,#5541,.T.);
#5539 = VERTEX_POINT('',#5540);
#5540 = CARTESIAN_POINT('',(12.1,6.7,6.5));
#5541 = SURFACE_CURVE('',#5542,(#5546,#5553),.PCURVE_S1.);
#5542 = LINE('',#5543,#5544);
#5543 = CARTESIAN_POINT('',(12.1,-6.7,6.5));
#5544 = VECTOR('',#5545,1.);
#5545 = DIRECTION('',(0.,1.,0.));
#5546 = PCURVE('',#4858,#5547);
#5547 = DEFINITIONAL_REPRESENTATION('',(#5548),#5552);
#5548 = LINE('',#5549,#5550);
#5549 = CARTESIAN_POINT('',(0.,0.));
#5550 = VECTOR('',#5551,1.);
#5551 = DIRECTION('',(0.,-1.));
#5552 = ( GEOMETRIC_REPRESENTATION_CONTEXT(2) 
PARAMETRIC_REPRESENTATION_CONTEXT() REPRESENTATION_CONTEXT('2D SPACE',''
  ) );
#5553 = PCURVE('',#5500,#5554);
#5554 = DEFINITIONAL_REPRESENTATION('',(#5555),#5559);
#5555 = LINE('',#5556,#5557);
#5556 = CARTESIAN_POINT('',(24.2,0.));
#5557 = VECTOR('',#5558,1.);
#5558 = DIRECTION('',(0.,1.));
#5559 = ( GEOMETRIC_REPRESENTATION_CONTEXT(2) 
PARAMETRIC_REPRESENTATION_CONTEXT() REPRESENTATION_CONTEXT('2D SPACE',''
  ) );
#5560 = ORIENTED_EDGE('',*,*,#5561,.T.);
#5561 = EDGE_CURVE('',#5539,#4817,#5562,.T.);
#5562 = SURFACE_CURVE('',#5563,(#5567,#5574),.PCURVE_S1.);
#5563 = LINE('',#5564,#5565);
#5564 = CARTESIAN_POINT('',(12.1,6.7,6.5));
#5565 = VECTOR('',#5566,1.);
#5566 = DIRECTION('',(0.,0.,1.));
#5567 = PCURVE('',#4858,#5568);
#5568 = DEFINITIONAL_REPRESENTATION('',(#5569),#5573);
#5569 = LINE('',#5570,#5571);
#5570 = CARTESIAN_POINT('',(0.,-13.4));
#5571 = VECTOR('',#5572,1.);
#5572 = DIRECTION('',(1.,0.));
#5573 = ( GEOMETRIC_REPRESENTATION_CONTEXT(2) 
PARAMETRIC_REPRESENTATION_CONTEXT() REPRESENTATION_CONTEXT('2D SPACE',''
  ) );
#5574 = PCURVE('',#4832,#5575);
#5575 = DEFINITIONAL_REPRESENTATION('',(#5576),#5580);
#5576 = LINE('',#5577,#5578);
#5577 = CARTESIAN_POINT('',(0.,24.2));
#5578 = VECTOR('',#5579,1.);
#5579 = DIRECTION('',(1.,0.));
#5580 = ( GEOMETRIC_REPRESENTATION_CONTEXT(2) 
PARAMETRIC_REPRESENTATION_CONTEXT() REPRESENTATION_CONTEXT('2D SPACE',''
  ) );
#5581 = ORIENTED_EDGE('',*,*,#4844,.F.);
#5582 = ADVANCED_FACE('',(#5583),#4832,.F.);
#5583 = FACE_BOUND('',#5584,.F.);
#5584 = EDGE_LOOP('',(#5585,#5586,#5609,#5630));
#5585 = ORIENTED_EDGE('',*,*,#5561,.F.);
#5586 = ORIENTED_EDGE('',*,*,#5587,.F.);
#5587 = EDGE_CURVE('',#5588,#5539,#5590,.T.);
#5588 = VERTEX_POINT('',#5589);
#5589 = CARTESIAN_POINT('',(-12.1,6.7,6.5));
#5590 = SURFACE_CURVE('',#5591,(#5595,#5602),.PCURVE_S1.);
#5591 = LINE('',#5592,#5593);
#5592 = CARTESIAN_POINT('',(-12.1,6.7,6.5));
#5593 = VECTOR('',#5594,1.);
#5594 = DIRECTION('',(1.,0.,0.));
#5595 = PCURVE('',#4832,#5596);
#5596 = DEFINITIONAL_REPRESENTATION('',(#5597),#5601);
#5597 = LINE('',#5598,#5599);
#5598 = CARTESIAN_POINT('',(0.,0.));
#5599 = VECTOR('',#5600,1.);
#5600 = DIRECTION('',(0.,1.));
#5601 = ( GEOMETRIC_REPRESENTATION_CONTEXT(2) 
PARAMETRIC_REPRESENTATION_CONTEXT() REPRESENTATION_CONTEXT('2D SPACE',''
  ) );
#5602 = PCURVE('',#5500,#5603);
#5603 = DEFINITIONAL_REPRESENTATION('',(#5604),#5608);
#5604 = LINE('',#5605,#5606);
#5605 = CARTESIAN_POINT('',(0.,13.4));
#5606 = VECTOR('',#5607,1.);
#5607 = DIRECTION('',(1.,0.));
#5608 = ( GEOMETRIC_REPRESENTATION_CONTEXT(2) 
PARAMETRIC_REPRESENTATION_CONTEXT() REPRESENTATION_CONTEXT('2D SPACE',''
  ) );
#5609 = ORIENTED_EDGE('',*,*,#5610,.T.);
#5610 = EDGE_CURVE('',#5588,#4789,#5611,.T.);
#5611 = SURFACE_CURVE('',#5612,(#5616,#5623),.PCURVE_S1.);
#5612 = LINE('',#5613,#5614);
#5613 = CARTESIAN_POINT('',(-12.1,6.7,6.5));
#5614 = VECTOR('',#5615,1.);
#5615 = DIRECTION('',(0.,0.,1.));
#5616 = PCURVE('',#4832,#5617);
#5617 = DEFINITIONAL_REPRESENTATION('',(#5618),#5622);
#5618 = LINE('',#5619,#5620);
#5619 = CARTESIAN_POINT('',(0.,0.));
#5620 = VECTOR('',#5621,1.);
#5621 = DIRECTION('',(1.,0.));
#5622 = ( GEOMETRIC_REPRESENTATION_CONTEXT(2) 
PARAMETRIC_REPRESENTATION_CONTEXT() REPRESENTATION_CONTEXT('2D SPACE',''
  ) );
#5623 = PCURVE('',#4804,#5624);
#5624 = DEFINITIONAL_REPRESENTATION('',(#5625),#5629);
#5625 = LINE('',#5626,#5627);
#5626 = CARTESIAN_POINT('',(0.,-13.4));
#5627 = VECTOR('',#5628,1.);
#5628 = DIRECTION('',(1.,0.));
#5629 = ( GEOMETRIC_REPRESENTATION_CONTEXT(2) 
PARAMETRIC_REPRESENTATION_CONTEXT() REPRESENTATION_CONTEXT('2D SPACE',''
  ) );
#5630 = ORIENTED_EDGE('',*,*,#4816,.F.);
#5631 = ADVANCED_FACE('',(#5632),#4804,.T.);
#5632 = FACE_BOUND('',#5633,.T.);
#5633 = EDGE_LOOP('',(#5634,#5635,#5656,#5657));
#5634 = ORIENTED_EDGE('',*,*,#5512,.F.);
#5635 = ORIENTED_EDGE('',*,*,#5636,.T.);
#5636 = EDGE_CURVE('',#5485,#5588,#5637,.T.);
#5637 = SURFACE_CURVE('',#5638,(#5642,#5649),.PCURVE_S1.);
#5638 = LINE('',#5639,#5640);
#5639 = CARTESIAN_POINT('',(-12.1,-6.7,6.5));
#5640 = VECTOR('',#5641,1.);
#5641 = DIRECTION('',(0.,1.,0.));
#5642 = PCURVE('',#4804,#5643);
#5643 = DEFINITIONAL_REPRESENTATION('',(#5644),#5648);
#5644 = LINE('',#5645,#5646);
#5645 = CARTESIAN_POINT('',(0.,0.));
#5646 = VECTOR('',#5647,1.);
#5647 = DIRECTION('',(0.,-1.));
#5648 = ( GEOMETRIC_REPRESENTATION_CONTEXT(2) 
PARAMETRIC_REPRESENTATION_CONTEXT() REPRESENTATION_CONTEXT('2D SPACE',''
  ) );
#5649 = PCURVE('',#5500,#5650);
#5650 = DEFINITIONAL_REPRESENTATION('',(#5651),#5655);
#5651 = LINE('',#5652,#5653);
#5652 = CARTESIAN_POINT('',(0.,0.));
#5653 = VECTOR('',#5654,1.);
#5654 = DIRECTION('',(0.,1.));
#5655 = ( GEOMETRIC_REPRESENTATION_CONTEXT(2) 
PARAMETRIC_REPRESENTATION_CONTEXT() REPRESENTATION_CONTEXT('2D SPACE',''
  ) );
#5656 = ORIENTED_EDGE('',*,*,#5610,.T.);
#5657 = ORIENTED_EDGE('',*,*,#4788,.F.);
#5658 = ADVANCED_FACE('',(#5659),#5500,.T.);
#5659 = FACE_BOUND('',#5660,.T.);
#5660 = EDGE_LOOP('',(#5661,#5662,#5663,#5664));
#5661 = ORIENTED_EDGE('',*,*,#5636,.F.);
#5662 = ORIENTED_EDGE('',*,*,#5484,.T.);
#5663 = ORIENTED_EDGE('',*,*,#5538,.T.);
#5664 = ORIENTED_EDGE('',*,*,#5587,.F.);
#5665 = ( GEOMETRIC_REPRESENTATION_CONTEXT(3) 
GLOBAL_UNCERTAINTY_ASSIGNED_CONTEXT((#5669)) 
GLOBAL_UNIT_ASSIGNED_CONTEXT((#5666,#5667,#5668)) REPRESENTATION_CONTEXT
('Context #1','3D Context with UNIT and UNCERTAINTY') );
#5666 = ( LENGTH_UNIT() NAMED_UNIT(*) SI_UNIT(.MILLI.,.METRE.) );
#5667 = ( NAMED_UNIT(*) PLANE_ANGLE_UNIT() SI_UNIT($,.RADIAN.) );
#5668 = ( NAMED_UNIT(*) SI_UNIT($,.STERADIAN.) SOLID_ANGLE_UNIT() );
#5669 = UNCERTAINTY_MEASURE_WITH_UNIT(LENGTH_MEASURE(1.E-07),#5666,
  'distance_accuracy_value','confusion accuracy');
#5670 = CONTEXT_DEPENDENT_SHAPE_REPRESENTATION(#5671,#5673);
#5671 = ( REPRESENTATION_RELATIONSHIP('','',#3716,#10) 
REPRESENTATION_RELATIONSHIP_WITH_TRANSFORMATION(#5672) 
SHAPE_REPRESENTATION_RELATIONSHIP() );
#5672 = ITEM_DEFINED_TRANSFORMATION('','',#11,#27);
#5673 = PRODUCT_DEFINITION_SHAPE('Placement','Placement of an item',
  #5674);
#5674 = NEXT_ASSEMBLY_USAGE_OCCURRENCE('4','yaw_seat','',#5,#3711,$);
#5675 = PRODUCT_RELATED_PRODUCT_CATEGORY('part',$,(#3713));
#5676 = SHAPE_DEFINITION_REPRESENTATION(#5677,#5683);
#5677 = PRODUCT_DEFINITION_SHAPE('','',#5678);
#5678 = PRODUCT_DEFINITION('design','',#5679,#5682);
#5679 = PRODUCT_DEFINITION_FORMATION('','',#5680);
#5680 = PRODUCT('camera_saddle','camera_saddle','',(#5681));
#5681 = PRODUCT_CONTEXT('',#2,'mechanical');
#5682 = PRODUCT_DEFINITION_CONTEXT('part definition',#2,'design');
#5683 = ADVANCED_BREP_SHAPE_REPRESENTATION('',(#11,#5684),#7310);
#5684 = MANIFOLD_SOLID_BREP('',#5685);
#5685 = CLOSED_SHELL('',(#5686,#5913,#6237,#6286,#6723,#6772,#6821,#6848
    ,#6875,#6955,#7002,#7029,#7056,#7063,#7110,#7137,#7164,#7171,#7220,
    #7269,#7296,#7303));
#5686 = ADVANCED_FACE('',(#5687),#5701,.F.);
#5687 = FACE_BOUND('',#5688,.F.);
#5688 = EDGE_LOOP('',(#5689,#5724,#5752,#5780,#5808,#5836,#5864,#5887));
#5689 = ORIENTED_EDGE('',*,*,#5690,.F.);
#5690 = EDGE_CURVE('',#5691,#5693,#5695,.T.);
#5691 = VERTEX_POINT('',#5692);
#5692 = CARTESIAN_POINT('',(-6.6,-12.6,77.));
#5693 = VERTEX_POINT('',#5694);
#5694 = CARTESIAN_POINT('',(36.6,-12.6,77.));
#5695 = SURFACE_CURVE('',#5696,(#5700,#5712),.PCURVE_S1.);
#5696 = LINE('',#5697,#5698);
#5697 = CARTESIAN_POINT('',(-6.6,-12.6,77.));
#5698 = VECTOR('',#5699,1.);
#5699 = DIRECTION('',(1.,0.,0.));
#5700 = PCURVE('',#5701,#5706);
#5701 = PLANE('',#5702);
#5702 = AXIS2_PLACEMENT_3D('',#5703,#5704,#5705);
#5703 = CARTESIAN_POINT('',(0.4,-12.6,77.));
#5704 = DIRECTION('',(0.,1.,0.));
#5705 = DIRECTION('',(0.,-0.,1.));
#5706 = DEFINITIONAL_REPRESENTATION('',(#5707),#5711);
#5707 = LINE('',#5708,#5709);
#5708 = CARTESIAN_POINT('',(0.,-7.));
#5709 = VECTOR('',#5710,1.);
#5710 = DIRECTION('',(0.,1.));
#5711 = ( GEOMETRIC_REPRESENTATION_CONTEXT(2) 
PARAMETRIC_REPRESENTATION_CONTEXT() REPRESENTATION_CONTEXT('2D SPACE',''
  ) );
#5712 = PCURVE('',#5713,#5718);
#5713 = PLANE('',#5714);
#5714 = AXIS2_PLACEMENT_3D('',#5715,#5716,#5717);
#5715 = CARTESIAN_POINT('',(0.4,-12.6,77.));
#5716 = DIRECTION('',(0.,0.,1.));
#5717 = DIRECTION('',(1.,0.,-0.));
#5718 = DEFINITIONAL_REPRESENTATION('',(#5719),#5723);
#5719 = LINE('',#5720,#5721);
#5720 = CARTESIAN_POINT('',(-7.,0.));
#5721 = VECTOR('',#5722,1.);
#5722 = DIRECTION('',(1.,0.));
#5723 = ( GEOMETRIC_REPRESENTATION_CONTEXT(2) 
PARAMETRIC_REPRESENTATION_CONTEXT() REPRESENTATION_CONTEXT('2D SPACE',''
  ) );
#5724 = ORIENTED_EDGE('',*,*,#5725,.T.);
#5725 = EDGE_CURVE('',#5691,#5726,#5728,.T.);
#5726 = VERTEX_POINT('',#5727);
#5727 = CARTESIAN_POINT('',(-6.6,-12.6,79.5));
#5728 = SURFACE_CURVE('',#5729,(#5733,#5740),.PCURVE_S1.);
#5729 = LINE('',#5730,#5731);
#5730 = CARTESIAN_POINT('',(-6.6,-12.6,77.));
#5731 = VECTOR('',#5732,1.);
#5732 = DIRECTION('',(0.,0.,1.));
#5733 = PCURVE('',#5701,#5734);
#5734 = DEFINITIONAL_REPRESENTATION('',(#5735),#5739);
#5735 = LINE('',#5736,#5737);
#5736 = CARTESIAN_POINT('',(0.,-7.));
#5737 = VECTOR('',#5738,1.);
#5738 = DIRECTION('',(1.,0.));
#5739 = ( GEOMETRIC_REPRESENTATION_CONTEXT(2) 
PARAMETRIC_REPRESENTATION_CONTEXT() REPRESENTATION_CONTEXT('2D SPACE',''
  ) );
#5740 = PCURVE('',#5741,#5746);
#5741 = PLANE('',#5742);
#5742 = AXIS2_PLACEMENT_3D('',#5743,#5744,#5745);
#5743 = CARTESIAN_POINT('',(-6.6,-12.6,77.));
#5744 = DIRECTION('',(1.,0.,0.));
#5745 = DIRECTION('',(0.,0.,1.));
#5746 = DEFINITIONAL_REPRESENTATION('',(#5747),#5751);
#5747 = LINE('',#5748,#5749);
#5748 = CARTESIAN_POINT('',(0.,0.));
#5749 = VECTOR('',#5750,1.);
#5750 = DIRECTION('',(1.,0.));
#5751 = ( GEOMETRIC_REPRESENTATION_CONTEXT(2) 
PARAMETRIC_REPRESENTATION_CONTEXT() REPRESENTATION_CONTEXT('2D SPACE',''
  ) );
#5752 = ORIENTED_EDGE('',*,*,#5753,.T.);
#5753 = EDGE_CURVE('',#5726,#5754,#5756,.T.);
#5754 = VERTEX_POINT('',#5755);
#5755 = CARTESIAN_POINT('',(0.4,-12.6,79.5));
#5756 = SURFACE_CURVE('',#5757,(#5761,#5768),.PCURVE_S1.);
#5757 = LINE('',#5758,#5759);
#5758 = CARTESIAN_POINT('',(-6.6,-12.6,79.5));
#5759 = VECTOR('',#5760,1.);
#5760 = DIRECTION('',(1.,0.,0.));
#5761 = PCURVE('',#5701,#5762);
#5762 = DEFINITIONAL_REPRESENTATION('',(#5763),#5767);
#5763 = LINE('',#5764,#5765);
#5764 = CARTESIAN_POINT('',(2.5,-7.));
#5765 = VECTOR('',#5766,1.);
#5766 = DIRECTION('',(0.,1.));
#5767 = ( GEOMETRIC_REPRESENTATION_CONTEXT(2) 
PARAMETRIC_REPRESENTATION_CONTEXT() REPRESENTATION_CONTEXT('2D SPACE',''
  ) );
#5768 = PCURVE('',#5769,#5774);
#5769 = PLANE('',#5770);
#5770 = AXIS2_PLACEMENT_3D('',#5771,#5772,#5773);
#5771 = CARTESIAN_POINT('',(-6.6,-12.6,79.5));
#5772 = DIRECTION('',(0.,0.,1.));
#5773 = DIRECTION('',(1.,0.,-0.));
#5774 = DEFINITIONAL_REPRESENTATION('',(#5775),#5779);
#5775 = LINE('',#5776,#5777);
#5776 = CARTESIAN_POINT('',(0.,0.));
#5777 = VECTOR('',#5778,1.);
#5778 = DIRECTION('',(1.,0.));
#5779 = ( GEOMETRIC_REPRESENTATION_CONTEXT(2) 
PARAMETRIC_REPRESENTATION_CONTEXT() REPRESENTATION_CONTEXT('2D SPACE',''
  ) );
#5780 = ORIENTED_EDGE('',*,*,#5781,.T.);
#5781 = EDGE_CURVE('',#5754,#5782,#5784,.T.);
#5782 = VERTEX_POINT('',#5783);
#5783 = CARTESIAN_POINT('',(0.4,-12.6,87.5));
#5784 = SURFACE_CURVE('',#5785,(#5789,#5796),.PCURVE_S1.);
#5785 = LINE('',#5786,#5787);
#5786 = CARTESIAN_POINT('',(0.4,-12.6,77.));
#5787 = VECTOR('',#5788,1.);
#5788 = DIRECTION('',(0.,0.,1.));
#5789 = PCURVE('',#5701,#5790);
#5790 = DEFINITIONAL_REPRESENTATION('',(#5791),#5795);
#5791 = LINE('',#5792,#5793);
#5792 = CARTESIAN_POINT('',(0.,0.));
#5793 = VECTOR('',#5794,1.);
#5794 = DIRECTION('',(1.,0.));
#5795 = ( GEOMETRIC_REPRESENTATION_CONTEXT(2) 
PARAMETRIC_REPRESENTATION_CONTEXT() REPRESENTATION_CONTEXT('2D SPACE',''
  ) );
#5796 = PCURVE('',#5797,#5802);
#5797 = PLANE('',#5798);
#5798 = AXIS2_PLACEMENT_3D('',#5799,#5800,#5801);
#5799 = CARTESIAN_POINT('',(0.4,-12.6,77.));
#5800 = DIRECTION('',(1.,0.,0.));
#5801 = DIRECTION('',(0.,0.,1.));
#5802 = DEFINITIONAL_REPRESENTATION('',(#5803),#5807);
#5803 = LINE('',#5804,#5805);
#5804 = CARTESIAN_POINT('',(0.,0.));
#5805 = VECTOR('',#5806,1.);
#5806 = DIRECTION('',(1.,0.));
#5807 = ( GEOMETRIC_REPRESENTATION_CONTEXT(2) 
PARAMETRIC_REPRESENTATION_CONTEXT() REPRESENTATION_CONTEXT('2D SPACE',''
  ) );
#5808 = ORIENTED_EDGE('',*,*,#5809,.T.);
#5809 = EDGE_CURVE('',#5782,#5810,#5812,.T.);
#5810 = VERTEX_POINT('',#5811);
#5811 = CARTESIAN_POINT('',(29.6,-12.6,87.5));
#5812 = SURFACE_CURVE('',#5813,(#5817,#5824),.PCURVE_S1.);
#5813 = LINE('',#5814,#5815);
#5814 = CARTESIAN_POINT('',(0.4,-12.6,87.5));
#5815 = VECTOR('',#5816,1.);
#5816 = DIRECTION('',(1.,0.,0.));
#5817 = PCURVE('',#5701,#5818);
#5818 = DEFINITIONAL_REPRESENTATION('',(#5819),#5823);
#5819 = LINE('',#5820,#5821);
#5820 = CARTESIAN_POINT('',(10.5,0.));
#5821 = VECTOR('',#5822,1.);
#5822 = DIRECTION('',(0.,1.));
#5823 = ( GEOMETRIC_REPRESENTATION_CONTEXT(2) 
PARAMETRIC_REPRESENTATION_CONTEXT() REPRESENTATION_CONTEXT('2D SPACE',''
  ) );
#5824 = PCURVE('',#5825,#5830);
#5825 = PLANE('',#5826);
#5826 = AXIS2_PLACEMENT_3D('',#5827,#5828,#5829);
#5827 = CARTESIAN_POINT('',(0.4,-12.6,87.5));
#5828 = DIRECTION('',(0.,0.,1.));
#5829 = DIRECTION('',(1.,0.,-0.));
#5830 = DEFINITIONAL_REPRESENTATION('',(#5831),#5835);
#5831 = LINE('',#5832,#5833);
#5832 = CARTESIAN_POINT('',(0.,0.));
#5833 = VECTOR('',#5834,1.);
#5834 = DIRECTION('',(1.,0.));
#5835 = ( GEOMETRIC_REPRESENTATION_CONTEXT(2) 
PARAMETRIC_REPRESENTATION_CONTEXT() REPRESENTATION_CONTEXT('2D SPACE',''
  ) );
#5836 = ORIENTED_EDGE('',*,*,#5837,.F.);
#5837 = EDGE_CURVE('',#5838,#5810,#5840,.T.);
#5838 = VERTEX_POINT('',#5839);
#5839 = CARTESIAN_POINT('',(29.6,-12.6,79.5));
#5840 = SURFACE_CURVE('',#5841,(#5845,#5852),.PCURVE_S1.);
#5841 = LINE('',#5842,#5843);
#5842 = CARTESIAN_POINT('',(29.6,-12.6,77.));
#5843 = VECTOR('',#5844,1.);
#5844 = DIRECTION('',(0.,0.,1.));
#5845 = PCURVE('',#5701,#5846);
#5846 = DEFINITIONAL_REPRESENTATION('',(#5847),#5851);
#5847 = LINE('',#5848,#5849);
#5848 = CARTESIAN_POINT('',(0.,29.2));
#5849 = VECTOR('',#5850,1.);
#5850 = DIRECTION('',(1.,0.));
#5851 = ( GEOMETRIC_REPRESENTATION_CONTEXT(2) 
PARAMETRIC_REPRESENTATION_CONTEXT() REPRESENTATION_CONTEXT('2D SPACE',''
  ) );
#5852 = PCURVE('',#5853,#5858);
#5853 = PLANE('',#5854);
#5854 = AXIS2_PLACEMENT_3D('',#5855,#5856,#5857);
#5855 = CARTESIAN_POINT('',(29.6,-12.6,77.));
#5856 = DIRECTION('',(1.,0.,0.));
#5857 = DIRECTION('',(0.,0.,1.));
#5858 = DEFINITIONAL_REPRESENTATION('',(#5859),#5863);
#5859 = LINE('',#5860,#5861);
#5860 = CARTESIAN_POINT('',(0.,0.));
#5861 = VECTOR('',#5862,1.);
#5862 = DIRECTION('',(1.,0.));
#5863 = ( GEOMETRIC_REPRESENTATION_CONTEXT(2) 
PARAMETRIC_REPRESENTATION_CONTEXT() REPRESENTATION_CONTEXT('2D SPACE',''
  ) );
#5864 = ORIENTED_EDGE('',*,*,#5865,.T.);
#5865 = EDGE_CURVE('',#5838,#5866,#5868,.T.);
#5866 = VERTEX_POINT('',#5867);
#5867 = CARTESIAN_POINT('',(36.6,-12.6,79.5));
#5868 = SURFACE_CURVE('',#5869,(#5873,#5880),.PCURVE_S1.);
#5869 = LINE('',#5870,#5871);
#5870 = CARTESIAN_POINT('',(28.6,-12.6,79.5));
#5871 = VECTOR('',#5872,1.);
#5872 = DIRECTION('',(1.,0.,0.));
#5873 = PCURVE('',#5701,#5874);
#5874 = DEFINITIONAL_REPRESENTATION('',(#5875),#5879);
#5875 = LINE('',#5876,#5877);
#5876 = CARTESIAN_POINT('',(2.5,28.2));
#5877 = VECTOR('',#5878,1.);
#5878 = DIRECTION('',(0.,1.));
#5879 = ( GEOMETRIC_REPRESENTATION_CONTEXT(2) 
PARAMETRIC_REPRESENTATION_CONTEXT() REPRESENTATION_CONTEXT('2D SPACE',''
  ) );
#5880 = PCURVE('',#5769,#5881);
#5881 = DEFINITIONAL_REPRESENTATION('',(#5882),#5886);
#5882 = LINE('',#5883,#5884);
#5883 = CARTESIAN_POINT('',(35.2,0.));
#5884 = VECTOR('',#5885,1.);
#5885 = DIRECTION('',(1.,0.));
#5886 = ( GEOMETRIC_REPRESENTATION_CONTEXT(2) 
PARAMETRIC_REPRESENTATION_CONTEXT() REPRESENTATION_CONTEXT('2D SPACE',''
  ) );
#5887 = ORIENTED_EDGE('',*,*,#5888,.F.);
#5888 = EDGE_CURVE('',#5693,#5866,#5889,.T.);
#5889 = SURFACE_CURVE('',#5890,(#5894,#5901),.PCURVE_S1.);
#5890 = LINE('',#5891,#5892);
#5891 = CARTESIAN_POINT('',(36.6,-12.6,77.));
#5892 = VECTOR('',#5893,1.);
#5893 = DIRECTION('',(0.,0.,1.));
#5894 = PCURVE('',#5701,#5895);
#5895 = DEFINITIONAL_REPRESENTATION('',(#5896),#5900);
#5896 = LINE('',#5897,#5898);
#5897 = CARTESIAN_POINT('',(0.,36.2));
#5898 = VECTOR('',#5899,1.);
#5899 = DIRECTION('',(1.,0.));
#5900 = ( GEOMETRIC_REPRESENTATION_CONTEXT(2) 
PARAMETRIC_REPRESENTATION_CONTEXT() REPRESENTATION_CONTEXT('2D SPACE',''
  ) );
#5901 = PCURVE('',#5902,#5907);
#5902 = PLANE('',#5903);
#5903 = AXIS2_PLACEMENT_3D('',#5904,#5905,#5906);
#5904 = CARTESIAN_POINT('',(36.6,-12.6,77.));
#5905 = DIRECTION('',(1.,0.,0.));
#5906 = DIRECTION('',(0.,0.,1.));
#5907 = DEFINITIONAL_REPRESENTATION('',(#5908),#5912);
#5908 = LINE('',#5909,#5910);
#5909 = CARTESIAN_POINT('',(0.,0.));
#5910 = VECTOR('',#5911,1.);
#5911 = DIRECTION('',(1.,0.));
#5912 = ( GEOMETRIC_REPRESENTATION_CONTEXT(2) 
PARAMETRIC_REPRESENTATION_CONTEXT() REPRESENTATION_CONTEXT('2D SPACE',''
  ) );
#5913 = ADVANCED_FACE('',(#5914,#5989,#6113),#5713,.F.);
#5914 = FACE_BOUND('',#5915,.F.);
#5915 = EDGE_LOOP('',(#5916,#5946,#5967,#5968));
#5916 = ORIENTED_EDGE('',*,*,#5917,.F.);
#5917 = EDGE_CURVE('',#5918,#5920,#5922,.T.);
#5918 = VERTEX_POINT('',#5919);
#5919 = CARTESIAN_POINT('',(-6.6,12.6,77.));
#5920 = VERTEX_POINT('',#5921);
#5921 = CARTESIAN_POINT('',(36.6,12.6,77.));
#5922 = SURFACE_CURVE('',#5923,(#5927,#5934),.PCURVE_S1.);
#5923 = LINE('',#5924,#5925);
#5924 = CARTESIAN_POINT('',(-6.6,12.6,77.));
#5925 = VECTOR('',#5926,1.);
#5926 = DIRECTION('',(1.,0.,0.));
#5927 = PCURVE('',#5713,#5928);
#5928 = DEFINITIONAL_REPRESENTATION('',(#5929),#5933);
#5929 = LINE('',#5930,#5931);
#5930 = CARTESIAN_POINT('',(-7.,25.2));
#5931 = VECTOR('',#5932,1.);
#5932 = DIRECTION('',(1.,0.));
#5933 = ( GEOMETRIC_REPRESENTATION_CONTEXT(2) 
PARAMETRIC_REPRESENTATION_CONTEXT() REPRESENTATION_CONTEXT('2D SPACE',''
  ) );
#5934 = PCURVE('',#5935,#5940);
#5935 = PLANE('',#5936);
#5936 = AXIS2_PLACEMENT_3D('',#5937,#5938,#5939);
#5937 = CARTESIAN_POINT('',(0.4,12.6,77.));
#5938 = DIRECTION('',(0.,1.,0.));
#5939 = DIRECTION('',(0.,-0.,1.));
#5940 = DEFINITIONAL_REPRESENTATION('',(#5941),#5945);
#5941 = LINE('',#5942,#5943);
#5942 = CARTESIAN_POINT('',(0.,-7.));
#5943 = VECTOR('',#5944,1.);
#5944 = DIRECTION('',(0.,1.));
#5945 = ( GEOMETRIC_REPRESENTATION_CONTEXT(2) 
PARAMETRIC_REPRESENTATION_CONTEXT() REPRESENTATION_CONTEXT('2D SPACE',''
  ) );
#5946 = ORIENTED_EDGE('',*,*,#5947,.F.);
#5947 = EDGE_CURVE('',#5691,#5918,#5948,.T.);
#5948 = SURFACE_CURVE('',#5949,(#5953,#5960),.PCURVE_S1.);
#5949 = LINE('',#5950,#5951);
#5950 = CARTESIAN_POINT('',(-6.6,-12.6,77.));
#5951 = VECTOR('',#5952,1.);
#5952 = DIRECTION('',(0.,1.,0.));
#5953 = PCURVE('',#5713,#5954);
#5954 = DEFINITIONAL_REPRESENTATION('',(#5955),#5959);
#5955 = LINE('',#5956,#5957);
#5956 = CARTESIAN_POINT('',(-7.,0.));
#5957 = VECTOR('',#5958,1.);
#5958 = DIRECTION('',(0.,1.));
#5959 = ( GEOMETRIC_REPRESENTATION_CONTEXT(2) 
PARAMETRIC_REPRESENTATION_CONTEXT() REPRESENTATION_CONTEXT('2D SPACE',''
  ) );
#5960 = PCURVE('',#5741,#5961);
#5961 = DEFINITIONAL_REPRESENTATION('',(#5962),#5966);
#5962 = LINE('',#5963,#5964);
#5963 = CARTESIAN_POINT('',(0.,0.));
#5964 = VECTOR('',#5965,1.);
#5965 = DIRECTION('',(0.,-1.));
#5966 = ( GEOMETRIC_REPRESENTATION_CONTEXT(2) 
PARAMETRIC_REPRESENTATION_CONTEXT() REPRESENTATION_CONTEXT('2D SPACE',''
  ) );
#5967 = ORIENTED_EDGE('',*,*,#5690,.T.);
#5968 = ORIENTED_EDGE('',*,*,#5969,.T.);
#5969 = EDGE_CURVE('',#5693,#5920,#5970,.T.);
#5970 = SURFACE_CURVE('',#5971,(#5975,#5982),.PCURVE_S1.);
#5971 = LINE('',#5972,#5973);
#5972 = CARTESIAN_POINT('',(36.6,-12.6,77.));
#5973 = VECTOR('',#5974,1.);
#5974 = DIRECTION('',(0.,1.,0.));
#5975 = PCURVE('',#5713,#5976);
#5976 = DEFINITIONAL_REPRESENTATION('',(#5977),#5981);
#5977 = LINE('',#5978,#5979);
#5978 = CARTESIAN_POINT('',(36.2,0.));
#5979 = VECTOR('',#5980,1.);
#5980 = DIRECTION('',(0.,1.));
#5981 = ( GEOMETRIC_REPRESENTATION_CONTEXT(2) 
PARAMETRIC_REPRESENTATION_CONTEXT() REPRESENTATION_CONTEXT('2D SPACE',''
  ) );
#5982 = PCURVE('',#5902,#5983);
#5983 = DEFINITIONAL_REPRESENTATION('',(#5984),#5988);
#5984 = LINE('',#5985,#5986);
#5985 = CARTESIAN_POINT('',(0.,0.));
#5986 = VECTOR('',#5987,1.);
#5987 = DIRECTION('',(0.,-1.));
#5988 = ( GEOMETRIC_REPRESENTATION_CONTEXT(2) 
PARAMETRIC_REPRESENTATION_CONTEXT() REPRESENTATION_CONTEXT('2D SPACE',''
  ) );
#5989 = FACE_BOUND('',#5990,.F.);
#5990 = EDGE_LOOP('',(#5991,#6021,#6054,#6082));
#5991 = ORIENTED_EDGE('',*,*,#5992,.F.);
#5992 = EDGE_CURVE('',#5993,#5995,#5997,.T.);
#5993 = VERTEX_POINT('',#5994);
#5994 = CARTESIAN_POINT('',(-4.3,1.3,77.));
#5995 = VERTEX_POINT('',#5996);
#5996 = CARTESIAN_POINT('',(-4.3,-1.3,77.));
#5997 = SURFACE_CURVE('',#5998,(#6002,#6009),.PCURVE_S1.);
#5998 = LINE('',#5999,#6000);
#5999 = CARTESIAN_POINT('',(-4.3,-6.95,77.));
#6000 = VECTOR('',#6001,1.);
#6001 = DIRECTION('',(-1.110223024625E-16,-1.,0.));
#6002 = PCURVE('',#5713,#6003);
#6003 = DEFINITIONAL_REPRESENTATION('',(#6004),#6008);
#6004 = LINE('',#6005,#6006);
#6005 = CARTESIAN_POINT('',(-4.7,5.65));
#6006 = VECTOR('',#6007,1.);
#6007 = DIRECTION('',(-1.110223024625E-16,-1.));
#6008 = ( GEOMETRIC_REPRESENTATION_CONTEXT(2) 
PARAMETRIC_REPRESENTATION_CONTEXT() REPRESENTATION_CONTEXT('2D SPACE',''
  ) );
#6009 = PCURVE('',#6010,#6015);
#6010 = PLANE('',#6011);
#6011 = AXIS2_PLACEMENT_3D('',#6012,#6013,#6014);
#6012 = CARTESIAN_POINT('',(-4.3,-1.3,76.));
#6013 = DIRECTION('',(-1.,1.110223024625E-16,0.));
#6014 = DIRECTION('',(1.110223024625E-16,1.,0.));
#6015 = DEFINITIONAL_REPRESENTATION('',(#6016),#6020);
#6016 = LINE('',#6017,#6018);
#6017 = CARTESIAN_POINT('',(-5.65,-1.));
#6018 = VECTOR('',#6019,1.);
#6019 = DIRECTION('',(-1.,-0.));
#6020 = ( GEOMETRIC_REPRESENTATION_CONTEXT(2) 
PARAMETRIC_REPRESENTATION_CONTEXT() REPRESENTATION_CONTEXT('2D SPACE',''
  ) );
#6021 = ORIENTED_EDGE('',*,*,#6022,.T.);
#6022 = EDGE_CURVE('',#5993,#6023,#6025,.T.);
#6023 = VERTEX_POINT('',#6024);
#6024 = CARTESIAN_POINT('',(-0.9,1.3,77.));
#6025 = SURFACE_CURVE('',#6026,(#6031,#6042),.PCURVE_S1.);
#6026 = CIRCLE('',#6027,1.7);
#6027 = AXIS2_PLACEMENT_3D('',#6028,#6029,#6030);
#6028 = CARTESIAN_POINT('',(-2.6,1.3,77.));
#6029 = DIRECTION('',(0.,0.,-1.));
#6030 = DIRECTION('',(-1.,2.416367759478E-16,0.));
#6031 = PCURVE('',#5713,#6032);
#6032 = DEFINITIONAL_REPRESENTATION('',(#6033),#6041);
#6033 = ( BOUNDED_CURVE() B_SPLINE_CURVE(2,(#6034,#6035,#6036,#6037,
#6038,#6039,#6040),.UNSPECIFIED.,.T.,.F.) B_SPLINE_CURVE_WITH_KNOTS((1,2
    ,2,2,2,1),(-2.094395102393,0.,2.094395102393,4.188790204786,
6.28318530718,8.377580409573),.UNSPECIFIED.) CURVE() 
GEOMETRIC_REPRESENTATION_ITEM() RATIONAL_B_SPLINE_CURVE((1.,0.5,1.,0.5,
1.,0.5,1.)) REPRESENTATION_ITEM('') );
#6034 = CARTESIAN_POINT('',(-4.7,13.9));
#6035 = CARTESIAN_POINT('',(-4.7,16.844486372867));
#6036 = CARTESIAN_POINT('',(-2.15,15.372243186434));
#6037 = CARTESIAN_POINT('',(0.4,13.9));
#6038 = CARTESIAN_POINT('',(-2.15,12.427756813566));
#6039 = CARTESIAN_POINT('',(-4.7,10.955513627133));
#6040 = CARTESIAN_POINT('',(-4.7,13.9));
#6041 = ( GEOMETRIC_REPRESENTATION_CONTEXT(2) 
PARAMETRIC_REPRESENTATION_CONTEXT() REPRESENTATION_CONTEXT('2D SPACE',''
  ) );
#6042 = PCURVE('',#6043,#6048);
#6043 = CYLINDRICAL_SURFACE('',#6044,1.7);
#6044 = AXIS2_PLACEMENT_3D('',#6045,#6046,#6047);
#6045 = CARTESIAN_POINT('',(-2.6,1.3,76.));
#6046 = DIRECTION('',(0.,0.,-1.));
#6047 = DIRECTION('',(-1.,2.416367759478E-16,0.));
#6048 = DEFINITIONAL_REPRESENTATION('',(#6049),#6053);
#6049 = LINE('',#6050,#6051);
#6050 = CARTESIAN_POINT('',(0.,-1.));
#6051 = VECTOR('',#6052,1.);
#6052 = DIRECTION('',(1.,0.));
#6053 = ( GEOMETRIC_REPRESENTATION_CONTEXT(2) 
PARAMETRIC_REPRESENTATION_CONTEXT() REPRESENTATION_CONTEXT('2D SPACE',''
  ) );
#6054 = ORIENTED_EDGE('',*,*,#6055,.F.);
#6055 = EDGE_CURVE('',#6056,#6023,#6058,.T.);
#6056 = VERTEX_POINT('',#6057);
#6057 = CARTESIAN_POINT('',(-0.9,-1.3,77.));
#6058 = SURFACE_CURVE('',#6059,(#6063,#6070),.PCURVE_S1.);
#6059 = LINE('',#6060,#6061);
#6060 = CARTESIAN_POINT('',(-0.9,-5.65,77.));
#6061 = VECTOR('',#6062,1.);
#6062 = DIRECTION('',(1.110223024625E-16,1.,-0.));
#6063 = PCURVE('',#5713,#6064);
#6064 = DEFINITIONAL_REPRESENTATION('',(#6065),#6069);
#6065 = LINE('',#6066,#6067);
#6066 = CARTESIAN_POINT('',(-1.3,6.95));
#6067 = VECTOR('',#6068,1.);
#6068 = DIRECTION('',(1.110223024625E-16,1.));
#6069 = ( GEOMETRIC_REPRESENTATION_CONTEXT(2) 
PARAMETRIC_REPRESENTATION_CONTEXT() REPRESENTATION_CONTEXT('2D SPACE',''
  ) );
#6070 = PCURVE('',#6071,#6076);
#6071 = PLANE('',#6072);
#6072 = AXIS2_PLACEMENT_3D('',#6073,#6074,#6075);
#6073 = CARTESIAN_POINT('',(-0.9,1.3,76.));
#6074 = DIRECTION('',(1.,-1.110223024625E-16,0.));
#6075 = DIRECTION('',(-1.110223024625E-16,-1.,0.));
#6076 = DEFINITIONAL_REPRESENTATION('',(#6077),#6081);
#6077 = LINE('',#6078,#6079);
#6078 = CARTESIAN_POINT('',(6.95,-1.));
#6079 = VECTOR('',#6080,1.);
#6080 = DIRECTION('',(-1.,0.));
#6081 = ( GEOMETRIC_REPRESENTATION_CONTEXT(2) 
PARAMETRIC_REPRESENTATION_CONTEXT() REPRESENTATION_CONTEXT('2D SPACE',''
  ) );
#6082 = ORIENTED_EDGE('',*,*,#6083,.T.);
#6083 = EDGE_CURVE('',#6056,#5995,#6084,.T.);
#6084 = SURFACE_CURVE('',#6085,(#6090,#6101),.PCURVE_S1.);
#6085 = CIRCLE('',#6086,1.7);
#6086 = AXIS2_PLACEMENT_3D('',#6087,#6088,#6089);
#6087 = CARTESIAN_POINT('',(-2.6,-1.3,77.));
#6088 = DIRECTION('',(-0.,0.,-1.));
#6089 = DIRECTION('',(1.,-2.416367759478E-16,-0.));
#6090 = PCURVE('',#5713,#6091);
#6091 = DEFINITIONAL_REPRESENTATION('',(#6092),#6100);
#6092 = ( BOUNDED_CURVE() B_SPLINE_CURVE(2,(#6093,#6094,#6095,#6096,
#6097,#6098,#6099),.UNSPECIFIED.,.T.,.F.) B_SPLINE_CURVE_WITH_KNOTS((1,2
    ,2,2,2,1),(-2.094395102393,0.,2.094395102393,4.188790204786,
6.28318530718,8.377580409573),.UNSPECIFIED.) CURVE() 
GEOMETRIC_REPRESENTATION_ITEM() RATIONAL_B_SPLINE_CURVE((1.,0.5,1.,0.5,
1.,0.5,1.)) REPRESENTATION_ITEM('') );
#6093 = CARTESIAN_POINT('',(-1.3,11.3));
#6094 = CARTESIAN_POINT('',(-1.3,8.355513627133));
#6095 = CARTESIAN_POINT('',(-3.85,9.827756813566));
#6096 = CARTESIAN_POINT('',(-6.4,11.3));
#6097 = CARTESIAN_POINT('',(-3.85,12.772243186434));
#6098 = CARTESIAN_POINT('',(-1.3,14.244486372867));
#6099 = CARTESIAN_POINT('',(-1.3,11.3));
#6100 = ( GEOMETRIC_REPRESENTATION_CONTEXT(2) 
PARAMETRIC_REPRESENTATION_CONTEXT() REPRESENTATION_CONTEXT('2D SPACE',''
  ) );
#6101 = PCURVE('',#6102,#6107);
#6102 = CYLINDRICAL_SURFACE('',#6103,1.7);
#6103 = AXIS2_PLACEMENT_3D('',#6104,#6105,#6106);
#6104 = CARTESIAN_POINT('',(-2.6,-1.3,76.));
#6105 = DIRECTION('',(-0.,0.,-1.));
#6106 = DIRECTION('',(1.,-2.416367759478E-16,-0.));
#6107 = DEFINITIONAL_REPRESENTATION('',(#6108),#6112);
#6108 = LINE('',#6109,#6110);
#6109 = CARTESIAN_POINT('',(0.,-1.));
#6110 = VECTOR('',#6111,1.);
#6111 = DIRECTION('',(1.,0.));
#6112 = ( GEOMETRIC_REPRESENTATION_CONTEXT(2) 
PARAMETRIC_REPRESENTATION_CONTEXT() REPRESENTATION_CONTEXT('2D SPACE',''
  ) );
#6113 = FACE_BOUND('',#6114,.F.);
#6114 = EDGE_LOOP('',(#6115,#6145,#6178,#6206));
#6115 = ORIENTED_EDGE('',*,*,#6116,.F.);
#6116 = EDGE_CURVE('',#6117,#6119,#6121,.T.);
#6117 = VERTEX_POINT('',#6118);
#6118 = CARTESIAN_POINT('',(30.9,1.3,77.));
#6119 = VERTEX_POINT('',#6120);
#6120 = CARTESIAN_POINT('',(30.9,-1.3,77.));
#6121 = SURFACE_CURVE('',#6122,(#6126,#6133),.PCURVE_S1.);
#6122 = LINE('',#6123,#6124);
#6123 = CARTESIAN_POINT('',(30.9,-6.95,77.));
#6124 = VECTOR('',#6125,1.);
#6125 = DIRECTION('',(-1.110223024625E-16,-1.,0.));
#6126 = PCURVE('',#5713,#6127);
#6127 = DEFINITIONAL_REPRESENTATION('',(#6128),#6132);
#6128 = LINE('',#6129,#6130);
#6129 = CARTESIAN_POINT('',(30.5,5.65));
#6130 = VECTOR('',#6131,1.);
#6131 = DIRECTION('',(-1.110223024625E-16,-1.));
#6132 = ( GEOMETRIC_REPRESENTATION_CONTEXT(2) 
PARAMETRIC_REPRESENTATION_CONTEXT() REPRESENTATION_CONTEXT('2D SPACE',''
  ) );
#6133 = PCURVE('',#6134,#6139);
#6134 = PLANE('',#6135);
#6135 = AXIS2_PLACEMENT_3D('',#6136,#6137,#6138);
#6136 = CARTESIAN_POINT('',(30.9,-1.3,76.));
#6137 = DIRECTION('',(-1.,1.110223024625E-16,0.));
#6138 = DIRECTION('',(1.110223024625E-16,1.,0.));
#6139 = DEFINITIONAL_REPRESENTATION('',(#6140),#6144);
#6140 = LINE('',#6141,#6142);
#6141 = CARTESIAN_POINT('',(-5.65,-1.));
#6142 = VECTOR('',#6143,1.);
#6143 = DIRECTION('',(-1.,-0.));
#6144 = ( GEOMETRIC_REPRESENTATION_CONTEXT(2) 
PARAMETRIC_REPRESENTATION_CONTEXT() REPRESENTATION_CONTEXT('2D SPACE',''
  ) );
#6145 = ORIENTED_EDGE('',*,*,#6146,.T.);
#6146 = EDGE_CURVE('',#6117,#6147,#6149,.T.);
#6147 = VERTEX_POINT('',#6148);
#6148 = CARTESIAN_POINT('',(34.3,1.3,77.));
#6149 = SURFACE_CURVE('',#6150,(#6155,#6166),.PCURVE_S1.);
#6150 = CIRCLE('',#6151,1.7);
#6151 = AXIS2_PLACEMENT_3D('',#6152,#6153,#6154);
#6152 = CARTESIAN_POINT('',(32.6,1.3,77.));
#6153 = DIRECTION('',(0.,0.,-1.));
#6154 = DIRECTION('',(-1.,2.416367759478E-16,0.));
#6155 = PCURVE('',#5713,#6156);
#6156 = DEFINITIONAL_REPRESENTATION('',(#6157),#6165);
#6157 = ( BOUNDED_CURVE() B_SPLINE_CURVE(2,(#6158,#6159,#6160,#6161,
#6162,#6163,#6164),.UNSPECIFIED.,.T.,.F.) B_SPLINE_CURVE_WITH_KNOTS((1,2
    ,2,2,2,1),(-2.094395102393,0.,2.094395102393,4.188790204786,
6.28318530718,8.377580409573),.UNSPECIFIED.) CURVE() 
GEOMETRIC_REPRESENTATION_ITEM() RATIONAL_B_SPLINE_CURVE((1.,0.5,1.,0.5,
1.,0.5,1.)) REPRESENTATION_ITEM('') );
#6158 = CARTESIAN_POINT('',(30.5,13.9));
#6159 = CARTESIAN_POINT('',(30.5,16.844486372867));
#6160 = CARTESIAN_POINT('',(33.05,15.372243186434));
#6161 = CARTESIAN_POINT('',(35.6,13.9));
#6162 = CARTESIAN_POINT('',(33.05,12.427756813566));
#6163 = CARTESIAN_POINT('',(30.5,10.955513627133));
#6164 = CARTESIAN_POINT('',(30.5,13.9));
#6165 = ( GEOMETRIC_REPRESENTATION_CONTEXT(2) 
PARAMETRIC_REPRESENTATION_CONTEXT() REPRESENTATION_CONTEXT('2D SPACE',''
  ) );
#6166 = PCURVE('',#6167,#6172);
#6167 = CYLINDRICAL_SURFACE('',#6168,1.7);
#6168 = AXIS2_PLACEMENT_3D('',#6169,#6170,#6171);
#6169 = CARTESIAN_POINT('',(32.6,1.3,76.));
#6170 = DIRECTION('',(0.,0.,-1.));
#6171 = DIRECTION('',(-1.,2.416367759478E-16,0.));
#6172 = DEFINITIONAL_REPRESENTATION('',(#6173),#6177);
#6173 = LINE('',#6174,#6175);
#6174 = CARTESIAN_POINT('',(0.,-1.));
#6175 = VECTOR('',#6176,1.);
#6176 = DIRECTION('',(1.,0.));
#6177 = ( GEOMETRIC_REPRESENTATION_CONTEXT(2) 
PARAMETRIC_REPRESENTATION_CONTEXT() REPRESENTATION_CONTEXT('2D SPACE',''
  ) );
#6178 = ORIENTED_EDGE('',*,*,#6179,.F.);
#6179 = EDGE_CURVE('',#6180,#6147,#6182,.T.);
#6180 = VERTEX_POINT('',#6181);
#6181 = CARTESIAN_POINT('',(34.3,-1.3,77.));
#6182 = SURFACE_CURVE('',#6183,(#6187,#6194),.PCURVE_S1.);
#6183 = LINE('',#6184,#6185);
#6184 = CARTESIAN_POINT('',(34.3,-5.65,77.));
#6185 = VECTOR('',#6186,1.);
#6186 = DIRECTION('',(1.110223024625E-16,1.,-0.));
#6187 = PCURVE('',#5713,#6188);
#6188 = DEFINITIONAL_REPRESENTATION('',(#6189),#6193);
#6189 = LINE('',#6190,#6191);
#6190 = CARTESIAN_POINT('',(33.9,6.95));
#6191 = VECTOR('',#6192,1.);
#6192 = DIRECTION('',(1.110223024625E-16,1.));
#6193 = ( GEOMETRIC_REPRESENTATION_CONTEXT(2) 
PARAMETRIC_REPRESENTATION_CONTEXT() REPRESENTATION_CONTEXT('2D SPACE',''
  ) );
#6194 = PCURVE('',#6195,#6200);
#6195 = PLANE('',#6196);
#6196 = AXIS2_PLACEMENT_3D('',#6197,#6198,#6199);
#6197 = CARTESIAN_POINT('',(34.3,1.3,76.));
#6198 = DIRECTION('',(1.,-1.110223024625E-16,0.));
#6199 = DIRECTION('',(-1.110223024625E-16,-1.,0.));
#6200 = DEFINITIONAL_REPRESENTATION('',(#6201),#6205);
#6201 = LINE('',#6202,#6203);
#6202 = CARTESIAN_POINT('',(6.95,-1.));
#6203 = VECTOR('',#6204,1.);
#6204 = DIRECTION('',(-1.,0.));
#6205 = ( GEOMETRIC_REPRESENTATION_CONTEXT(2) 
PARAMETRIC_REPRESENTATION_CONTEXT() REPRESENTATION_CONTEXT('2D SPACE',''
  ) );
#6206 = ORIENTED_EDGE('',*,*,#6207,.T.);
#6207 = EDGE_CURVE('',#6180,#6119,#6208,.T.);
#6208 = SURFACE_CURVE('',#6209,(#6214,#6225),.PCURVE_S1.);
#6209 = CIRCLE('',#6210,1.7);
#6210 = AXIS2_PLACEMENT_3D('',#6211,#6212,#6213);
#6211 = CARTESIAN_POINT('',(32.6,-1.3,77.));
#6212 = DIRECTION('',(-0.,0.,-1.));
#6213 = DIRECTION('',(1.,-2.416367759478E-16,-0.));
#6214 = PCURVE('',#5713,#6215);
#6215 = DEFINITIONAL_REPRESENTATION('',(#6216),#6224);
#6216 = ( BOUNDED_CURVE() B_SPLINE_CURVE(2,(#6217,#6218,#6219,#6220,
#6221,#6222,#6223),.UNSPECIFIED.,.T.,.F.) B_SPLINE_CURVE_WITH_KNOTS((1,2
    ,2,2,2,1),(-2.094395102393,0.,2.094395102393,4.188790204786,
6.28318530718,8.377580409573),.UNSPECIFIED.) CURVE() 
GEOMETRIC_REPRESENTATION_ITEM() RATIONAL_B_SPLINE_CURVE((1.,0.5,1.,0.5,
1.,0.5,1.)) REPRESENTATION_ITEM('') );
#6217 = CARTESIAN_POINT('',(33.9,11.3));
#6218 = CARTESIAN_POINT('',(33.9,8.355513627133));
#6219 = CARTESIAN_POINT('',(31.35,9.827756813566));
#6220 = CARTESIAN_POINT('',(28.8,11.3));
#6221 = CARTESIAN_POINT('',(31.35,12.772243186434));
#6222 = CARTESIAN_POINT('',(33.9,14.244486372867));
#6223 = CARTESIAN_POINT('',(33.9,11.3));
#6224 = ( GEOMETRIC_REPRESENTATION_CONTEXT(2) 
PARAMETRIC_REPRESENTATION_CONTEXT() REPRESENTATION_CONTEXT('2D SPACE',''
  ) );
#6225 = PCURVE('',#6226,#6231);
#6226 = CYLINDRICAL_SURFACE('',#6227,1.7);
#6227 = AXIS2_PLACEMENT_3D('',#6228,#6229,#6230);
#6228 = CARTESIAN_POINT('',(32.6,-1.3,76.));
#6229 = DIRECTION('',(-0.,0.,-1.));
#6230 = DIRECTION('',(1.,-2.416367759478E-16,-0.));
#6231 = DEFINITIONAL_REPRESENTATION('',(#6232),#6236);
#6232 = LINE('',#6233,#6234);
#6233 = CARTESIAN_POINT('',(0.,-1.));
#6234 = VECTOR('',#6235,1.);
#6235 = DIRECTION('',(1.,0.));
#6236 = ( GEOMETRIC_REPRESENTATION_CONTEXT(2) 
PARAMETRIC_REPRESENTATION_CONTEXT() REPRESENTATION_CONTEXT('2D SPACE',''
  ) );
#6237 = ADVANCED_FACE('',(#6238),#5741,.F.);
#6238 = FACE_BOUND('',#6239,.F.);
#6239 = EDGE_LOOP('',(#6240,#6241,#6242,#6265));
#6240 = ORIENTED_EDGE('',*,*,#5725,.F.);
#6241 = ORIENTED_EDGE('',*,*,#5947,.T.);
#6242 = ORIENTED_EDGE('',*,*,#6243,.T.);
#6243 = EDGE_CURVE('',#5918,#6244,#6246,.T.);
#6244 = VERTEX_POINT('',#6245);
#6245 = CARTESIAN_POINT('',(-6.6,12.6,79.5));
#6246 = SURFACE_CURVE('',#6247,(#6251,#6258),.PCURVE_S1.);
#6247 = LINE('',#6248,#6249);
#6248 = CARTESIAN_POINT('',(-6.6,12.6,77.));
#6249 = VECTOR('',#6250,1.);
#6250 = DIRECTION('',(0.,0.,1.));
#6251 = PCURVE('',#5741,#6252);
#6252 = DEFINITIONAL_REPRESENTATION('',(#6253),#6257);
#6253 = LINE('',#6254,#6255);
#6254 = CARTESIAN_POINT('',(0.,-25.2));
#6255 = VECTOR('',#6256,1.);
#6256 = DIRECTION('',(1.,0.));
#6257 = ( GEOMETRIC_REPRESENTATION_CONTEXT(2) 
PARAMETRIC_REPRESENTATION_CONTEXT() REPRESENTATION_CONTEXT('2D SPACE',''
  ) );
#6258 = PCURVE('',#5935,#6259);
#6259 = DEFINITIONAL_REPRESENTATION('',(#6260),#6264);
#6260 = LINE('',#6261,#6262);
#6261 = CARTESIAN_POINT('',(0.,-7.));
#6262 = VECTOR('',#6263,1.);
#6263 = DIRECTION('',(1.,0.));
#6264 = ( GEOMETRIC_REPRESENTATION_CONTEXT(2) 
PARAMETRIC_REPRESENTATION_CONTEXT() REPRESENTATION_CONTEXT('2D SPACE',''
  ) );
#6265 = ORIENTED_EDGE('',*,*,#6266,.F.);
#6266 = EDGE_CURVE('',#5726,#6244,#6267,.T.);
#6267 = SURFACE_CURVE('',#6268,(#6272,#6279),.PCURVE_S1.);
#6268 = LINE('',#6269,#6270);
#6269 = CARTESIAN_POINT('',(-6.6,-12.6,79.5));
#6270 = VECTOR('',#6271,1.);
#6271 = DIRECTION('',(0.,1.,0.));
#6272 = PCURVE('',#5741,#6273);
#6273 = DEFINITIONAL_REPRESENTATION('',(#6274),#6278);
#6274 = LINE('',#6275,#6276);
#6275 = CARTESIAN_POINT('',(2.5,0.));
#6276 = VECTOR('',#6277,1.);
#6277 = DIRECTION('',(0.,-1.));
#6278 = ( GEOMETRIC_REPRESENTATION_CONTEXT(2) 
PARAMETRIC_REPRESENTATION_CONTEXT() REPRESENTATION_CONTEXT('2D SPACE',''
  ) );
#6279 = PCURVE('',#5769,#6280);
#6280 = DEFINITIONAL_REPRESENTATION('',(#6281),#6285);
#6281 = LINE('',#6282,#6283);
#6282 = CARTESIAN_POINT('',(0.,0.));
#6283 = VECTOR('',#6284,1.);
#6284 = DIRECTION('',(0.,1.));
#6285 = ( GEOMETRIC_REPRESENTATION_CONTEXT(2) 
PARAMETRIC_REPRESENTATION_CONTEXT() REPRESENTATION_CONTEXT('2D SPACE',''
  ) );
#6286 = ADVANCED_FACE('',(#6287,#6515,#6619),#5769,.T.);
#6287 = FACE_BOUND('',#6288,.T.);
#6288 = EDGE_LOOP('',(#6289,#6312,#6313,#6314,#6337,#6365,#6386,#6387,
    #6410,#6433,#6461,#6489));
#6289 = ORIENTED_EDGE('',*,*,#6290,.F.);
#6290 = EDGE_CURVE('',#6244,#6291,#6293,.T.);
#6291 = VERTEX_POINT('',#6292);
#6292 = CARTESIAN_POINT('',(0.4,12.6,79.5));
#6293 = SURFACE_CURVE('',#6294,(#6298,#6305),.PCURVE_S1.);
#6294 = LINE('',#6295,#6296);
#6295 = CARTESIAN_POINT('',(-6.6,12.6,79.5));
#6296 = VECTOR('',#6297,1.);
#6297 = DIRECTION('',(1.,0.,0.));
#6298 = PCURVE('',#5769,#6299);
#6299 = DEFINITIONAL_REPRESENTATION('',(#6300),#6304);
#6300 = LINE('',#6301,#6302);
#6301 = CARTESIAN_POINT('',(0.,25.2));
#6302 = VECTOR('',#6303,1.);
#6303 = DIRECTION('',(1.,0.));
#6304 = ( GEOMETRIC_REPRESENTATION_CONTEXT(2) 
PARAMETRIC_REPRESENTATION_CONTEXT() REPRESENTATION_CONTEXT('2D SPACE',''
  ) );
#6305 = PCURVE('',#5935,#6306);
#6306 = DEFINITIONAL_REPRESENTATION('',(#6307),#6311);
#6307 = LINE('',#6308,#6309);
#6308 = CARTESIAN_POINT('',(2.5,-7.));
#6309 = VECTOR('',#6310,1.);
#6310 = DIRECTION('',(0.,1.));
#6311 = ( GEOMETRIC_REPRESENTATION_CONTEXT(2) 
PARAMETRIC_REPRESENTATION_CONTEXT() REPRESENTATION_CONTEXT('2D SPACE',''
  ) );
#6312 = ORIENTED_EDGE('',*,*,#6266,.F.);
#6313 = ORIENTED_EDGE('',*,*,#5753,.T.);
#6314 = ORIENTED_EDGE('',*,*,#6315,.F.);
#6315 = EDGE_CURVE('',#6316,#5754,#6318,.T.);
#6316 = VERTEX_POINT('',#6317);
#6317 = CARTESIAN_POINT('',(0.4,-9.6,79.5));
#6318 = SURFACE_CURVE('',#6319,(#6323,#6330),.PCURVE_S1.);
#6319 = LINE('',#6320,#6321);
#6320 = CARTESIAN_POINT('',(0.4,-12.6,79.5));
#6321 = VECTOR('',#6322,1.);
#6322 = DIRECTION('',(0.,-1.,0.));
#6323 = PCURVE('',#5769,#6324);
#6324 = DEFINITIONAL_REPRESENTATION('',(#6325),#6329);
#6325 = LINE('',#6326,#6327);
#6326 = CARTESIAN_POINT('',(7.,0.));
#6327 = VECTOR('',#6328,1.);
#6328 = DIRECTION('',(0.,-1.));
#6329 = ( GEOMETRIC_REPRESENTATION_CONTEXT(2) 
PARAMETRIC_REPRESENTATION_CONTEXT() REPRESENTATION_CONTEXT('2D SPACE',''
  ) );
#6330 = PCURVE('',#5797,#6331);
#6331 = DEFINITIONAL_REPRESENTATION('',(#6332),#6336);
#6332 = LINE('',#6333,#6334);
#6333 = CARTESIAN_POINT('',(2.5,0.));
#6334 = VECTOR('',#6335,1.);
#6335 = DIRECTION('',(0.,1.));
#6336 = ( GEOMETRIC_REPRESENTATION_CONTEXT(2) 
PARAMETRIC_REPRESENTATION_CONTEXT() REPRESENTATION_CONTEXT('2D SPACE',''
  ) );
#6337 = ORIENTED_EDGE('',*,*,#6338,.T.);
#6338 = EDGE_CURVE('',#6316,#6339,#6341,.T.);
#6339 = VERTEX_POINT('',#6340);
#6340 = CARTESIAN_POINT('',(29.6,-9.6,79.5));
#6341 = SURFACE_CURVE('',#6342,(#6346,#6353),.PCURVE_S1.);
#6342 = LINE('',#6343,#6344);
#6343 = CARTESIAN_POINT('',(0.4,-9.6,79.5));
#6344 = VECTOR('',#6345,1.);
#6345 = DIRECTION('',(1.,0.,0.));
#6346 = PCURVE('',#5769,#6347);
#6347 = DEFINITIONAL_REPRESENTATION('',(#6348),#6352);
#6348 = LINE('',#6349,#6350);
#6349 = CARTESIAN_POINT('',(7.,3.));
#6350 = VECTOR('',#6351,1.);
#6351 = DIRECTION('',(1.,0.));
#6352 = ( GEOMETRIC_REPRESENTATION_CONTEXT(2) 
PARAMETRIC_REPRESENTATION_CONTEXT() REPRESENTATION_CONTEXT('2D SPACE',''
  ) );
#6353 = PCURVE('',#6354,#6359);
#6354 = PLANE('',#6355);
#6355 = AXIS2_PLACEMENT_3D('',#6356,#6357,#6358);
#6356 = CARTESIAN_POINT('',(-0.6,-9.6,79.5));
#6357 = DIRECTION('',(0.,1.,0.));
#6358 = DIRECTION('',(0.,-0.,1.));
#6359 = DEFINITIONAL_REPRESENTATION('',(#6360),#6364);
#6360 = LINE('',#6361,#6362);
#6361 = CARTESIAN_POINT('',(0.,1.));
#6362 = VECTOR('',#6363,1.);
#6363 = DIRECTION('',(0.,1.));
#6364 = ( GEOMETRIC_REPRESENTATION_CONTEXT(2) 
PARAMETRIC_REPRESENTATION_CONTEXT() REPRESENTATION_CONTEXT('2D SPACE',''
  ) );
#6365 = ORIENTED_EDGE('',*,*,#6366,.T.);
#6366 = EDGE_CURVE('',#6339,#5838,#6367,.T.);
#6367 = SURFACE_CURVE('',#6368,(#6372,#6379),.PCURVE_S1.);
#6368 = LINE('',#6369,#6370);
#6369 = CARTESIAN_POINT('',(29.6,-12.6,79.5));
#6370 = VECTOR('',#6371,1.);
#6371 = DIRECTION('',(0.,-1.,0.));
#6372 = PCURVE('',#5769,#6373);
#6373 = DEFINITIONAL_REPRESENTATION('',(#6374),#6378);
#6374 = LINE('',#6375,#6376);
#6375 = CARTESIAN_POINT('',(36.2,0.));
#6376 = VECTOR('',#6377,1.);
#6377 = DIRECTION('',(0.,-1.));
#6378 = ( GEOMETRIC_REPRESENTATION_CONTEXT(2) 
PARAMETRIC_REPRESENTATION_CONTEXT() REPRESENTATION_CONTEXT('2D SPACE',''
  ) );
#6379 = PCURVE('',#5853,#6380);
#6380 = DEFINITIONAL_REPRESENTATION('',(#6381),#6385);
#6381 = LINE('',#6382,#6383);
#6382 = CARTESIAN_POINT('',(2.5,0.));
#6383 = VECTOR('',#6384,1.);
#6384 = DIRECTION('',(0.,1.));
#6385 = ( GEOMETRIC_REPRESENTATION_CONTEXT(2) 
PARAMETRIC_REPRESENTATION_CONTEXT() REPRESENTATION_CONTEXT('2D SPACE',''
  ) );
#6386 = ORIENTED_EDGE('',*,*,#5865,.T.);
#6387 = ORIENTED_EDGE('',*,*,#6388,.T.);
#6388 = EDGE_CURVE('',#5866,#6389,#6391,.T.);
#6389 = VERTEX_POINT('',#6390);
#6390 = CARTESIAN_POINT('',(36.6,12.6,79.5));
#6391 = SURFACE_CURVE('',#6392,(#6396,#6403),.PCURVE_S1.);
#6392 = LINE('',#6393,#6394);
#6393 = CARTESIAN_POINT('',(36.6,-12.6,79.5));
#6394 = VECTOR('',#6395,1.);
#6395 = DIRECTION('',(0.,1.,0.));
#6396 = PCURVE('',#5769,#6397);
#6397 = DEFINITIONAL_REPRESENTATION('',(#6398),#6402);
#6398 = LINE('',#6399,#6400);
#6399 = CARTESIAN_POINT('',(43.2,0.));
#6400 = VECTOR('',#6401,1.);
#6401 = DIRECTION('',(0.,1.));
#6402 = ( GEOMETRIC_REPRESENTATION_CONTEXT(2) 
PARAMETRIC_REPRESENTATION_CONTEXT() REPRESENTATION_CONTEXT('2D SPACE',''
  ) );
#6403 = PCURVE('',#5902,#6404);
#6404 = DEFINITIONAL_REPRESENTATION('',(#6405),#6409);
#6405 = LINE('',#6406,#6407);
#6406 = CARTESIAN_POINT('',(2.5,0.));
#6407 = VECTOR('',#6408,1.);
#6408 = DIRECTION('',(0.,-1.));
#6409 = ( GEOMETRIC_REPRESENTATION_CONTEXT(2) 
PARAMETRIC_REPRESENTATION_CONTEXT() REPRESENTATION_CONTEXT('2D SPACE',''
  ) );
#6410 = ORIENTED_EDGE('',*,*,#6411,.F.);
#6411 = EDGE_CURVE('',#6412,#6389,#6414,.T.);
#6412 = VERTEX_POINT('',#6413);
#6413 = CARTESIAN_POINT('',(29.6,12.6,79.5));
#6414 = SURFACE_CURVE('',#6415,(#6419,#6426),.PCURVE_S1.);
#6415 = LINE('',#6416,#6417);
#6416 = CARTESIAN_POINT('',(28.6,12.6,79.5));
#6417 = VECTOR('',#6418,1.);
#6418 = DIRECTION('',(1.,0.,0.));
#6419 = PCURVE('',#5769,#6420);
#6420 = DEFINITIONAL_REPRESENTATION('',(#6421),#6425);
#6421 = LINE('',#6422,#6423);
#6422 = CARTESIAN_POINT('',(35.2,25.2));
#6423 = VECTOR('',#6424,1.);
#6424 = DIRECTION('',(1.,0.));
#6425 = ( GEOMETRIC_REPRESENTATION_CONTEXT(2) 
PARAMETRIC_REPRESENTATION_CONTEXT() REPRESENTATION_CONTEXT('2D SPACE',''
  ) );
#6426 = PCURVE('',#5935,#6427);
#6427 = DEFINITIONAL_REPRESENTATION('',(#6428),#6432);
#6428 = LINE('',#6429,#6430);
#6429 = CARTESIAN_POINT('',(2.5,28.2));
#6430 = VECTOR('',#6431,1.);
#6431 = DIRECTION('',(0.,1.));
#6432 = ( GEOMETRIC_REPRESENTATION_CONTEXT(2) 
PARAMETRIC_REPRESENTATION_CONTEXT() REPRESENTATION_CONTEXT('2D SPACE',''
  ) );
#6433 = ORIENTED_EDGE('',*,*,#6434,.T.);
#6434 = EDGE_CURVE('',#6412,#6435,#6437,.T.);
#6435 = VERTEX_POINT('',#6436);
#6436 = CARTESIAN_POINT('',(29.6,9.6,79.5));
#6437 = SURFACE_CURVE('',#6438,(#6442,#6449),.PCURVE_S1.);
#6438 = LINE('',#6439,#6440);
#6439 = CARTESIAN_POINT('',(29.6,-12.6,79.5));
#6440 = VECTOR('',#6441,1.);
#6441 = DIRECTION('',(0.,-1.,0.));
#6442 = PCURVE('',#5769,#6443);
#6443 = DEFINITIONAL_REPRESENTATION('',(#6444),#6448);
#6444 = LINE('',#6445,#6446);
#6445 = CARTESIAN_POINT('',(36.2,0.));
#6446 = VECTOR('',#6447,1.);
#6447 = DIRECTION('',(0.,-1.));
#6448 = ( GEOMETRIC_REPRESENTATION_CONTEXT(2) 
PARAMETRIC_REPRESENTATION_CONTEXT() REPRESENTATION_CONTEXT('2D SPACE',''
  ) );
#6449 = PCURVE('',#6450,#6455);
#6450 = PLANE('',#6451);
#6451 = AXIS2_PLACEMENT_3D('',#6452,#6453,#6454);
#6452 = CARTESIAN_POINT('',(29.6,-12.6,77.));
#6453 = DIRECTION('',(1.,0.,0.));
#6454 = DIRECTION('',(0.,0.,1.));
#6455 = DEFINITIONAL_REPRESENTATION('',(#6456),#6460);
#6456 = LINE('',#6457,#6458);
#6457 = CARTESIAN_POINT('',(2.5,0.));
#6458 = VECTOR('',#6459,1.);
#6459 = DIRECTION('',(0.,1.));
#6460 = ( GEOMETRIC_REPRESENTATION_CONTEXT(2) 
PARAMETRIC_REPRESENTATION_CONTEXT() REPRESENTATION_CONTEXT('2D SPACE',''
  ) );
#6461 = ORIENTED_EDGE('',*,*,#6462,.T.);
#6462 = EDGE_CURVE('',#6435,#6463,#6465,.T.);
#6463 = VERTEX_POINT('',#6464);
#6464 = CARTESIAN_POINT('',(0.4,9.6,79.5));
#6465 = SURFACE_CURVE('',#6466,(#6470,#6477),.PCURVE_S1.);
#6466 = LINE('',#6467,#6468);
#6467 = CARTESIAN_POINT('',(29.6,9.6,79.5));
#6468 = VECTOR('',#6469,1.);
#6469 = DIRECTION('',(-1.,0.,0.));
#6470 = PCURVE('',#5769,#6471);
#6471 = DEFINITIONAL_REPRESENTATION('',(#6472),#6476);
#6472 = LINE('',#6473,#6474);
#6473 = CARTESIAN_POINT('',(36.2,22.2));
#6474 = VECTOR('',#6475,1.);
#6475 = DIRECTION('',(-1.,0.));
#6476 = ( GEOMETRIC_REPRESENTATION_CONTEXT(2) 
PARAMETRIC_REPRESENTATION_CONTEXT() REPRESENTATION_CONTEXT('2D SPACE',''
  ) );
#6477 = PCURVE('',#6478,#6483);
#6478 = PLANE('',#6479);
#6479 = AXIS2_PLACEMENT_3D('',#6480,#6481,#6482);
#6480 = CARTESIAN_POINT('',(-0.6,9.6,79.5));
#6481 = DIRECTION('',(0.,1.,0.));
#6482 = DIRECTION('',(0.,-0.,1.));
#6483 = DEFINITIONAL_REPRESENTATION('',(#6484),#6488);
#6484 = LINE('',#6485,#6486);
#6485 = CARTESIAN_POINT('',(0.,30.2));
#6486 = VECTOR('',#6487,1.);
#6487 = DIRECTION('',(0.,-1.));
#6488 = ( GEOMETRIC_REPRESENTATION_CONTEXT(2) 
PARAMETRIC_REPRESENTATION_CONTEXT() REPRESENTATION_CONTEXT('2D SPACE',''
  ) );
#6489 = ORIENTED_EDGE('',*,*,#6490,.F.);
#6490 = EDGE_CURVE('',#6291,#6463,#6491,.T.);
#6491 = SURFACE_CURVE('',#6492,(#6496,#6503),.PCURVE_S1.);
#6492 = LINE('',#6493,#6494);
#6493 = CARTESIAN_POINT('',(0.4,-12.6,79.5));
#6494 = VECTOR('',#6495,1.);
#6495 = DIRECTION('',(0.,-1.,0.));
#6496 = PCURVE('',#5769,#6497);
#6497 = DEFINITIONAL_REPRESENTATION('',(#6498),#6502);
#6498 = LINE('',#6499,#6500);
#6499 = CARTESIAN_POINT('',(7.,0.));
#6500 = VECTOR('',#6501,1.);
#6501 = DIRECTION('',(0.,-1.));
#6502 = ( GEOMETRIC_REPRESENTATION_CONTEXT(2) 
PARAMETRIC_REPRESENTATION_CONTEXT() REPRESENTATION_CONTEXT('2D SPACE',''
  ) );
#6503 = PCURVE('',#6504,#6509);
#6504 = PLANE('',#6505);
#6505 = AXIS2_PLACEMENT_3D('',#6506,#6507,#6508);
#6506 = CARTESIAN_POINT('',(0.4,-12.6,77.));
#6507 = DIRECTION('',(1.,0.,0.));
#6508 = DIRECTION('',(0.,0.,1.));
#6509 = DEFINITIONAL_REPRESENTATION('',(#6510),#6514);
#6510 = LINE('',#6511,#6512);
#6511 = CARTESIAN_POINT('',(2.5,0.));
#6512 = VECTOR('',#6513,1.);
#6513 = DIRECTION('',(0.,1.));
#6514 = ( GEOMETRIC_REPRESENTATION_CONTEXT(2) 
PARAMETRIC_REPRESENTATION_CONTEXT() REPRESENTATION_CONTEXT('2D SPACE',''
  ) );
#6515 = FACE_BOUND('',#6516,.T.);
#6516 = EDGE_LOOP('',(#6517,#6542,#6570,#6593));
#6517 = ORIENTED_EDGE('',*,*,#6518,.F.);
#6518 = EDGE_CURVE('',#6519,#6521,#6523,.T.);
#6519 = VERTEX_POINT('',#6520);
#6520 = CARTESIAN_POINT('',(-4.3,1.3,79.5));
#6521 = VERTEX_POINT('',#6522);
#6522 = CARTESIAN_POINT('',(-4.3,-1.3,79.5));
#6523 = SURFACE_CURVE('',#6524,(#6528,#6535),.PCURVE_S1.);
#6524 = LINE('',#6525,#6526);
#6525 = CARTESIAN_POINT('',(-4.3,-6.95,79.5));
#6526 = VECTOR('',#6527,1.);
#6527 = DIRECTION('',(-1.110223024625E-16,-1.,0.));
#6528 = PCURVE('',#5769,#6529);
#6529 = DEFINITIONAL_REPRESENTATION('',(#6530),#6534);
#6530 = LINE('',#6531,#6532);
#6531 = CARTESIAN_POINT('',(2.3,5.65));
#6532 = VECTOR('',#6533,1.);
#6533 = DIRECTION('',(-1.110223024625E-16,-1.));
#6534 = ( GEOMETRIC_REPRESENTATION_CONTEXT(2) 
PARAMETRIC_REPRESENTATION_CONTEXT() REPRESENTATION_CONTEXT('2D SPACE',''
  ) );
#6535 = PCURVE('',#6010,#6536);
#6536 = DEFINITIONAL_REPRESENTATION('',(#6537),#6541);
#6537 = LINE('',#6538,#6539);
#6538 = CARTESIAN_POINT('',(-5.65,-3.5));
#6539 = VECTOR('',#6540,1.);
#6540 = DIRECTION('',(-1.,-0.));
#6541 = ( GEOMETRIC_REPRESENTATION_CONTEXT(2) 
PARAMETRIC_REPRESENTATION_CONTEXT() REPRESENTATION_CONTEXT('2D SPACE',''
  ) );
#6542 = ORIENTED_EDGE('',*,*,#6543,.T.);
#6543 = EDGE_CURVE('',#6519,#6544,#6546,.T.);
#6544 = VERTEX_POINT('',#6545);
#6545 = CARTESIAN_POINT('',(-0.9,1.3,79.5));
#6546 = SURFACE_CURVE('',#6547,(#6552,#6563),.PCURVE_S1.);
#6547 = CIRCLE('',#6548,1.7);
#6548 = AXIS2_PLACEMENT_3D('',#6549,#6550,#6551);
#6549 = CARTESIAN_POINT('',(-2.6,1.3,79.5));
#6550 = DIRECTION('',(0.,0.,-1.));
#6551 = DIRECTION('',(-1.,2.416367759478E-16,0.));
#6552 = PCURVE('',#5769,#6553);
#6553 = DEFINITIONAL_REPRESENTATION('',(#6554),#6562);
#6554 = ( BOUNDED_CURVE() B_SPLINE_CURVE(2,(#6555,#6556,#6557,#6558,
#6559,#6560,#6561),.UNSPECIFIED.,.T.,.F.) B_SPLINE_CURVE_WITH_KNOTS((1,2
    ,2,2,2,1),(-2.094395102393,0.,2.094395102393,4.188790204786,
6.28318530718,8.377580409573),.UNSPECIFIED.) CURVE() 
GEOMETRIC_REPRESENTATION_ITEM() RATIONAL_B_SPLINE_CURVE((1.,0.5,1.,0.5,
1.,0.5,1.)) REPRESENTATION_ITEM('') );
#6555 = CARTESIAN_POINT('',(2.3,13.9));
#6556 = CARTESIAN_POINT('',(2.3,16.844486372867));
#6557 = CARTESIAN_POINT('',(4.85,15.372243186434));
#6558 = CARTESIAN_POINT('',(7.4,13.9));
#6559 = CARTESIAN_POINT('',(4.85,12.427756813566));
#6560 = CARTESIAN_POINT('',(2.3,10.955513627133));
#6561 = CARTESIAN_POINT('',(2.3,13.9));
#6562 = ( GEOMETRIC_REPRESENTATION_CONTEXT(2) 
PARAMETRIC_REPRESENTATION_CONTEXT() REPRESENTATION_CONTEXT('2D SPACE',''
  ) );
#6563 = PCURVE('',#6043,#6564);
#6564 = DEFINITIONAL_REPRESENTATION('',(#6565),#6569);
#6565 = LINE('',#6566,#6567);
#6566 = CARTESIAN_POINT('',(0.,-3.5));
#6567 = VECTOR('',#6568,1.);
#6568 = DIRECTION('',(1.,0.));
#6569 = ( GEOMETRIC_REPRESENTATION_CONTEXT(2) 
PARAMETRIC_REPRESENTATION_CONTEXT() REPRESENTATION_CONTEXT('2D SPACE',''
  ) );
#6570 = ORIENTED_EDGE('',*,*,#6571,.F.);
#6571 = EDGE_CURVE('',#6572,#6544,#6574,.T.);
#6572 = VERTEX_POINT('',#6573);
#6573 = CARTESIAN_POINT('',(-0.9,-1.3,79.5));
#6574 = SURFACE_CURVE('',#6575,(#6579,#6586),.PCURVE_S1.);
#6575 = LINE('',#6576,#6577);
#6576 = CARTESIAN_POINT('',(-0.9,-5.65,79.5));
#6577 = VECTOR('',#6578,1.);
#6578 = DIRECTION('',(1.110223024625E-16,1.,-0.));
#6579 = PCURVE('',#5769,#6580);
#6580 = DEFINITIONAL_REPRESENTATION('',(#6581),#6585);
#6581 = LINE('',#6582,#6583);
#6582 = CARTESIAN_POINT('',(5.7,6.95));
#6583 = VECTOR('',#6584,1.);
#6584 = DIRECTION('',(1.110223024625E-16,1.));
#6585 = ( GEOMETRIC_REPRESENTATION_CONTEXT(2) 
PARAMETRIC_REPRESENTATION_CONTEXT() REPRESENTATION_CONTEXT('2D SPACE',''
  ) );
#6586 = PCURVE('',#6071,#6587);
#6587 = DEFINITIONAL_REPRESENTATION('',(#6588),#6592);
#6588 = LINE('',#6589,#6590);
#6589 = CARTESIAN_POINT('',(6.95,-3.5));
#6590 = VECTOR('',#6591,1.);
#6591 = DIRECTION('',(-1.,0.));
#6592 = ( GEOMETRIC_REPRESENTATION_CONTEXT(2) 
PARAMETRIC_REPRESENTATION_CONTEXT() REPRESENTATION_CONTEXT('2D SPACE',''
  ) );
#6593 = ORIENTED_EDGE('',*,*,#6594,.T.);
#6594 = EDGE_CURVE('',#6572,#6521,#6595,.T.);
#6595 = SURFACE_CURVE('',#6596,(#6601,#6612),.PCURVE_S1.);
#6596 = CIRCLE('',#6597,1.7);
#6597 = AXIS2_PLACEMENT_3D('',#6598,#6599,#6600);
#6598 = CARTESIAN_POINT('',(-2.6,-1.3,79.5));
#6599 = DIRECTION('',(-0.,0.,-1.));
#6600 = DIRECTION('',(1.,-2.416367759478E-16,-0.));
#6601 = PCURVE('',#5769,#6602);
#6602 = DEFINITIONAL_REPRESENTATION('',(#6603),#6611);
#6603 = ( BOUNDED_CURVE() B_SPLINE_CURVE(2,(#6604,#6605,#6606,#6607,
#6608,#6609,#6610),.UNSPECIFIED.,.T.,.F.) B_SPLINE_CURVE_WITH_KNOTS((1,2
    ,2,2,2,1),(-2.094395102393,0.,2.094395102393,4.188790204786,
6.28318530718,8.377580409573),.UNSPECIFIED.) CURVE() 
GEOMETRIC_REPRESENTATION_ITEM() RATIONAL_B_SPLINE_CURVE((1.,0.5,1.,0.5,
1.,0.5,1.)) REPRESENTATION_ITEM('') );
#6604 = CARTESIAN_POINT('',(5.7,11.3));
#6605 = CARTESIAN_POINT('',(5.7,8.355513627133));
#6606 = CARTESIAN_POINT('',(3.15,9.827756813566));
#6607 = CARTESIAN_POINT('',(0.6,11.3));
#6608 = CARTESIAN_POINT('',(3.15,12.772243186434));
#6609 = CARTESIAN_POINT('',(5.7,14.244486372867));
#6610 = CARTESIAN_POINT('',(5.7,11.3));
#6611 = ( GEOMETRIC_REPRESENTATION_CONTEXT(2) 
PARAMETRIC_REPRESENTATION_CONTEXT() REPRESENTATION_CONTEXT('2D SPACE',''
  ) );
#6612 = PCURVE('',#6102,#6613);
#6613 = DEFINITIONAL_REPRESENTATION('',(#6614),#6618);
#6614 = LINE('',#6615,#6616);
#6615 = CARTESIAN_POINT('',(0.,-3.5));
#6616 = VECTOR('',#6617,1.);
#6617 = DIRECTION('',(1.,0.));
#6618 = ( GEOMETRIC_REPRESENTATION_CONTEXT(2) 
PARAMETRIC_REPRESENTATION_CONTEXT() REPRESENTATION_CONTEXT('2D SPACE',''
  ) );
#6619 = FACE_BOUND('',#6620,.T.);
#6620 = EDGE_LOOP('',(#6621,#6646,#6674,#6697));
#6621 = ORIENTED_EDGE('',*,*,#6622,.F.);
#6622 = EDGE_CURVE('',#6623,#6625,#6627,.T.);
#6623 = VERTEX_POINT('',#6624);
#6624 = CARTESIAN_POINT('',(30.9,1.3,79.5));
#6625 = VERTEX_POINT('',#6626);
#6626 = CARTESIAN_POINT('',(30.9,-1.3,79.5));
#6627 = SURFACE_CURVE('',#6628,(#6632,#6639),.PCURVE_S1.);
#6628 = LINE('',#6629,#6630);
#6629 = CARTESIAN_POINT('',(30.9,-6.95,79.5));
#6630 = VECTOR('',#6631,1.);
#6631 = DIRECTION('',(-1.110223024625E-16,-1.,0.));
#6632 = PCURVE('',#5769,#6633);
#6633 = DEFINITIONAL_REPRESENTATION('',(#6634),#6638);
#6634 = LINE('',#6635,#6636);
#6635 = CARTESIAN_POINT('',(37.5,5.65));
#6636 = VECTOR('',#6637,1.);
#6637 = DIRECTION('',(-1.110223024625E-16,-1.));
#6638 = ( GEOMETRIC_REPRESENTATION_CONTEXT(2) 
PARAMETRIC_REPRESENTATION_CONTEXT() REPRESENTATION_CONTEXT('2D SPACE',''
  ) );
#6639 = PCURVE('',#6134,#6640);
#6640 = DEFINITIONAL_REPRESENTATION('',(#6641),#6645);
#6641 = LINE('',#6642,#6643);
#6642 = CARTESIAN_POINT('',(-5.65,-3.5));
#6643 = VECTOR('',#6644,1.);
#6644 = DIRECTION('',(-1.,-0.));
#6645 = ( GEOMETRIC_REPRESENTATION_CONTEXT(2) 
PARAMETRIC_REPRESENTATION_CONTEXT() REPRESENTATION_CONTEXT('2D SPACE',''
  ) );
#6646 = ORIENTED_EDGE('',*,*,#6647,.T.);
#6647 = EDGE_CURVE('',#6623,#6648,#6650,.T.);
#6648 = VERTEX_POINT('',#6649);
#6649 = CARTESIAN_POINT('',(34.3,1.3,79.5));
#6650 = SURFACE_CURVE('',#6651,(#6656,#6667),.PCURVE_S1.);
#6651 = CIRCLE('',#6652,1.7);
#6652 = AXIS2_PLACEMENT_3D('',#6653,#6654,#6655);
#6653 = CARTESIAN_POINT('',(32.6,1.3,79.5));
#6654 = DIRECTION('',(0.,0.,-1.));
#6655 = DIRECTION('',(-1.,2.416367759478E-16,0.));
#6656 = PCURVE('',#5769,#6657);
#6657 = DEFINITIONAL_REPRESENTATION('',(#6658),#6666);
#6658 = ( BOUNDED_CURVE() B_SPLINE_CURVE(2,(#6659,#6660,#6661,#6662,
#6663,#6664,#6665),.UNSPECIFIED.,.T.,.F.) B_SPLINE_CURVE_WITH_KNOTS((1,2
    ,2,2,2,1),(-2.094395102393,0.,2.094395102393,4.188790204786,
6.28318530718,8.377580409573),.UNSPECIFIED.) CURVE() 
GEOMETRIC_REPRESENTATION_ITEM() RATIONAL_B_SPLINE_CURVE((1.,0.5,1.,0.5,
1.,0.5,1.)) REPRESENTATION_ITEM('') );
#6659 = CARTESIAN_POINT('',(37.5,13.9));
#6660 = CARTESIAN_POINT('',(37.5,16.844486372867));
#6661 = CARTESIAN_POINT('',(40.05,15.372243186434));
#6662 = CARTESIAN_POINT('',(42.6,13.9));
#6663 = CARTESIAN_POINT('',(40.05,12.427756813566));
#6664 = CARTESIAN_POINT('',(37.5,10.955513627133));
#6665 = CARTESIAN_POINT('',(37.5,13.9));
#6666 = ( GEOMETRIC_REPRESENTATION_CONTEXT(2) 
PARAMETRIC_REPRESENTATION_CONTEXT() REPRESENTATION_CONTEXT('2D SPACE',''
  ) );
#6667 = PCURVE('',#6167,#6668);
#6668 = DEFINITIONAL_REPRESENTATION('',(#6669),#6673);
#6669 = LINE('',#6670,#6671);
#6670 = CARTESIAN_POINT('',(0.,-3.5));
#6671 = VECTOR('',#6672,1.);
#6672 = DIRECTION('',(1.,0.));
#6673 = ( GEOMETRIC_REPRESENTATION_CONTEXT(2) 
PARAMETRIC_REPRESENTATION_CONTEXT() REPRESENTATION_CONTEXT('2D SPACE',''
  ) );
#6674 = ORIENTED_EDGE('',*,*,#6675,.F.);
#6675 = EDGE_CURVE('',#6676,#6648,#6678,.T.);
#6676 = VERTEX_POINT('',#6677);
#6677 = CARTESIAN_POINT('',(34.3,-1.3,79.5));
#6678 = SURFACE_CURVE('',#6679,(#6683,#6690),.PCURVE_S1.);
#6679 = LINE('',#6680,#6681);
#6680 = CARTESIAN_POINT('',(34.3,-5.65,79.5));
#6681 = VECTOR('',#6682,1.);
#6682 = DIRECTION('',(1.110223024625E-16,1.,-0.));
#6683 = PCURVE('',#5769,#6684);
#6684 = DEFINITIONAL_REPRESENTATION('',(#6685),#6689);
#6685 = LINE('',#6686,#6687);
#6686 = CARTESIAN_POINT('',(40.9,6.95));
#6687 = VECTOR('',#6688,1.);
#6688 = DIRECTION('',(1.110223024625E-16,1.));
#6689 = ( GEOMETRIC_REPRESENTATION_CONTEXT(2) 
PARAMETRIC_REPRESENTATION_CONTEXT() REPRESENTATION_CONTEXT('2D SPACE',''
  ) );
#6690 = PCURVE('',#6195,#6691);
#6691 = DEFINITIONAL_REPRESENTATION('',(#6692),#6696);
#6692 = LINE('',#6693,#6694);
#6693 = CARTESIAN_POINT('',(6.95,-3.5));
#6694 = VECTOR('',#6695,1.);
#6695 = DIRECTION('',(-1.,0.));
#6696 = ( GEOMETRIC_REPRESENTATION_CONTEXT(2) 
PARAMETRIC_REPRESENTATION_CONTEXT() REPRESENTATION_CONTEXT('2D SPACE',''
  ) );
#6697 = ORIENTED_EDGE('',*,*,#6698,.T.);
#6698 = EDGE_CURVE('',#6676,#6625,#6699,.T.);
#6699 = SURFACE_CURVE('',#6700,(#6705,#6716),.PCURVE_S1.);
#6700 = CIRCLE('',#6701,1.7);
#6701 = AXIS2_PLACEMENT_3D('',#6702,#6703,#6704);
#6702 = CARTESIAN_POINT('',(32.6,-1.3,79.5));
#6703 = DIRECTION('',(-0.,0.,-1.));
#6704 = DIRECTION('',(1.,-2.416367759478E-16,-0.));
#6705 = PCURVE('',#5769,#6706);
#6706 = DEFINITIONAL_REPRESENTATION('',(#6707),#6715);
#6707 = ( BOUNDED_CURVE() B_SPLINE_CURVE(2,(#6708,#6709,#6710,#6711,
#6712,#6713,#6714),.UNSPECIFIED.,.T.,.F.) B_SPLINE_CURVE_WITH_KNOTS((1,2
    ,2,2,2,1),(-2.094395102393,0.,2.094395102393,4.188790204786,
6.28318530718,8.377580409573),.UNSPECIFIED.) CURVE() 
GEOMETRIC_REPRESENTATION_ITEM() RATIONAL_B_SPLINE_CURVE((1.,0.5,1.,0.5,
1.,0.5,1.)) REPRESENTATION_ITEM('') );
#6708 = CARTESIAN_POINT('',(40.9,11.3));
#6709 = CARTESIAN_POINT('',(40.9,8.355513627133));
#6710 = CARTESIAN_POINT('',(38.35,9.827756813566));
#6711 = CARTESIAN_POINT('',(35.8,11.3));
#6712 = CARTESIAN_POINT('',(38.35,12.772243186434));
#6713 = CARTESIAN_POINT('',(40.9,14.244486372867));
#6714 = CARTESIAN_POINT('',(40.9,11.3));
#6715 = ( GEOMETRIC_REPRESENTATION_CONTEXT(2) 
PARAMETRIC_REPRESENTATION_CONTEXT() REPRESENTATION_CONTEXT('2D SPACE',''
  ) );
#6716 = PCURVE('',#6226,#6717);
#6717 = DEFINITIONAL_REPRESENTATION('',(#6718),#6722);
#6718 = LINE('',#6719,#6720);
#6719 = CARTESIAN_POINT('',(0.,-3.5));
#6720 = VECTOR('',#6721,1.);
#6721 = DIRECTION('',(1.,0.));
#6722 = ( GEOMETRIC_REPRESENTATION_CONTEXT(2) 
PARAMETRIC_REPRESENTATION_CONTEXT() REPRESENTATION_CONTEXT('2D SPACE',''
  ) );
#6723 = ADVANCED_FACE('',(#6724),#5797,.F.);
#6724 = FACE_BOUND('',#6725,.F.);
#6725 = EDGE_LOOP('',(#6726,#6727,#6728,#6751));
#6726 = ORIENTED_EDGE('',*,*,#5781,.F.);
#6727 = ORIENTED_EDGE('',*,*,#6315,.F.);
#6728 = ORIENTED_EDGE('',*,*,#6729,.T.);
#6729 = EDGE_CURVE('',#6316,#6730,#6732,.T.);
#6730 = VERTEX_POINT('',#6731);
#6731 = CARTESIAN_POINT('',(0.4,-9.6,87.5));
#6732 = SURFACE_CURVE('',#6733,(#6737,#6744),.PCURVE_S1.);
#6733 = LINE('',#6734,#6735);
#6734 = CARTESIAN_POINT('',(0.4,-9.6,78.25));
#6735 = VECTOR('',#6736,1.);
#6736 = DIRECTION('',(0.,0.,1.));
#6737 = PCURVE('',#5797,#6738);
#6738 = DEFINITIONAL_REPRESENTATION('',(#6739),#6743);
#6739 = LINE('',#6740,#6741);
#6740 = CARTESIAN_POINT('',(1.25,-3.));
#6741 = VECTOR('',#6742,1.);
#6742 = DIRECTION('',(1.,0.));
#6743 = ( GEOMETRIC_REPRESENTATION_CONTEXT(2) 
PARAMETRIC_REPRESENTATION_CONTEXT() REPRESENTATION_CONTEXT('2D SPACE',''
  ) );
#6744 = PCURVE('',#6354,#6745);
#6745 = DEFINITIONAL_REPRESENTATION('',(#6746),#6750);
#6746 = LINE('',#6747,#6748);
#6747 = CARTESIAN_POINT('',(-1.25,1.));
#6748 = VECTOR('',#6749,1.);
#6749 = DIRECTION('',(1.,0.));
#6750 = ( GEOMETRIC_REPRESENTATION_CONTEXT(2) 
PARAMETRIC_REPRESENTATION_CONTEXT() REPRESENTATION_CONTEXT('2D SPACE',''
  ) );
#6751 = ORIENTED_EDGE('',*,*,#6752,.F.);
#6752 = EDGE_CURVE('',#5782,#6730,#6753,.T.);
#6753 = SURFACE_CURVE('',#6754,(#6758,#6765),.PCURVE_S1.);
#6754 = LINE('',#6755,#6756);
#6755 = CARTESIAN_POINT('',(0.4,-12.6,87.5));
#6756 = VECTOR('',#6757,1.);
#6757 = DIRECTION('',(0.,1.,0.));
#6758 = PCURVE('',#5797,#6759);
#6759 = DEFINITIONAL_REPRESENTATION('',(#6760),#6764);
#6760 = LINE('',#6761,#6762);
#6761 = CARTESIAN_POINT('',(10.5,0.));
#6762 = VECTOR('',#6763,1.);
#6763 = DIRECTION('',(0.,-1.));
#6764 = ( GEOMETRIC_REPRESENTATION_CONTEXT(2) 
PARAMETRIC_REPRESENTATION_CONTEXT() REPRESENTATION_CONTEXT('2D SPACE',''
  ) );
#6765 = PCURVE('',#5825,#6766);
#6766 = DEFINITIONAL_REPRESENTATION('',(#6767),#6771);
#6767 = LINE('',#6768,#6769);
#6768 = CARTESIAN_POINT('',(0.,0.));
#6769 = VECTOR('',#6770,1.);
#6770 = DIRECTION('',(0.,1.));
#6771 = ( GEOMETRIC_REPRESENTATION_CONTEXT(2) 
PARAMETRIC_REPRESENTATION_CONTEXT() REPRESENTATION_CONTEXT('2D SPACE',''
  ) );
#6772 = ADVANCED_FACE('',(#6773),#5825,.T.);
#6773 = FACE_BOUND('',#6774,.T.);
#6774 = EDGE_LOOP('',(#6775,#6776,#6777,#6800));
#6775 = ORIENTED_EDGE('',*,*,#6752,.F.);
#6776 = ORIENTED_EDGE('',*,*,#5809,.T.);
#6777 = ORIENTED_EDGE('',*,*,#6778,.T.);
#6778 = EDGE_CURVE('',#5810,#6779,#6781,.T.);
#6779 = VERTEX_POINT('',#6780);
#6780 = CARTESIAN_POINT('',(29.6,-9.6,87.5));
#6781 = SURFACE_CURVE('',#6782,(#6786,#6793),.PCURVE_S1.);
#6782 = LINE('',#6783,#6784);
#6783 = CARTESIAN_POINT('',(29.6,-12.6,87.5));
#6784 = VECTOR('',#6785,1.);
#6785 = DIRECTION('',(0.,1.,0.));
#6786 = PCURVE('',#5825,#6787);
#6787 = DEFINITIONAL_REPRESENTATION('',(#6788),#6792);
#6788 = LINE('',#6789,#6790);
#6789 = CARTESIAN_POINT('',(29.2,0.));
#6790 = VECTOR('',#6791,1.);
#6791 = DIRECTION('',(0.,1.));
#6792 = ( GEOMETRIC_REPRESENTATION_CONTEXT(2) 
PARAMETRIC_REPRESENTATION_CONTEXT() REPRESENTATION_CONTEXT('2D SPACE',''
  ) );
#6793 = PCURVE('',#5853,#6794);
#6794 = DEFINITIONAL_REPRESENTATION('',(#6795),#6799);
#6795 = LINE('',#6796,#6797);
#6796 = CARTESIAN_POINT('',(10.5,0.));
#6797 = VECTOR('',#6798,1.);
#6798 = DIRECTION('',(0.,-1.));
#6799 = ( GEOMETRIC_REPRESENTATION_CONTEXT(2) 
PARAMETRIC_REPRESENTATION_CONTEXT() REPRESENTATION_CONTEXT('2D SPACE',''
  ) );
#6800 = ORIENTED_EDGE('',*,*,#6801,.T.);
#6801 = EDGE_CURVE('',#6779,#6730,#6802,.T.);
#6802 = SURFACE_CURVE('',#6803,(#6807,#6814),.PCURVE_S1.);
#6803 = LINE('',#6804,#6805);
#6804 = CARTESIAN_POINT('',(29.6,-9.6,87.5));
#6805 = VECTOR('',#6806,1.);
#6806 = DIRECTION('',(-1.,0.,0.));
#6807 = PCURVE('',#5825,#6808);
#6808 = DEFINITIONAL_REPRESENTATION('',(#6809),#6813);
#6809 = LINE('',#6810,#6811);
#6810 = CARTESIAN_POINT('',(29.2,3.));
#6811 = VECTOR('',#6812,1.);
#6812 = DIRECTION('',(-1.,0.));
#6813 = ( GEOMETRIC_REPRESENTATION_CONTEXT(2) 
PARAMETRIC_REPRESENTATION_CONTEXT() REPRESENTATION_CONTEXT('2D SPACE',''
  ) );
#6814 = PCURVE('',#6354,#6815);
#6815 = DEFINITIONAL_REPRESENTATION('',(#6816),#6820);
#6816 = LINE('',#6817,#6818);
#6817 = CARTESIAN_POINT('',(8.,30.2));
#6818 = VECTOR('',#6819,1.);
#6819 = DIRECTION('',(0.,-1.));
#6820 = ( GEOMETRIC_REPRESENTATION_CONTEXT(2) 
PARAMETRIC_REPRESENTATION_CONTEXT() REPRESENTATION_CONTEXT('2D SPACE',''
  ) );
#6821 = ADVANCED_FACE('',(#6822),#5853,.T.);
#6822 = FACE_BOUND('',#6823,.T.);
#6823 = EDGE_LOOP('',(#6824,#6825,#6826,#6847));
#6824 = ORIENTED_EDGE('',*,*,#5837,.F.);
#6825 = ORIENTED_EDGE('',*,*,#6366,.F.);
#6826 = ORIENTED_EDGE('',*,*,#6827,.T.);
#6827 = EDGE_CURVE('',#6339,#6779,#6828,.T.);
#6828 = SURFACE_CURVE('',#6829,(#6833,#6840),.PCURVE_S1.);
#6829 = LINE('',#6830,#6831);
#6830 = CARTESIAN_POINT('',(29.6,-9.6,78.25));
#6831 = VECTOR('',#6832,1.);
#6832 = DIRECTION('',(0.,0.,1.));
#6833 = PCURVE('',#5853,#6834);
#6834 = DEFINITIONAL_REPRESENTATION('',(#6835),#6839);
#6835 = LINE('',#6836,#6837);
#6836 = CARTESIAN_POINT('',(1.25,-3.));
#6837 = VECTOR('',#6838,1.);
#6838 = DIRECTION('',(1.,0.));
#6839 = ( GEOMETRIC_REPRESENTATION_CONTEXT(2) 
PARAMETRIC_REPRESENTATION_CONTEXT() REPRESENTATION_CONTEXT('2D SPACE',''
  ) );
#6840 = PCURVE('',#6354,#6841);
#6841 = DEFINITIONAL_REPRESENTATION('',(#6842),#6846);
#6842 = LINE('',#6843,#6844);
#6843 = CARTESIAN_POINT('',(-1.25,30.2));
#6844 = VECTOR('',#6845,1.);
#6845 = DIRECTION('',(1.,0.));
#6846 = ( GEOMETRIC_REPRESENTATION_CONTEXT(2) 
PARAMETRIC_REPRESENTATION_CONTEXT() REPRESENTATION_CONTEXT('2D SPACE',''
  ) );
#6847 = ORIENTED_EDGE('',*,*,#6778,.F.);
#6848 = ADVANCED_FACE('',(#6849),#5902,.T.);
#6849 = FACE_BOUND('',#6850,.T.);
#6850 = EDGE_LOOP('',(#6851,#6852,#6853,#6874));
#6851 = ORIENTED_EDGE('',*,*,#5888,.F.);
#6852 = ORIENTED_EDGE('',*,*,#5969,.T.);
#6853 = ORIENTED_EDGE('',*,*,#6854,.T.);
#6854 = EDGE_CURVE('',#5920,#6389,#6855,.T.);
#6855 = SURFACE_CURVE('',#6856,(#6860,#6867),.PCURVE_S1.);
#6856 = LINE('',#6857,#6858);
#6857 = CARTESIAN_POINT('',(36.6,12.6,77.));
#6858 = VECTOR('',#6859,1.);
#6859 = DIRECTION('',(0.,0.,1.));
#6860 = PCURVE('',#5902,#6861);
#6861 = DEFINITIONAL_REPRESENTATION('',(#6862),#6866);
#6862 = LINE('',#6863,#6864);
#6863 = CARTESIAN_POINT('',(0.,-25.2));
#6864 = VECTOR('',#6865,1.);
#6865 = DIRECTION('',(1.,0.));
#6866 = ( GEOMETRIC_REPRESENTATION_CONTEXT(2) 
PARAMETRIC_REPRESENTATION_CONTEXT() REPRESENTATION_CONTEXT('2D SPACE',''
  ) );
#6867 = PCURVE('',#5935,#6868);
#6868 = DEFINITIONAL_REPRESENTATION('',(#6869),#6873);
#6869 = LINE('',#6870,#6871);
#6870 = CARTESIAN_POINT('',(0.,36.2));
#6871 = VECTOR('',#6872,1.);
#6872 = DIRECTION('',(1.,0.));
#6873 = ( GEOMETRIC_REPRESENTATION_CONTEXT(2) 
PARAMETRIC_REPRESENTATION_CONTEXT() REPRESENTATION_CONTEXT('2D SPACE',''
  ) );
#6874 = ORIENTED_EDGE('',*,*,#6388,.F.);
#6875 = ADVANCED_FACE('',(#6876),#5935,.T.);
#6876 = FACE_BOUND('',#6877,.T.);
#6877 = EDGE_LOOP('',(#6878,#6879,#6880,#6881,#6904,#6932,#6953,#6954));
#6878 = ORIENTED_EDGE('',*,*,#5917,.F.);
#6879 = ORIENTED_EDGE('',*,*,#6243,.T.);
#6880 = ORIENTED_EDGE('',*,*,#6290,.T.);
#6881 = ORIENTED_EDGE('',*,*,#6882,.F.);
#6882 = EDGE_CURVE('',#6883,#6291,#6885,.T.);
#6883 = VERTEX_POINT('',#6884);
#6884 = CARTESIAN_POINT('',(0.4,12.6,87.5));
#6885 = SURFACE_CURVE('',#6886,(#6890,#6897),.PCURVE_S1.);
#6886 = LINE('',#6887,#6888);
#6887 = CARTESIAN_POINT('',(0.4,12.6,87.5));
#6888 = VECTOR('',#6889,1.);
#6889 = DIRECTION('',(0.,0.,-1.));
#6890 = PCURVE('',#5935,#6891);
#6891 = DEFINITIONAL_REPRESENTATION('',(#6892),#6896);
#6892 = LINE('',#6893,#6894);
#6893 = CARTESIAN_POINT('',(10.5,0.));
#6894 = VECTOR('',#6895,1.);
#6895 = DIRECTION('',(-1.,0.));
#6896 = ( GEOMETRIC_REPRESENTATION_CONTEXT(2) 
PARAMETRIC_REPRESENTATION_CONTEXT() REPRESENTATION_CONTEXT('2D SPACE',''
  ) );
#6897 = PCURVE('',#6504,#6898);
#6898 = DEFINITIONAL_REPRESENTATION('',(#6899),#6903);
#6899 = LINE('',#6900,#6901);
#6900 = CARTESIAN_POINT('',(10.5,-25.2));
#6901 = VECTOR('',#6902,1.);
#6902 = DIRECTION('',(-1.,0.));
#6903 = ( GEOMETRIC_REPRESENTATION_CONTEXT(2) 
PARAMETRIC_REPRESENTATION_CONTEXT() REPRESENTATION_CONTEXT('2D SPACE',''
  ) );
#6904 = ORIENTED_EDGE('',*,*,#6905,.T.);
#6905 = EDGE_CURVE('',#6883,#6906,#6908,.T.);
#6906 = VERTEX_POINT('',#6907);
#6907 = CARTESIAN_POINT('',(29.6,12.6,87.5));
#6908 = SURFACE_CURVE('',#6909,(#6913,#6920),.PCURVE_S1.);
#6909 = LINE('',#6910,#6911);
#6910 = CARTESIAN_POINT('',(0.4,12.6,87.5));
#6911 = VECTOR('',#6912,1.);
#6912 = DIRECTION('',(1.,0.,0.));
#6913 = PCURVE('',#5935,#6914);
#6914 = DEFINITIONAL_REPRESENTATION('',(#6915),#6919);
#6915 = LINE('',#6916,#6917);
#6916 = CARTESIAN_POINT('',(10.5,0.));
#6917 = VECTOR('',#6918,1.);
#6918 = DIRECTION('',(0.,1.));
#6919 = ( GEOMETRIC_REPRESENTATION_CONTEXT(2) 
PARAMETRIC_REPRESENTATION_CONTEXT() REPRESENTATION_CONTEXT('2D SPACE',''
  ) );
#6920 = PCURVE('',#6921,#6926);
#6921 = PLANE('',#6922);
#6922 = AXIS2_PLACEMENT_3D('',#6923,#6924,#6925);
#6923 = CARTESIAN_POINT('',(0.4,-12.6,87.5));
#6924 = DIRECTION('',(0.,0.,1.));
#6925 = DIRECTION('',(1.,0.,-0.));
#6926 = DEFINITIONAL_REPRESENTATION('',(#6927),#6931);
#6927 = LINE('',#6928,#6929);
#6928 = CARTESIAN_POINT('',(0.,25.2));
#6929 = VECTOR('',#6930,1.);
#6930 = DIRECTION('',(1.,0.));
#6931 = ( GEOMETRIC_REPRESENTATION_CONTEXT(2) 
PARAMETRIC_REPRESENTATION_CONTEXT() REPRESENTATION_CONTEXT('2D SPACE',''
  ) );
#6932 = ORIENTED_EDGE('',*,*,#6933,.T.);
#6933 = EDGE_CURVE('',#6906,#6412,#6934,.T.);
#6934 = SURFACE_CURVE('',#6935,(#6939,#6946),.PCURVE_S1.);
#6935 = LINE('',#6936,#6937);
#6936 = CARTESIAN_POINT('',(29.6,12.6,87.5));
#6937 = VECTOR('',#6938,1.);
#6938 = DIRECTION('',(0.,0.,-1.));
#6939 = PCURVE('',#5935,#6940);
#6940 = DEFINITIONAL_REPRESENTATION('',(#6941),#6945);
#6941 = LINE('',#6942,#6943);
#6942 = CARTESIAN_POINT('',(10.5,29.2));
#6943 = VECTOR('',#6944,1.);
#6944 = DIRECTION('',(-1.,0.));
#6945 = ( GEOMETRIC_REPRESENTATION_CONTEXT(2) 
PARAMETRIC_REPRESENTATION_CONTEXT() REPRESENTATION_CONTEXT('2D SPACE',''
  ) );
#6946 = PCURVE('',#6450,#6947);
#6947 = DEFINITIONAL_REPRESENTATION('',(#6948),#6952);
#6948 = LINE('',#6949,#6950);
#6949 = CARTESIAN_POINT('',(10.5,-25.2));
#6950 = VECTOR('',#6951,1.);
#6951 = DIRECTION('',(-1.,0.));
#6952 = ( GEOMETRIC_REPRESENTATION_CONTEXT(2) 
PARAMETRIC_REPRESENTATION_CONTEXT() REPRESENTATION_CONTEXT('2D SPACE',''
  ) );
#6953 = ORIENTED_EDGE('',*,*,#6411,.T.);
#6954 = ORIENTED_EDGE('',*,*,#6854,.F.);
#6955 = ADVANCED_FACE('',(#6956),#6010,.F.);
#6956 = FACE_BOUND('',#6957,.F.);
#6957 = EDGE_LOOP('',(#6958,#6959,#6980,#6981));
#6958 = ORIENTED_EDGE('',*,*,#5992,.T.);
#6959 = ORIENTED_EDGE('',*,*,#6960,.T.);
#6960 = EDGE_CURVE('',#5995,#6521,#6961,.T.);
#6961 = SURFACE_CURVE('',#6962,(#6966,#6973),.PCURVE_S1.);
#6962 = LINE('',#6963,#6964);
#6963 = CARTESIAN_POINT('',(-4.3,-1.3,76.));
#6964 = VECTOR('',#6965,1.);
#6965 = DIRECTION('',(0.,0.,1.));
#6966 = PCURVE('',#6010,#6967);
#6967 = DEFINITIONAL_REPRESENTATION('',(#6968),#6972);
#6968 = LINE('',#6969,#6970);
#6969 = CARTESIAN_POINT('',(0.,0.));
#6970 = VECTOR('',#6971,1.);
#6971 = DIRECTION('',(0.,-1.));
#6972 = ( GEOMETRIC_REPRESENTATION_CONTEXT(2) 
PARAMETRIC_REPRESENTATION_CONTEXT() REPRESENTATION_CONTEXT('2D SPACE',''
  ) );
#6973 = PCURVE('',#6102,#6974);
#6974 = DEFINITIONAL_REPRESENTATION('',(#6975),#6979);
#6975 = LINE('',#6976,#6977);
#6976 = CARTESIAN_POINT('',(3.14159265359,0.));
#6977 = VECTOR('',#6978,1.);
#6978 = DIRECTION('',(0.,-1.));
#6979 = ( GEOMETRIC_REPRESENTATION_CONTEXT(2) 
PARAMETRIC_REPRESENTATION_CONTEXT() REPRESENTATION_CONTEXT('2D SPACE',''
  ) );
#6980 = ORIENTED_EDGE('',*,*,#6518,.F.);
#6981 = ORIENTED_EDGE('',*,*,#6982,.F.);
#6982 = EDGE_CURVE('',#5993,#6519,#6983,.T.);
#6983 = SURFACE_CURVE('',#6984,(#6988,#6995),.PCURVE_S1.);
#6984 = LINE('',#6985,#6986);
#6985 = CARTESIAN_POINT('',(-4.3,1.3,76.));
#6986 = VECTOR('',#6987,1.);
#6987 = DIRECTION('',(0.,0.,1.));
#6988 = PCURVE('',#6010,#6989);
#6989 = DEFINITIONAL_REPRESENTATION('',(#6990),#6994);
#6990 = LINE('',#6991,#6992);
#6991 = CARTESIAN_POINT('',(2.6,0.));
#6992 = VECTOR('',#6993,1.);
#6993 = DIRECTION('',(0.,-1.));
#6994 = ( GEOMETRIC_REPRESENTATION_CONTEXT(2) 
PARAMETRIC_REPRESENTATION_CONTEXT() REPRESENTATION_CONTEXT('2D SPACE',''
  ) );
#6995 = PCURVE('',#6043,#6996);
#6996 = DEFINITIONAL_REPRESENTATION('',(#6997),#7001);
#6997 = LINE('',#6998,#6999);
#6998 = CARTESIAN_POINT('',(0.,0.));
#6999 = VECTOR('',#7000,1.);
#7000 = DIRECTION('',(0.,-1.));
#7001 = ( GEOMETRIC_REPRESENTATION_CONTEXT(2) 
PARAMETRIC_REPRESENTATION_CONTEXT() REPRESENTATION_CONTEXT('2D SPACE',''
  ) );
#7002 = ADVANCED_FACE('',(#7003),#6043,.F.);
#7003 = FACE_BOUND('',#7004,.F.);
#7004 = EDGE_LOOP('',(#7005,#7006,#7007,#7008));
#7005 = ORIENTED_EDGE('',*,*,#6022,.F.);
#7006 = ORIENTED_EDGE('',*,*,#6982,.T.);
#7007 = ORIENTED_EDGE('',*,*,#6543,.T.);
#7008 = ORIENTED_EDGE('',*,*,#7009,.F.);
#7009 = EDGE_CURVE('',#6023,#6544,#7010,.T.);
#7010 = SURFACE_CURVE('',#7011,(#7015,#7022),.PCURVE_S1.);
#7011 = LINE('',#7012,#7013);
#7012 = CARTESIAN_POINT('',(-0.9,1.3,76.));
#7013 = VECTOR('',#7014,1.);
#7014 = DIRECTION('',(0.,0.,1.));
#7015 = PCURVE('',#6043,#7016);
#7016 = DEFINITIONAL_REPRESENTATION('',(#7017),#7021);
#7017 = LINE('',#7018,#7019);
#7018 = CARTESIAN_POINT('',(3.14159265359,0.));
#7019 = VECTOR('',#7020,1.);
#7020 = DIRECTION('',(0.,-1.));
#7021 = ( GEOMETRIC_REPRESENTATION_CONTEXT(2) 
PARAMETRIC_REPRESENTATION_CONTEXT() REPRESENTATION_CONTEXT('2D SPACE',''
  ) );
#7022 = PCURVE('',#6071,#7023);
#7023 = DEFINITIONAL_REPRESENTATION('',(#7024),#7028);
#7024 = LINE('',#7025,#7026);
#7025 = CARTESIAN_POINT('',(0.,0.));
#7026 = VECTOR('',#7027,1.);
#7027 = DIRECTION('',(0.,-1.));
#7028 = ( GEOMETRIC_REPRESENTATION_CONTEXT(2) 
PARAMETRIC_REPRESENTATION_CONTEXT() REPRESENTATION_CONTEXT('2D SPACE',''
  ) );
#7029 = ADVANCED_FACE('',(#7030),#6102,.F.);
#7030 = FACE_BOUND('',#7031,.F.);
#7031 = EDGE_LOOP('',(#7032,#7033,#7054,#7055));
#7032 = ORIENTED_EDGE('',*,*,#6083,.F.);
#7033 = ORIENTED_EDGE('',*,*,#7034,.T.);
#7034 = EDGE_CURVE('',#6056,#6572,#7035,.T.);
#7035 = SURFACE_CURVE('',#7036,(#7040,#7047),.PCURVE_S1.);
#7036 = LINE('',#7037,#7038);
#7037 = CARTESIAN_POINT('',(-0.9,-1.3,76.));
#7038 = VECTOR('',#7039,1.);
#7039 = DIRECTION('',(0.,0.,1.));
#7040 = PCURVE('',#6102,#7041);
#7041 = DEFINITIONAL_REPRESENTATION('',(#7042),#7046);
#7042 = LINE('',#7043,#7044);
#7043 = CARTESIAN_POINT('',(0.,0.));
#7044 = VECTOR('',#7045,1.);
#7045 = DIRECTION('',(0.,-1.));
#7046 = ( GEOMETRIC_REPRESENTATION_CONTEXT(2) 
PARAMETRIC_REPRESENTATION_CONTEXT() REPRESENTATION_CONTEXT('2D SPACE',''
  ) );
#7047 = PCURVE('',#6071,#7048);
#7048 = DEFINITIONAL_REPRESENTATION('',(#7049),#7053);
#7049 = LINE('',#7050,#7051);
#7050 = CARTESIAN_POINT('',(2.6,0.));
#7051 = VECTOR('',#7052,1.);
#7052 = DIRECTION('',(0.,-1.));
#7053 = ( GEOMETRIC_REPRESENTATION_CONTEXT(2) 
PARAMETRIC_REPRESENTATION_CONTEXT() REPRESENTATION_CONTEXT('2D SPACE',''
  ) );
#7054 = ORIENTED_EDGE('',*,*,#6594,.T.);
#7055 = ORIENTED_EDGE('',*,*,#6960,.F.);
#7056 = ADVANCED_FACE('',(#7057),#6071,.F.);
#7057 = FACE_BOUND('',#7058,.F.);
#7058 = EDGE_LOOP('',(#7059,#7060,#7061,#7062));
#7059 = ORIENTED_EDGE('',*,*,#6055,.T.);
#7060 = ORIENTED_EDGE('',*,*,#7009,.T.);
#7061 = ORIENTED_EDGE('',*,*,#6571,.F.);
#7062 = ORIENTED_EDGE('',*,*,#7034,.F.);
#7063 = ADVANCED_FACE('',(#7064),#6134,.F.);
#7064 = FACE_BOUND('',#7065,.F.);
#7065 = EDGE_LOOP('',(#7066,#7067,#7088,#7089));
#7066 = ORIENTED_EDGE('',*,*,#6116,.T.);
#7067 = ORIENTED_EDGE('',*,*,#7068,.T.);
#7068 = EDGE_CURVE('',#6119,#6625,#7069,.T.);
#7069 = SURFACE_CURVE('',#7070,(#7074,#7081),.PCURVE_S1.);
#7070 = LINE('',#7071,#7072);
#7071 = CARTESIAN_POINT('',(30.9,-1.3,76.));
#7072 = VECTOR('',#7073,1.);
#7073 = DIRECTION('',(0.,0.,1.));
#7074 = PCURVE('',#6134,#7075);
#7075 = DEFINITIONAL_REPRESENTATION('',(#7076),#7080);
#7076 = LINE('',#7077,#7078);
#7077 = CARTESIAN_POINT('',(0.,0.));
#7078 = VECTOR('',#7079,1.);
#7079 = DIRECTION('',(0.,-1.));
#7080 = ( GEOMETRIC_REPRESENTATION_CONTEXT(2) 
PARAMETRIC_REPRESENTATION_CONTEXT() REPRESENTATION_CONTEXT('2D SPACE',''
  ) );
#7081 = PCURVE('',#6226,#7082);
#7082 = DEFINITIONAL_REPRESENTATION('',(#7083),#7087);
#7083 = LINE('',#7084,#7085);
#7084 = CARTESIAN_POINT('',(3.14159265359,0.));
#7085 = VECTOR('',#7086,1.);
#7086 = DIRECTION('',(0.,-1.));
#7087 = ( GEOMETRIC_REPRESENTATION_CONTEXT(2) 
PARAMETRIC_REPRESENTATION_CONTEXT() REPRESENTATION_CONTEXT('2D SPACE',''
  ) );
#7088 = ORIENTED_EDGE('',*,*,#6622,.F.);
#7089 = ORIENTED_EDGE('',*,*,#7090,.F.);
#7090 = EDGE_CURVE('',#6117,#6623,#7091,.T.);
#7091 = SURFACE_CURVE('',#7092,(#7096,#7103),.PCURVE_S1.);
#7092 = LINE('',#7093,#7094);
#7093 = CARTESIAN_POINT('',(30.9,1.3,76.));
#7094 = VECTOR('',#7095,1.);
#7095 = DIRECTION('',(0.,0.,1.));
#7096 = PCURVE('',#6134,#7097);
#7097 = DEFINITIONAL_REPRESENTATION('',(#7098),#7102);
#7098 = LINE('',#7099,#7100);
#7099 = CARTESIAN_POINT('',(2.6,0.));
#7100 = VECTOR('',#7101,1.);
#7101 = DIRECTION('',(0.,-1.));
#7102 = ( GEOMETRIC_REPRESENTATION_CONTEXT(2) 
PARAMETRIC_REPRESENTATION_CONTEXT() REPRESENTATION_CONTEXT('2D SPACE',''
  ) );
#7103 = PCURVE('',#6167,#7104);
#7104 = DEFINITIONAL_REPRESENTATION('',(#7105),#7109);
#7105 = LINE('',#7106,#7107);
#7106 = CARTESIAN_POINT('',(0.,0.));
#7107 = VECTOR('',#7108,1.);
#7108 = DIRECTION('',(0.,-1.));
#7109 = ( GEOMETRIC_REPRESENTATION_CONTEXT(2) 
PARAMETRIC_REPRESENTATION_CONTEXT() REPRESENTATION_CONTEXT('2D SPACE',''
  ) );
#7110 = ADVANCED_FACE('',(#7111),#6226,.F.);
#7111 = FACE_BOUND('',#7112,.F.);
#7112 = EDGE_LOOP('',(#7113,#7114,#7135,#7136));
#7113 = ORIENTED_EDGE('',*,*,#6207,.F.);
#7114 = ORIENTED_EDGE('',*,*,#7115,.T.);
#7115 = EDGE_CURVE('',#6180,#6676,#7116,.T.);
#7116 = SURFACE_CURVE('',#7117,(#7121,#7128),.PCURVE_S1.);
#7117 = LINE('',#7118,#7119);
#7118 = CARTESIAN_POINT('',(34.3,-1.3,76.));
#7119 = VECTOR('',#7120,1.);
#7120 = DIRECTION('',(0.,0.,1.));
#7121 = PCURVE('',#6226,#7122);
#7122 = DEFINITIONAL_REPRESENTATION('',(#7123),#7127);
#7123 = LINE('',#7124,#7125);
#7124 = CARTESIAN_POINT('',(0.,0.));
#7125 = VECTOR('',#7126,1.);
#7126 = DIRECTION('',(0.,-1.));
#7127 = ( GEOMETRIC_REPRESENTATION_CONTEXT(2) 
PARAMETRIC_REPRESENTATION_CONTEXT() REPRESENTATION_CONTEXT('2D SPACE',''
  ) );
#7128 = PCURVE('',#6195,#7129);
#7129 = DEFINITIONAL_REPRESENTATION('',(#7130),#7134);
#7130 = LINE('',#7131,#7132);
#7131 = CARTESIAN_POINT('',(2.6,0.));
#7132 = VECTOR('',#7133,1.);
#7133 = DIRECTION('',(0.,-1.));
#7134 = ( GEOMETRIC_REPRESENTATION_CONTEXT(2) 
PARAMETRIC_REPRESENTATION_CONTEXT() REPRESENTATION_CONTEXT('2D SPACE',''
  ) );
#7135 = ORIENTED_EDGE('',*,*,#6698,.T.);
#7136 = ORIENTED_EDGE('',*,*,#7068,.F.);
#7137 = ADVANCED_FACE('',(#7138),#6195,.F.);
#7138 = FACE_BOUND('',#7139,.F.);
#7139 = EDGE_LOOP('',(#7140,#7141,#7162,#7163));
#7140 = ORIENTED_EDGE('',*,*,#6179,.T.);
#7141 = ORIENTED_EDGE('',*,*,#7142,.T.);
#7142 = EDGE_CURVE('',#6147,#6648,#7143,.T.);
#7143 = SURFACE_CURVE('',#7144,(#7148,#7155),.PCURVE_S1.);
#7144 = LINE('',#7145,#7146);
#7145 = CARTESIAN_POINT('',(34.3,1.3,76.));
#7146 = VECTOR('',#7147,1.);
#7147 = DIRECTION('',(0.,0.,1.));
#7148 = PCURVE('',#6195,#7149);
#7149 = DEFINITIONAL_REPRESENTATION('',(#7150),#7154);
#7150 = LINE('',#7151,#7152);
#7151 = CARTESIAN_POINT('',(0.,0.));
#7152 = VECTOR('',#7153,1.);
#7153 = DIRECTION('',(0.,-1.));
#7154 = ( GEOMETRIC_REPRESENTATION_CONTEXT(2) 
PARAMETRIC_REPRESENTATION_CONTEXT() REPRESENTATION_CONTEXT('2D SPACE',''
  ) );
#7155 = PCURVE('',#6167,#7156);
#7156 = DEFINITIONAL_REPRESENTATION('',(#7157),#7161);
#7157 = LINE('',#7158,#7159);
#7158 = CARTESIAN_POINT('',(3.14159265359,0.));
#7159 = VECTOR('',#7160,1.);
#7160 = DIRECTION('',(0.,-1.));
#7161 = ( GEOMETRIC_REPRESENTATION_CONTEXT(2) 
PARAMETRIC_REPRESENTATION_CONTEXT() REPRESENTATION_CONTEXT('2D SPACE',''
  ) );
#7162 = ORIENTED_EDGE('',*,*,#6675,.F.);
#7163 = ORIENTED_EDGE('',*,*,#7115,.F.);
#7164 = ADVANCED_FACE('',(#7165),#6167,.F.);
#7165 = FACE_BOUND('',#7166,.F.);
#7166 = EDGE_LOOP('',(#7167,#7168,#7169,#7170));
#7167 = ORIENTED_EDGE('',*,*,#6146,.F.);
#7168 = ORIENTED_EDGE('',*,*,#7090,.T.);
#7169 = ORIENTED_EDGE('',*,*,#6647,.T.);
#7170 = ORIENTED_EDGE('',*,*,#7142,.F.);
#7171 = ADVANCED_FACE('',(#7172),#6504,.F.);
#7172 = FACE_BOUND('',#7173,.F.);
#7173 = EDGE_LOOP('',(#7174,#7175,#7176,#7199));
#7174 = ORIENTED_EDGE('',*,*,#6490,.F.);
#7175 = ORIENTED_EDGE('',*,*,#6882,.F.);
#7176 = ORIENTED_EDGE('',*,*,#7177,.F.);
#7177 = EDGE_CURVE('',#7178,#6883,#7180,.T.);
#7178 = VERTEX_POINT('',#7179);
#7179 = CARTESIAN_POINT('',(0.4,9.6,87.5));
#7180 = SURFACE_CURVE('',#7181,(#7185,#7192),.PCURVE_S1.);
#7181 = LINE('',#7182,#7183);
#7182 = CARTESIAN_POINT('',(0.4,-12.6,87.5));
#7183 = VECTOR('',#7184,1.);
#7184 = DIRECTION('',(0.,1.,0.));
#7185 = PCURVE('',#6504,#7186);
#7186 = DEFINITIONAL_REPRESENTATION('',(#7187),#7191);
#7187 = LINE('',#7188,#7189);
#7188 = CARTESIAN_POINT('',(10.5,0.));
#7189 = VECTOR('',#7190,1.);
#7190 = DIRECTION('',(0.,-1.));
#7191 = ( GEOMETRIC_REPRESENTATION_CONTEXT(2) 
PARAMETRIC_REPRESENTATION_CONTEXT() REPRESENTATION_CONTEXT('2D SPACE',''
  ) );
#7192 = PCURVE('',#6921,#7193);
#7193 = DEFINITIONAL_REPRESENTATION('',(#7194),#7198);
#7194 = LINE('',#7195,#7196);
#7195 = CARTESIAN_POINT('',(0.,0.));
#7196 = VECTOR('',#7197,1.);
#7197 = DIRECTION('',(0.,1.));
#7198 = ( GEOMETRIC_REPRESENTATION_CONTEXT(2) 
PARAMETRIC_REPRESENTATION_CONTEXT() REPRESENTATION_CONTEXT('2D SPACE',''
  ) );
#7199 = ORIENTED_EDGE('',*,*,#7200,.F.);
#7200 = EDGE_CURVE('',#6463,#7178,#7201,.T.);
#7201 = SURFACE_CURVE('',#7202,(#7206,#7213),.PCURVE_S1.);
#7202 = LINE('',#7203,#7204);
#7203 = CARTESIAN_POINT('',(0.4,9.6,78.25));
#7204 = VECTOR('',#7205,1.);
#7205 = DIRECTION('',(0.,0.,1.));
#7206 = PCURVE('',#6504,#7207);
#7207 = DEFINITIONAL_REPRESENTATION('',(#7208),#7212);
#7208 = LINE('',#7209,#7210);
#7209 = CARTESIAN_POINT('',(1.25,-22.2));
#7210 = VECTOR('',#7211,1.);
#7211 = DIRECTION('',(1.,0.));
#7212 = ( GEOMETRIC_REPRESENTATION_CONTEXT(2) 
PARAMETRIC_REPRESENTATION_CONTEXT() REPRESENTATION_CONTEXT('2D SPACE',''
  ) );
#7213 = PCURVE('',#6478,#7214);
#7214 = DEFINITIONAL_REPRESENTATION('',(#7215),#7219);
#7215 = LINE('',#7216,#7217);
#7216 = CARTESIAN_POINT('',(-1.25,1.));
#7217 = VECTOR('',#7218,1.);
#7218 = DIRECTION('',(1.,0.));
#7219 = ( GEOMETRIC_REPRESENTATION_CONTEXT(2) 
PARAMETRIC_REPRESENTATION_CONTEXT() REPRESENTATION_CONTEXT('2D SPACE',''
  ) );
#7220 = ADVANCED_FACE('',(#7221),#6478,.F.);
#7221 = FACE_BOUND('',#7222,.F.);
#7222 = EDGE_LOOP('',(#7223,#7246,#7267,#7268));
#7223 = ORIENTED_EDGE('',*,*,#7224,.F.);
#7224 = EDGE_CURVE('',#7225,#7178,#7227,.T.);
#7225 = VERTEX_POINT('',#7226);
#7226 = CARTESIAN_POINT('',(29.6,9.6,87.5));
#7227 = SURFACE_CURVE('',#7228,(#7232,#7239),.PCURVE_S1.);
#7228 = LINE('',#7229,#7230);
#7229 = CARTESIAN_POINT('',(29.6,9.6,87.5));
#7230 = VECTOR('',#7231,1.);
#7231 = DIRECTION('',(-1.,0.,0.));
#7232 = PCURVE('',#6478,#7233);
#7233 = DEFINITIONAL_REPRESENTATION('',(#7234),#7238);
#7234 = LINE('',#7235,#7236);
#7235 = CARTESIAN_POINT('',(8.,30.2));
#7236 = VECTOR('',#7237,1.);
#7237 = DIRECTION('',(0.,-1.));
#7238 = ( GEOMETRIC_REPRESENTATION_CONTEXT(2) 
PARAMETRIC_REPRESENTATION_CONTEXT() REPRESENTATION_CONTEXT('2D SPACE',''
  ) );
#7239 = PCURVE('',#6921,#7240);
#7240 = DEFINITIONAL_REPRESENTATION('',(#7241),#7245);
#7241 = LINE('',#7242,#7243);
#7242 = CARTESIAN_POINT('',(29.2,22.2));
#7243 = VECTOR('',#7244,1.);
#7244 = DIRECTION('',(-1.,0.));
#7245 = ( GEOMETRIC_REPRESENTATION_CONTEXT(2) 
PARAMETRIC_REPRESENTATION_CONTEXT() REPRESENTATION_CONTEXT('2D SPACE',''
  ) );
#7246 = ORIENTED_EDGE('',*,*,#7247,.F.);
#7247 = EDGE_CURVE('',#6435,#7225,#7248,.T.);
#7248 = SURFACE_CURVE('',#7249,(#7253,#7260),.PCURVE_S1.);
#7249 = LINE('',#7250,#7251);
#7250 = CARTESIAN_POINT('',(29.6,9.6,78.25));
#7251 = VECTOR('',#7252,1.);
#7252 = DIRECTION('',(0.,0.,1.));
#7253 = PCURVE('',#6478,#7254);
#7254 = DEFINITIONAL_REPRESENTATION('',(#7255),#7259);
#7255 = LINE('',#7256,#7257);
#7256 = CARTESIAN_POINT('',(-1.25,30.2));
#7257 = VECTOR('',#7258,1.);
#7258 = DIRECTION('',(1.,0.));
#7259 = ( GEOMETRIC_REPRESENTATION_CONTEXT(2) 
PARAMETRIC_REPRESENTATION_CONTEXT() REPRESENTATION_CONTEXT('2D SPACE',''
  ) );
#7260 = PCURVE('',#6450,#7261);
#7261 = DEFINITIONAL_REPRESENTATION('',(#7262),#7266);
#7262 = LINE('',#7263,#7264);
#7263 = CARTESIAN_POINT('',(1.25,-22.2));
#7264 = VECTOR('',#7265,1.);
#7265 = DIRECTION('',(1.,0.));
#7266 = ( GEOMETRIC_REPRESENTATION_CONTEXT(2) 
PARAMETRIC_REPRESENTATION_CONTEXT() REPRESENTATION_CONTEXT('2D SPACE',''
  ) );
#7267 = ORIENTED_EDGE('',*,*,#6462,.T.);
#7268 = ORIENTED_EDGE('',*,*,#7200,.T.);
#7269 = ADVANCED_FACE('',(#7270),#6450,.T.);
#7270 = FACE_BOUND('',#7271,.T.);
#7271 = EDGE_LOOP('',(#7272,#7273,#7274,#7295));
#7272 = ORIENTED_EDGE('',*,*,#6434,.F.);
#7273 = ORIENTED_EDGE('',*,*,#6933,.F.);
#7274 = ORIENTED_EDGE('',*,*,#7275,.F.);
#7275 = EDGE_CURVE('',#7225,#6906,#7276,.T.);
#7276 = SURFACE_CURVE('',#7277,(#7281,#7288),.PCURVE_S1.);
#7277 = LINE('',#7278,#7279);
#7278 = CARTESIAN_POINT('',(29.6,-12.6,87.5));
#7279 = VECTOR('',#7280,1.);
#7280 = DIRECTION('',(0.,1.,0.));
#7281 = PCURVE('',#6450,#7282);
#7282 = DEFINITIONAL_REPRESENTATION('',(#7283),#7287);
#7283 = LINE('',#7284,#7285);
#7284 = CARTESIAN_POINT('',(10.5,0.));
#7285 = VECTOR('',#7286,1.);
#7286 = DIRECTION('',(0.,-1.));
#7287 = ( GEOMETRIC_REPRESENTATION_CONTEXT(2) 
PARAMETRIC_REPRESENTATION_CONTEXT() REPRESENTATION_CONTEXT('2D SPACE',''
  ) );
#7288 = PCURVE('',#6921,#7289);
#7289 = DEFINITIONAL_REPRESENTATION('',(#7290),#7294);
#7290 = LINE('',#7291,#7292);
#7291 = CARTESIAN_POINT('',(29.2,0.));
#7292 = VECTOR('',#7293,1.);
#7293 = DIRECTION('',(0.,1.));
#7294 = ( GEOMETRIC_REPRESENTATION_CONTEXT(2) 
PARAMETRIC_REPRESENTATION_CONTEXT() REPRESENTATION_CONTEXT('2D SPACE',''
  ) );
#7295 = ORIENTED_EDGE('',*,*,#7247,.F.);
#7296 = ADVANCED_FACE('',(#7297),#6354,.T.);
#7297 = FACE_BOUND('',#7298,.T.);
#7298 = EDGE_LOOP('',(#7299,#7300,#7301,#7302));
#7299 = ORIENTED_EDGE('',*,*,#6801,.F.);
#7300 = ORIENTED_EDGE('',*,*,#6827,.F.);
#7301 = ORIENTED_EDGE('',*,*,#6338,.F.);
#7302 = ORIENTED_EDGE('',*,*,#6729,.T.);
#7303 = ADVANCED_FACE('',(#7304),#6921,.T.);
#7304 = FACE_BOUND('',#7305,.T.);
#7305 = EDGE_LOOP('',(#7306,#7307,#7308,#7309));
#7306 = ORIENTED_EDGE('',*,*,#7177,.F.);
#7307 = ORIENTED_EDGE('',*,*,#7224,.F.);
#7308 = ORIENTED_EDGE('',*,*,#7275,.T.);
#7309 = ORIENTED_EDGE('',*,*,#6905,.F.);
#7310 = ( GEOMETRIC_REPRESENTATION_CONTEXT(3) 
GLOBAL_UNCERTAINTY_ASSIGNED_CONTEXT((#7314)) 
GLOBAL_UNIT_ASSIGNED_CONTEXT((#7311,#7312,#7313)) REPRESENTATION_CONTEXT
('Context #1','3D Context with UNIT and UNCERTAINTY') );
#7311 = ( LENGTH_UNIT() NAMED_UNIT(*) SI_UNIT(.MILLI.,.METRE.) );
#7312 = ( NAMED_UNIT(*) PLANE_ANGLE_UNIT() SI_UNIT($,.RADIAN.) );
#7313 = ( NAMED_UNIT(*) SI_UNIT($,.STERADIAN.) SOLID_ANGLE_UNIT() );
#7314 = UNCERTAINTY_MEASURE_WITH_UNIT(LENGTH_MEASURE(1.E-07),#7311,
  'distance_accuracy_value','confusion accuracy');
#7315 = CONTEXT_DEPENDENT_SHAPE_REPRESENTATION(#7316,#7318);
#7316 = ( REPRESENTATION_RELATIONSHIP('','',#5683,#10) 
REPRESENTATION_RELATIONSHIP_WITH_TRANSFORMATION(#7317) 
SHAPE_REPRESENTATION_RELATIONSHIP() );
#7317 = ITEM_DEFINED_TRANSFORMATION('','',#11,#31);
#7318 = PRODUCT_DEFINITION_SHAPE('Placement','Placement of an item',
  #7319);
#7319 = NEXT_ASSEMBLY_USAGE_OCCURRENCE('5','camera_saddle','',#5,#5678,$
  );
#7320 = PRODUCT_RELATED_PRODUCT_CATEGORY('part',$,(#5680));
#7321 = SHAPE_DEFINITION_REPRESENTATION(#7322,#7328);
#7322 = PRODUCT_DEFINITION_SHAPE('','',#7323);
#7323 = PRODUCT_DEFINITION('design','',#7324,#7327);
#7324 = PRODUCT_DEFINITION_FORMATION('','',#7325);
#7325 = PRODUCT('U1','U1','',(#7326));
#7326 = PRODUCT_CONTEXT('',#2,'mechanical');
#7327 = PRODUCT_DEFINITION_CONTEXT('part definition',#2,'design');
#7328 = ADVANCED_BREP_SHAPE_REPRESENTATION('',(#11,#7329),#7659);
#7329 = MANIFOLD_SOLID_BREP('',#7330);
#7330 = CLOSED_SHELL('',(#7331,#7451,#7551,#7598,#7645,#7652));
#7331 = ADVANCED_FACE('',(#7332),#7346,.F.);
#7332 = FACE_BOUND('',#7333,.F.);
#7333 = EDGE_LOOP('',(#7334,#7369,#7397,#7425));
#7334 = ORIENTED_EDGE('',*,*,#7335,.F.);
#7335 = EDGE_CURVE('',#7336,#7338,#7340,.T.);
#7336 = VERTEX_POINT('',#7337);
#7337 = CARTESIAN_POINT('',(4.,-9.,79.5));
#7338 = VERTEX_POINT('',#7339);
#7339 = CARTESIAN_POINT('',(4.,-9.,94.5));
#7340 = SURFACE_CURVE('',#7341,(#7345,#7357),.PCURVE_S1.);
#7341 = LINE('',#7342,#7343);
#7342 = CARTESIAN_POINT('',(4.,-9.,79.5));
#7343 = VECTOR('',#7344,1.);
#7344 = DIRECTION('',(0.,0.,1.));
#7345 = PCURVE('',#7346,#7351);
#7346 = PLANE('',#7347);
#7347 = AXIS2_PLACEMENT_3D('',#7348,#7349,#7350);
#7348 = CARTESIAN_POINT('',(4.,-9.,79.5));
#7349 = DIRECTION('',(1.,0.,0.));
#7350 = DIRECTION('',(0.,0.,1.));
#7351 = DEFINITIONAL_REPRESENTATION('',(#7352),#7356);
#7352 = LINE('',#7353,#7354);
#7353 = CARTESIAN_POINT('',(0.,0.));
#7354 = VECTOR('',#7355,1.);
#7355 = DIRECTION('',(1.,0.));
#7356 = ( GEOMETRIC_REPRESENTATION_CONTEXT(2) 
PARAMETRIC_REPRESENTATION_CONTEXT() REPRESENTATION_CONTEXT('2D SPACE',''
  ) );
#7357 = PCURVE('',#7358,#7363);
#7358 = PLANE('',#7359);
#7359 = AXIS2_PLACEMENT_3D('',#7360,#7361,#7362);
#7360 = CARTESIAN_POINT('',(4.,-9.,79.5));
#7361 = DIRECTION('',(0.,1.,0.));
#7362 = DIRECTION('',(0.,0.,1.));
#7363 = DEFINITIONAL_REPRESENTATION('',(#7364),#7368);
#7364 = LINE('',#7365,#7366);
#7365 = CARTESIAN_POINT('',(0.,0.));
#7366 = VECTOR('',#7367,1.);
#7367 = DIRECTION('',(1.,0.));
#7368 = ( GEOMETRIC_REPRESENTATION_CONTEXT(2) 
PARAMETRIC_REPRESENTATION_CONTEXT() REPRESENTATION_CONTEXT('2D SPACE',''
  ) );
#7369 = ORIENTED_EDGE('',*,*,#7370,.T.);
#7370 = EDGE_CURVE('',#7336,#7371,#7373,.T.);
#7371 = VERTEX_POINT('',#7372);
#7372 = CARTESIAN_POINT('',(4.,9.,79.5));
#7373 = SURFACE_CURVE('',#7374,(#7378,#7385),.PCURVE_S1.);
#7374 = LINE('',#7375,#7376);
#7375 = CARTESIAN_POINT('',(4.,-9.,79.5));
#7376 = VECTOR('',#7377,1.);
#7377 = DIRECTION('',(0.,1.,0.));
#7378 = PCURVE('',#7346,#7379);
#7379 = DEFINITIONAL_REPRESENTATION('',(#7380),#7384);
#7380 = LINE('',#7381,#7382);
#7381 = CARTESIAN_POINT('',(0.,0.));
#7382 = VECTOR('',#7383,1.);
#7383 = DIRECTION('',(0.,-1.));
#7384 = ( GEOMETRIC_REPRESENTATION_CONTEXT(2) 
PARAMETRIC_REPRESENTATION_CONTEXT() REPRESENTATION_CONTEXT('2D SPACE',''
  ) );
#7385 = PCURVE('',#7386,#7391);
#7386 = PLANE('',#7387);
#7387 = AXIS2_PLACEMENT_3D('',#7388,#7389,#7390);
#7388 = CARTESIAN_POINT('',(4.,-9.,79.5));
#7389 = DIRECTION('',(0.,0.,1.));
#7390 = DIRECTION('',(1.,0.,0.));
#7391 = DEFINITIONAL_REPRESENTATION('',(#7392),#7396);
#7392 = LINE('',#7393,#7394);
#7393 = CARTESIAN_POINT('',(0.,0.));
#7394 = VECTOR('',#7395,1.);
#7395 = DIRECTION('',(0.,1.));
#7396 = ( GEOMETRIC_REPRESENTATION_CONTEXT(2) 
PARAMETRIC_REPRESENTATION_CONTEXT() REPRESENTATION_CONTEXT('2D SPACE',''
  ) );
#7397 = ORIENTED_EDGE('',*,*,#7398,.T.);
#7398 = EDGE_CURVE('',#7371,#7399,#7401,.T.);
#7399 = VERTEX_POINT('',#7400);
#7400 = CARTESIAN_POINT('',(4.,9.,94.5));
#7401 = SURFACE_CURVE('',#7402,(#7406,#7413),.PCURVE_S1.);
#7402 = LINE('',#7403,#7404);
#7403 = CARTESIAN_POINT('',(4.,9.,79.5));
#7404 = VECTOR('',#7405,1.);
#7405 = DIRECTION('',(0.,0.,1.));
#7406 = PCURVE('',#7346,#7407);
#7407 = DEFINITIONAL_REPRESENTATION('',(#7408),#7412);
#7408 = LINE('',#7409,#7410);
#7409 = CARTESIAN_POINT('',(0.,-18.));
#7410 = VECTOR('',#7411,1.);
#7411 = DIRECTION('',(1.,0.));
#7412 = ( GEOMETRIC_REPRESENTATION_CONTEXT(2) 
PARAMETRIC_REPRESENTATION_CONTEXT() REPRESENTATION_CONTEXT('2D SPACE',''
  ) );
#7413 = PCURVE('',#7414,#7419);
#7414 = PLANE('',#7415);
#7415 = AXIS2_PLACEMENT_3D('',#7416,#7417,#7418);
#7416 = CARTESIAN_POINT('',(4.,9.,79.5));
#7417 = DIRECTION('',(0.,1.,0.));
#7418 = DIRECTION('',(0.,0.,1.));
#7419 = DEFINITIONAL_REPRESENTATION('',(#7420),#7424);
#7420 = LINE('',#7421,#7422);
#7421 = CARTESIAN_POINT('',(0.,0.));
#7422 = VECTOR('',#7423,1.);
#7423 = DIRECTION('',(1.,0.));
#7424 = ( GEOMETRIC_REPRESENTATION_CONTEXT(2) 
PARAMETRIC_REPRESENTATION_CONTEXT() REPRESENTATION_CONTEXT('2D SPACE',''
  ) );
#7425 = ORIENTED_EDGE('',*,*,#7426,.F.);
#7426 = EDGE_CURVE('',#7338,#7399,#7427,.T.);
#7427 = SURFACE_CURVE('',#7428,(#7432,#7439),.PCURVE_S1.);
#7428 = LINE('',#7429,#7430);
#7429 = CARTESIAN_POINT('',(4.,-9.,94.5));
#7430 = VECTOR('',#7431,1.);
#7431 = DIRECTION('',(0.,1.,0.));
#7432 = PCURVE('',#7346,#7433);
#7433 = DEFINITIONAL_REPRESENTATION('',(#7434),#7438);
#7434 = LINE('',#7435,#7436);
#7435 = CARTESIAN_POINT('',(15.,0.));
#7436 = VECTOR('',#7437,1.);
#7437 = DIRECTION('',(0.,-1.));
#7438 = ( GEOMETRIC_REPRESENTATION_CONTEXT(2) 
PARAMETRIC_REPRESENTATION_CONTEXT() REPRESENTATION_CONTEXT('2D SPACE',''
  ) );
#7439 = PCURVE('',#7440,#7445);
#7440 = PLANE('',#7441);
#7441 = AXIS2_PLACEMENT_3D('',#7442,#7443,#7444);
#7442 = CARTESIAN_POINT('',(4.,-9.,94.5));
#7443 = DIRECTION('',(0.,0.,1.));
#7444 = DIRECTION('',(1.,0.,0.));
#7445 = DEFINITIONAL_REPRESENTATION('',(#7446),#7450);
#7446 = LINE('',#7447,#7448);
#7447 = CARTESIAN_POINT('',(0.,0.));
#7448 = VECTOR('',#7449,1.);
#7449 = DIRECTION('',(0.,1.));
#7450 = ( GEOMETRIC_REPRESENTATION_CONTEXT(2) 
PARAMETRIC_REPRESENTATION_CONTEXT() REPRESENTATION_CONTEXT('2D SPACE',''
  ) );
#7451 = ADVANCED_FACE('',(#7452),#7466,.T.);
#7452 = FACE_BOUND('',#7453,.T.);
#7453 = EDGE_LOOP('',(#7454,#7484,#7507,#7530));
#7454 = ORIENTED_EDGE('',*,*,#7455,.F.);
#7455 = EDGE_CURVE('',#7456,#7458,#7460,.T.);
#7456 = VERTEX_POINT('',#7457);
#7457 = CARTESIAN_POINT('',(26.,-9.,79.5));
#7458 = VERTEX_POINT('',#7459);
#7459 = CARTESIAN_POINT('',(26.,-9.,94.5));
#7460 = SURFACE_CURVE('',#7461,(#7465,#7477),.PCURVE_S1.);
#7461 = LINE('',#7462,#7463);
#7462 = CARTESIAN_POINT('',(26.,-9.,79.5));
#7463 = VECTOR('',#7464,1.);
#7464 = DIRECTION('',(0.,0.,1.));
#7465 = PCURVE('',#7466,#7471);
#7466 = PLANE('',#7467);
#7467 = AXIS2_PLACEMENT_3D('',#7468,#7469,#7470);
#7468 = CARTESIAN_POINT('',(26.,-9.,79.5));
#7469 = DIRECTION('',(1.,0.,0.));
#7470 = DIRECTION('',(0.,0.,1.));
#7471 = DEFINITIONAL_REPRESENTATION('',(#7472),#7476);
#7472 = LINE('',#7473,#7474);
#7473 = CARTESIAN_POINT('',(0.,0.));
#7474 = VECTOR('',#7475,1.);
#7475 = DIRECTION('',(1.,0.));
#7476 = ( GEOMETRIC_REPRESENTATION_CONTEXT(2) 
PARAMETRIC_REPRESENTATION_CONTEXT() REPRESENTATION_CONTEXT('2D SPACE',''
  ) );
#7477 = PCURVE('',#7358,#7478);
#7478 = DEFINITIONAL_REPRESENTATION('',(#7479),#7483);
#7479 = LINE('',#7480,#7481);
#7480 = CARTESIAN_POINT('',(0.,22.));
#7481 = VECTOR('',#7482,1.);
#7482 = DIRECTION('',(1.,0.));
#7483 = ( GEOMETRIC_REPRESENTATION_CONTEXT(2) 
PARAMETRIC_REPRESENTATION_CONTEXT() REPRESENTATION_CONTEXT('2D SPACE',''
  ) );
#7484 = ORIENTED_EDGE('',*,*,#7485,.T.);
#7485 = EDGE_CURVE('',#7456,#7486,#7488,.T.);
#7486 = VERTEX_POINT('',#7487);
#7487 = CARTESIAN_POINT('',(26.,9.,79.5));
#7488 = SURFACE_CURVE('',#7489,(#7493,#7500),.PCURVE_S1.);
#7489 = LINE('',#7490,#7491);
#7490 = CARTESIAN_POINT('',(26.,-9.,79.5));
#7491 = VECTOR('',#7492,1.);
#7492 = DIRECTION('',(0.,1.,0.));
#7493 = PCURVE('',#7466,#7494);
#7494 = DEFINITIONAL_REPRESENTATION('',(#7495),#7499);
#7495 = LINE('',#7496,#7497);
#7496 = CARTESIAN_POINT('',(0.,0.));
#7497 = VECTOR('',#7498,1.);
#7498 = DIRECTION('',(0.,-1.));
#7499 = ( GEOMETRIC_REPRESENTATION_CONTEXT(2) 
PARAMETRIC_REPRESENTATION_CONTEXT() REPRESENTATION_CONTEXT('2D SPACE',''
  ) );
#7500 = PCURVE('',#7386,#7501);
#7501 = DEFINITIONAL_REPRESENTATION('',(#7502),#7506);
#7502 = LINE('',#7503,#7504);
#7503 = CARTESIAN_POINT('',(22.,0.));
#7504 = VECTOR('',#7505,1.);
#7505 = DIRECTION('',(0.,1.));
#7506 = ( GEOMETRIC_REPRESENTATION_CONTEXT(2) 
PARAMETRIC_REPRESENTATION_CONTEXT() REPRESENTATION_CONTEXT('2D SPACE',''
  ) );
#7507 = ORIENTED_EDGE('',*,*,#7508,.T.);
#7508 = EDGE_CURVE('',#7486,#7509,#7511,.T.);
#7509 = VERTEX_POINT('',#7510);
#7510 = CARTESIAN_POINT('',(26.,9.,94.5));
#7511 = SURFACE_CURVE('',#7512,(#7516,#7523),.PCURVE_S1.);
#7512 = LINE('',#7513,#7514);
#7513 = CARTESIAN_POINT('',(26.,9.,79.5));
#7514 = VECTOR('',#7515,1.);
#7515 = DIRECTION('',(0.,0.,1.));
#7516 = PCURVE('',#7466,#7517);
#7517 = DEFINITIONAL_REPRESENTATION('',(#7518),#7522);
#7518 = LINE('',#7519,#7520);
#7519 = CARTESIAN_POINT('',(0.,-18.));
#7520 = VECTOR('',#7521,1.);
#7521 = DIRECTION('',(1.,0.));
#7522 = ( GEOMETRIC_REPRESENTATION_CONTEXT(2) 
PARAMETRIC_REPRESENTATION_CONTEXT() REPRESENTATION_CONTEXT('2D SPACE',''
  ) );
#7523 = PCURVE('',#7414,#7524);
#7524 = DEFINITIONAL_REPRESENTATION('',(#7525),#7529);
#7525 = LINE('',#7526,#7527);
#7526 = CARTESIAN_POINT('',(0.,22.));
#7527 = VECTOR('',#7528,1.);
#7528 = DIRECTION('',(1.,0.));
#7529 = ( GEOMETRIC_REPRESENTATION_CONTEXT(2) 
PARAMETRIC_REPRESENTATION_CONTEXT() REPRESENTATION_CONTEXT('2D SPACE',''
  ) );
#7530 = ORIENTED_EDGE('',*,*,#7531,.F.);
#7531 = EDGE_CURVE('',#7458,#7509,#7532,.T.);
#7532 = SURFACE_CURVE('',#7533,(#7537,#7544),.PCURVE_S1.);
#7533 = LINE('',#7534,#7535);
#7534 = CARTESIAN_POINT('',(26.,-9.,94.5));
#7535 = VECTOR('',#7536,1.);
#7536 = DIRECTION('',(0.,1.,0.));
#7537 = PCURVE('',#7466,#7538);
#7538 = DEFINITIONAL_REPRESENTATION('',(#7539),#7543);
#7539 = LINE('',#7540,#7541);
#7540 = CARTESIAN_POINT('',(15.,0.));
#7541 = VECTOR('',#7542,1.);
#7542 = DIRECTION('',(0.,-1.));
#7543 = ( GEOMETRIC_REPRESENTATION_CONTEXT(2) 
PARAMETRIC_REPRESENTATION_CONTEXT() REPRESENTATION_CONTEXT('2D SPACE',''
  ) );
#7544 = PCURVE('',#7440,#7545);
#7545 = DEFINITIONAL_REPRESENTATION('',(#7546),#7550);
#7546 = LINE('',#7547,#7548);
#7547 = CARTESIAN_POINT('',(22.,0.));
#7548 = VECTOR('',#7549,1.);
#7549 = DIRECTION('',(0.,1.));
#7550 = ( GEOMETRIC_REPRESENTATION_CONTEXT(2) 
PARAMETRIC_REPRESENTATION_CONTEXT() REPRESENTATION_CONTEXT('2D SPACE',''
  ) );
#7551 = ADVANCED_FACE('',(#7552),#7358,.F.);
#7552 = FACE_BOUND('',#7553,.F.);
#7553 = EDGE_LOOP('',(#7554,#7575,#7576,#7597));
#7554 = ORIENTED_EDGE('',*,*,#7555,.F.);
#7555 = EDGE_CURVE('',#7336,#7456,#7556,.T.);
#7556 = SURFACE_CURVE('',#7557,(#7561,#7568),.PCURVE_S1.);
#7557 = LINE('',#7558,#7559);
#7558 = CARTESIAN_POINT('',(4.,-9.,79.5));
#7559 = VECTOR('',#7560,1.);
#7560 = DIRECTION('',(1.,0.,0.));
#7561 = PCURVE('',#7358,#7562);
#7562 = DEFINITIONAL_REPRESENTATION('',(#7563),#7567);
#7563 = LINE('',#7564,#7565);
#7564 = CARTESIAN_POINT('',(0.,0.));
#7565 = VECTOR('',#7566,1.);
#7566 = DIRECTION('',(0.,1.));
#7567 = ( GEOMETRIC_REPRESENTATION_CONTEXT(2) 
PARAMETRIC_REPRESENTATION_CONTEXT() REPRESENTATION_CONTEXT('2D SPACE',''
  ) );
#7568 = PCURVE('',#7386,#7569);
#7569 = DEFINITIONAL_REPRESENTATION('',(#7570),#7574);
#7570 = LINE('',#7571,#7572);
#7571 = CARTESIAN_POINT('',(0.,0.));
#7572 = VECTOR('',#7573,1.);
#7573 = DIRECTION('',(1.,0.));
#7574 = ( GEOMETRIC_REPRESENTATION_CONTEXT(2) 
PARAMETRIC_REPRESENTATION_CONTEXT() REPRESENTATION_CONTEXT('2D SPACE',''
  ) );
#7575 = ORIENTED_EDGE('',*,*,#7335,.T.);
#7576 = ORIENTED_EDGE('',*,*,#7577,.T.);
#7577 = EDGE_CURVE('',#7338,#7458,#7578,.T.);
#7578 = SURFACE_CURVE('',#7579,(#7583,#7590),.PCURVE_S1.);
#7579 = LINE('',#7580,#7581);
#7580 = CARTESIAN_POINT('',(4.,-9.,94.5));
#7581 = VECTOR('',#7582,1.);
#7582 = DIRECTION('',(1.,0.,0.));
#7583 = PCURVE('',#7358,#7584);
#7584 = DEFINITIONAL_REPRESENTATION('',(#7585),#7589);
#7585 = LINE('',#7586,#7587);
#7586 = CARTESIAN_POINT('',(15.,0.));
#7587 = VECTOR('',#7588,1.);
#7588 = DIRECTION('',(0.,1.));
#7589 = ( GEOMETRIC_REPRESENTATION_CONTEXT(2) 
PARAMETRIC_REPRESENTATION_CONTEXT() REPRESENTATION_CONTEXT('2D SPACE',''
  ) );
#7590 = PCURVE('',#7440,#7591);
#7591 = DEFINITIONAL_REPRESENTATION('',(#7592),#7596);
#7592 = LINE('',#7593,#7594);
#7593 = CARTESIAN_POINT('',(0.,0.));
#7594 = VECTOR('',#7595,1.);
#7595 = DIRECTION('',(1.,0.));
#7596 = ( GEOMETRIC_REPRESENTATION_CONTEXT(2) 
PARAMETRIC_REPRESENTATION_CONTEXT() REPRESENTATION_CONTEXT('2D SPACE',''
  ) );
#7597 = ORIENTED_EDGE('',*,*,#7455,.F.);
#7598 = ADVANCED_FACE('',(#7599),#7414,.T.);
#7599 = FACE_BOUND('',#7600,.T.);
#7600 = EDGE_LOOP('',(#7601,#7622,#7623,#7644));
#7601 = ORIENTED_EDGE('',*,*,#7602,.F.);
#7602 = EDGE_CURVE('',#7371,#7486,#7603,.T.);
#7603 = SURFACE_CURVE('',#7604,(#7608,#7615),.PCURVE_S1.);
#7604 = LINE('',#7605,#7606);
#7605 = CARTESIAN_POINT('',(4.,9.,79.5));
#7606 = VECTOR('',#7607,1.);
#7607 = DIRECTION('',(1.,0.,0.));
#7608 = PCURVE('',#7414,#7609);
#7609 = DEFINITIONAL_REPRESENTATION('',(#7610),#7614);
#7610 = LINE('',#7611,#7612);
#7611 = CARTESIAN_POINT('',(0.,0.));
#7612 = VECTOR('',#7613,1.);
#7613 = DIRECTION('',(0.,1.));
#7614 = ( GEOMETRIC_REPRESENTATION_CONTEXT(2) 
PARAMETRIC_REPRESENTATION_CONTEXT() REPRESENTATION_CONTEXT('2D SPACE',''
  ) );
#7615 = PCURVE('',#7386,#7616);
#7616 = DEFINITIONAL_REPRESENTATION('',(#7617),#7621);
#7617 = LINE('',#7618,#7619);
#7618 = CARTESIAN_POINT('',(0.,18.));
#7619 = VECTOR('',#7620,1.);
#7620 = DIRECTION('',(1.,0.));
#7621 = ( GEOMETRIC_REPRESENTATION_CONTEXT(2) 
PARAMETRIC_REPRESENTATION_CONTEXT() REPRESENTATION_CONTEXT('2D SPACE',''
  ) );
#7622 = ORIENTED_EDGE('',*,*,#7398,.T.);
#7623 = ORIENTED_EDGE('',*,*,#7624,.T.);
#7624 = EDGE_CURVE('',#7399,#7509,#7625,.T.);
#7625 = SURFACE_CURVE('',#7626,(#7630,#7637),.PCURVE_S1.);
#7626 = LINE('',#7627,#7628);
#7627 = CARTESIAN_POINT('',(4.,9.,94.5));
#7628 = VECTOR('',#7629,1.);
#7629 = DIRECTION('',(1.,0.,0.));
#7630 = PCURVE('',#7414,#7631);
#7631 = DEFINITIONAL_REPRESENTATION('',(#7632),#7636);
#7632 = LINE('',#7633,#7634);
#7633 = CARTESIAN_POINT('',(15.,0.));
#7634 = VECTOR('',#7635,1.);
#7635 = DIRECTION('',(0.,1.));
#7636 = ( GEOMETRIC_REPRESENTATION_CONTEXT(2) 
PARAMETRIC_REPRESENTATION_CONTEXT() REPRESENTATION_CONTEXT('2D SPACE',''
  ) );
#7637 = PCURVE('',#7440,#7638);
#7638 = DEFINITIONAL_REPRESENTATION('',(#7639),#7643);
#7639 = LINE('',#7640,#7641);
#7640 = CARTESIAN_POINT('',(0.,18.));
#7641 = VECTOR('',#7642,1.);
#7642 = DIRECTION('',(1.,0.));
#7643 = ( GEOMETRIC_REPRESENTATION_CONTEXT(2) 
PARAMETRIC_REPRESENTATION_CONTEXT() REPRESENTATION_CONTEXT('2D SPACE',''
  ) );
#7644 = ORIENTED_EDGE('',*,*,#7508,.F.);
#7645 = ADVANCED_FACE('',(#7646),#7386,.F.);
#7646 = FACE_BOUND('',#7647,.F.);
#7647 = EDGE_LOOP('',(#7648,#7649,#7650,#7651));
#7648 = ORIENTED_EDGE('',*,*,#7370,.F.);
#7649 = ORIENTED_EDGE('',*,*,#7555,.T.);
#7650 = ORIENTED_EDGE('',*,*,#7485,.T.);
#7651 = ORIENTED_EDGE('',*,*,#7602,.F.);
#7652 = ADVANCED_FACE('',(#7653),#7440,.T.);
#7653 = FACE_BOUND('',#7654,.T.);
#7654 = EDGE_LOOP('',(#7655,#7656,#7657,#7658));
#7655 = ORIENTED_EDGE('',*,*,#7426,.F.);
#7656 = ORIENTED_EDGE('',*,*,#7577,.T.);
#7657 = ORIENTED_EDGE('',*,*,#7531,.T.);
#7658 = ORIENTED_EDGE('',*,*,#7624,.F.);
#7659 = ( GEOMETRIC_REPRESENTATION_CONTEXT(3) 
GLOBAL_UNCERTAINTY_ASSIGNED_CONTEXT((#7663)) 
GLOBAL_UNIT_ASSIGNED_CONTEXT((#7660,#7661,#7662)) REPRESENTATION_CONTEXT
('Context #1','3D Context with UNIT and UNCERTAINTY') );
#7660 = ( LENGTH_UNIT() NAMED_UNIT(*) SI_UNIT(.MILLI.,.METRE.) );
#7661 = ( NAMED_UNIT(*) PLANE_ANGLE_UNIT() SI_UNIT($,.RADIAN.) );
#7662 = ( NAMED_UNIT(*) SI_UNIT($,.STERADIAN.) SOLID_ANGLE_UNIT() );
#7663 = UNCERTAINTY_MEASURE_WITH_UNIT(LENGTH_MEASURE(1.E-07),#7660,
  'distance_accuracy_value','confusion accuracy');
#7664 = CONTEXT_DEPENDENT_SHAPE_REPRESENTATION(#7665,#7667);
#7665 = ( REPRESENTATION_RELATIONSHIP('','',#7328,#10) 
REPRESENTATION_RELATIONSHIP_WITH_TRANSFORMATION(#7666) 
SHAPE_REPRESENTATION_RELATIONSHIP() );
#7666 = ITEM_DEFINED_TRANSFORMATION('','',#11,#35);
#7667 = PRODUCT_DEFINITION_SHAPE('Placement','Placement of an item',
  #7668);
#7668 = NEXT_ASSEMBLY_USAGE_OCCURRENCE('6','U1','',#5,#7323,$);
#7669 = PRODUCT_RELATED_PRODUCT_CATEGORY('part',$,(#7325));
#7670 = SHAPE_DEFINITION_REPRESENTATION(#7671,#7677);
#7671 = PRODUCT_DEFINITION_SHAPE('','',#7672);
#7672 = PRODUCT_DEFINITION('design','',#7673,#7676);
#7673 = PRODUCT_DEFINITION_FORMATION('','',#7674);
#7674 = PRODUCT('F1','F1','',(#7675));
#7675 = PRODUCT_CONTEXT('',#2,'mechanical');
#7676 = PRODUCT_DEFINITION_CONTEXT('part definition',#2,'design');
#7677 = ADVANCED_BREP_SHAPE_REPRESENTATION('',(#11,#7678),#8008);
#7678 = MANIFOLD_SOLID_BREP('',#7679);
#7679 = CLOSED_SHELL('',(#7680,#7800,#7900,#7947,#7994,#8001));
#7680 = ADVANCED_FACE('',(#7681),#7695,.F.);
#7681 = FACE_BOUND('',#7682,.F.);
#7682 = EDGE_LOOP('',(#7683,#7718,#7746,#7774));
#7683 = ORIENTED_EDGE('',*,*,#7684,.F.);
#7684 = EDGE_CURVE('',#7685,#7687,#7689,.T.);
#7685 = VERTEX_POINT('',#7686);
#7686 = CARTESIAN_POINT('',(-43.,15.,4.));
#7687 = VERTEX_POINT('',#7688);
#7688 = CARTESIAN_POINT('',(-43.,15.,14.));
#7689 = SURFACE_CURVE('',#7690,(#7694,#7706),.PCURVE_S1.);
#7690 = LINE('',#7691,#7692);
#7691 = CARTESIAN_POINT('',(-43.,15.,4.));
#7692 = VECTOR('',#7693,1.);
#7693 = DIRECTION('',(0.,0.,1.));
#7694 = PCURVE('',#7695,#7700);
#7695 = PLANE('',#7696);
#7696 = AXIS2_PLACEMENT_3D('',#7697,#7698,#7699);
#7697 = CARTESIAN_POINT('',(-43.,15.,4.));
#7698 = DIRECTION('',(1.,0.,0.));
#7699 = DIRECTION('',(0.,0.,1.));
#7700 = DEFINITIONAL_REPRESENTATION('',(#7701),#7705);
#7701 = LINE('',#7702,#7703);
#7702 = CARTESIAN_POINT('',(0.,0.));
#7703 = VECTOR('',#7704,1.);
#7704 = DIRECTION('',(1.,0.));
#7705 = ( GEOMETRIC_REPRESENTATION_CONTEXT(2) 
PARAMETRIC_REPRESENTATION_CONTEXT() REPRESENTATION_CONTEXT('2D SPACE',''
  ) );
#7706 = PCURVE('',#7707,#7712);
#7707 = PLANE('',#7708);
#7708 = AXIS2_PLACEMENT_3D('',#7709,#7710,#7711);
#7709 = CARTESIAN_POINT('',(-43.,15.,4.));
#7710 = DIRECTION('',(0.,1.,0.));
#7711 = DIRECTION('',(0.,0.,1.));
#7712 = DEFINITIONAL_REPRESENTATION('',(#7713),#7717);
#7713 = LINE('',#7714,#7715);
#7714 = CARTESIAN_POINT('',(0.,0.));
#7715 = VECTOR('',#7716,1.);
#7716 = DIRECTION('',(1.,0.));
#7717 = ( GEOMETRIC_REPRESENTATION_CONTEXT(2) 
PARAMETRIC_REPRESENTATION_CONTEXT() REPRESENTATION_CONTEXT('2D SPACE',''
  ) );
#7718 = ORIENTED_EDGE('',*,*,#7719,.T.);
#7719 = EDGE_CURVE('',#7685,#7720,#7722,.T.);
#7720 = VERTEX_POINT('',#7721);
#7721 = CARTESIAN_POINT('',(-43.,25.,4.));
#7722 = SURFACE_CURVE('',#7723,(#7727,#7734),.PCURVE_S1.);
#7723 = LINE('',#7724,#7725);
#7724 = CARTESIAN_POINT('',(-43.,15.,4.));
#7725 = VECTOR('',#7726,1.);
#7726 = DIRECTION('',(0.,1.,0.));
#7727 = PCURVE('',#7695,#7728);
#7728 = DEFINITIONAL_REPRESENTATION('',(#7729),#7733);
#7729 = LINE('',#7730,#7731);
#7730 = CARTESIAN_POINT('',(0.,0.));
#7731 = VECTOR('',#7732,1.);
#7732 = DIRECTION('',(0.,-1.));
#7733 = ( GEOMETRIC_REPRESENTATION_CONTEXT(2) 
PARAMETRIC_REPRESENTATION_CONTEXT() REPRESENTATION_CONTEXT('2D SPACE',''
  ) );
#7734 = PCURVE('',#7735,#7740);
#7735 = PLANE('',#7736);
#7736 = AXIS2_PLACEMENT_3D('',#7737,#7738,#7739);
#7737 = CARTESIAN_POINT('',(-43.,15.,4.));
#7738 = DIRECTION('',(0.,0.,1.));
#7739 = DIRECTION('',(1.,0.,0.));
#7740 = DEFINITIONAL_REPRESENTATION('',(#7741),#7745);
#7741 = LINE('',#7742,#7743);
#7742 = CARTESIAN_POINT('',(0.,0.));
#7743 = VECTOR('',#7744,1.);
#7744 = DIRECTION('',(0.,1.));
#7745 = ( GEOMETRIC_REPRESENTATION_CONTEXT(2) 
PARAMETRIC_REPRESENTATION_CONTEXT() REPRESENTATION_CONTEXT('2D SPACE',''
  ) );
#7746 = ORIENTED_EDGE('',*,*,#7747,.T.);
#7747 = EDGE_CURVE('',#7720,#7748,#7750,.T.);
#7748 = VERTEX_POINT('',#7749);
#7749 = CARTESIAN_POINT('',(-43.,25.,14.));
#7750 = SURFACE_CURVE('',#7751,(#7755,#7762),.PCURVE_S1.);
#7751 = LINE('',#7752,#7753);
#7752 = CARTESIAN_POINT('',(-43.,25.,4.));
#7753 = VECTOR('',#7754,1.);
#7754 = DIRECTION('',(0.,0.,1.));
#7755 = PCURVE('',#7695,#7756);
#7756 = DEFINITIONAL_REPRESENTATION('',(#7757),#7761);
#7757 = LINE('',#7758,#7759);
#7758 = CARTESIAN_POINT('',(0.,-10.));
#7759 = VECTOR('',#7760,1.);
#7760 = DIRECTION('',(1.,0.));
#7761 = ( GEOMETRIC_REPRESENTATION_CONTEXT(2) 
PARAMETRIC_REPRESENTATION_CONTEXT() REPRESENTATION_CONTEXT('2D SPACE',''
  ) );
#7762 = PCURVE('',#7763,#7768);
#7763 = PLANE('',#7764);
#7764 = AXIS2_PLACEMENT_3D('',#7765,#7766,#7767);
#7765 = CARTESIAN_POINT('',(-43.,25.,4.));
#7766 = DIRECTION('',(0.,1.,0.));
#7767 = DIRECTION('',(0.,0.,1.));
#7768 = DEFINITIONAL_REPRESENTATION('',(#7769),#7773);
#7769 = LINE('',#7770,#7771);
#7770 = CARTESIAN_POINT('',(0.,0.));
#7771 = VECTOR('',#7772,1.);
#7772 = DIRECTION('',(1.,0.));
#7773 = ( GEOMETRIC_REPRESENTATION_CONTEXT(2) 
PARAMETRIC_REPRESENTATION_CONTEXT() REPRESENTATION_CONTEXT('2D SPACE',''
  ) );
#7774 = ORIENTED_EDGE('',*,*,#7775,.F.);
#7775 = EDGE_CURVE('',#7687,#7748,#7776,.T.);
#7776 = SURFACE_CURVE('',#7777,(#7781,#7788),.PCURVE_S1.);
#7777 = LINE('',#7778,#7779);
#7778 = CARTESIAN_POINT('',(-43.,15.,14.));
#7779 = VECTOR('',#7780,1.);
#7780 = DIRECTION('',(0.,1.,0.));
#7781 = PCURVE('',#7695,#7782);
#7782 = DEFINITIONAL_REPRESENTATION('',(#7783),#7787);
#7783 = LINE('',#7784,#7785);
#7784 = CARTESIAN_POINT('',(10.,0.));
#7785 = VECTOR('',#7786,1.);
#7786 = DIRECTION('',(0.,-1.));
#7787 = ( GEOMETRIC_REPRESENTATION_CONTEXT(2) 
PARAMETRIC_REPRESENTATION_CONTEXT() REPRESENTATION_CONTEXT('2D SPACE',''
  ) );
#7788 = PCURVE('',#7789,#7794);
#7789 = PLANE('',#7790);
#7790 = AXIS2_PLACEMENT_3D('',#7791,#7792,#7793);
#7791 = CARTESIAN_POINT('',(-43.,15.,14.));
#7792 = DIRECTION('',(0.,0.,1.));
#7793 = DIRECTION('',(1.,0.,0.));
#7794 = DEFINITIONAL_REPRESENTATION('',(#7795),#7799);
#7795 = LINE('',#7796,#7797);
#7796 = CARTESIAN_POINT('',(0.,0.));
#7797 = VECTOR('',#7798,1.);
#7798 = DIRECTION('',(0.,1.));
#7799 = ( GEOMETRIC_REPRESENTATION_CONTEXT(2) 
PARAMETRIC_REPRESENTATION_CONTEXT() REPRESENTATION_CONTEXT('2D SPACE',''
  ) );
#7800 = ADVANCED_FACE('',(#7801),#7815,.T.);
#7801 = FACE_BOUND('',#7802,.T.);
#7802 = EDGE_LOOP('',(#7803,#7833,#7856,#7879));
#7803 = ORIENTED_EDGE('',*,*,#7804,.F.);
#7804 = EDGE_CURVE('',#7805,#7807,#7809,.T.);
#7805 = VERTEX_POINT('',#7806);
#7806 = CARTESIAN_POINT('',(-29.,15.,4.));
#7807 = VERTEX_POINT('',#7808);
#7808 = CARTESIAN_POINT('',(-29.,15.,14.));
#7809 = SURFACE_CURVE('',#7810,(#7814,#7826),.PCURVE_S1.);
#7810 = LINE('',#7811,#7812);
#7811 = CARTESIAN_POINT('',(-29.,15.,4.));
#7812 = VECTOR('',#7813,1.);
#7813 = DIRECTION('',(0.,0.,1.));
#7814 = PCURVE('',#7815,#7820);
#7815 = PLANE('',#7816);
#7816 = AXIS2_PLACEMENT_3D('',#7817,#7818,#7819);
#7817 = CARTESIAN_POINT('',(-29.,15.,4.));
#7818 = DIRECTION('',(1.,0.,0.));
#7819 = DIRECTION('',(0.,0.,1.));
#7820 = DEFINITIONAL_REPRESENTATION('',(#7821),#7825);
#7821 = LINE('',#7822,#7823);
#7822 = CARTESIAN_POINT('',(0.,0.));
#7823 = VECTOR('',#7824,1.);
#7824 = DIRECTION('',(1.,0.));
#7825 = ( GEOMETRIC_REPRESENTATION_CONTEXT(2) 
PARAMETRIC_REPRESENTATION_CONTEXT() REPRESENTATION_CONTEXT('2D SPACE',''
  ) );
#7826 = PCURVE('',#7707,#7827);
#7827 = DEFINITIONAL_REPRESENTATION('',(#7828),#7832);
#7828 = LINE('',#7829,#7830);
#7829 = CARTESIAN_POINT('',(0.,14.));
#7830 = VECTOR('',#7831,1.);
#7831 = DIRECTION('',(1.,0.));
#7832 = ( GEOMETRIC_REPRESENTATION_CONTEXT(2) 
PARAMETRIC_REPRESENTATION_CONTEXT() REPRESENTATION_CONTEXT('2D SPACE',''
  ) );
#7833 = ORIENTED_EDGE('',*,*,#7834,.T.);
#7834 = EDGE_CURVE('',#7805,#7835,#7837,.T.);
#7835 = VERTEX_POINT('',#7836);
#7836 = CARTESIAN_POINT('',(-29.,25.,4.));
#7837 = SURFACE_CURVE('',#7838,(#7842,#7849),.PCURVE_S1.);
#7838 = LINE('',#7839,#7840);
#7839 = CARTESIAN_POINT('',(-29.,15.,4.));
#7840 = VECTOR('',#7841,1.);
#7841 = DIRECTION('',(0.,1.,0.));
#7842 = PCURVE('',#7815,#7843);
#7843 = DEFINITIONAL_REPRESENTATION('',(#7844),#7848);
#7844 = LINE('',#7845,#7846);
#7845 = CARTESIAN_POINT('',(0.,0.));
#7846 = VECTOR('',#7847,1.);
#7847 = DIRECTION('',(0.,-1.));
#7848 = ( GEOMETRIC_REPRESENTATION_CONTEXT(2) 
PARAMETRIC_REPRESENTATION_CONTEXT() REPRESENTATION_CONTEXT('2D SPACE',''
  ) );
#7849 = PCURVE('',#7735,#7850);
#7850 = DEFINITIONAL_REPRESENTATION('',(#7851),#7855);
#7851 = LINE('',#7852,#7853);
#7852 = CARTESIAN_POINT('',(14.,0.));
#7853 = VECTOR('',#7854,1.);
#7854 = DIRECTION('',(0.,1.));
#7855 = ( GEOMETRIC_REPRESENTATION_CONTEXT(2) 
PARAMETRIC_REPRESENTATION_CONTEXT() REPRESENTATION_CONTEXT('2D SPACE',''
  ) );
#7856 = ORIENTED_EDGE('',*,*,#7857,.T.);
#7857 = EDGE_CURVE('',#7835,#7858,#7860,.T.);
#7858 = VERTEX_POINT('',#7859);
#7859 = CARTESIAN_POINT('',(-29.,25.,14.));
#7860 = SURFACE_CURVE('',#7861,(#7865,#7872),.PCURVE_S1.);
#7861 = LINE('',#7862,#7863);
#7862 = CARTESIAN_POINT('',(-29.,25.,4.));
#7863 = VECTOR('',#7864,1.);
#7864 = DIRECTION('',(0.,0.,1.));
#7865 = PCURVE('',#7815,#7866);
#7866 = DEFINITIONAL_REPRESENTATION('',(#7867),#7871);
#7867 = LINE('',#7868,#7869);
#7868 = CARTESIAN_POINT('',(0.,-10.));
#7869 = VECTOR('',#7870,1.);
#7870 = DIRECTION('',(1.,0.));
#7871 = ( GEOMETRIC_REPRESENTATION_CONTEXT(2) 
PARAMETRIC_REPRESENTATION_CONTEXT() REPRESENTATION_CONTEXT('2D SPACE',''
  ) );
#7872 = PCURVE('',#7763,#7873);
#7873 = DEFINITIONAL_REPRESENTATION('',(#7874),#7878);
#7874 = LINE('',#7875,#7876);
#7875 = CARTESIAN_POINT('',(0.,14.));
#7876 = VECTOR('',#7877,1.);
#7877 = DIRECTION('',(1.,0.));
#7878 = ( GEOMETRIC_REPRESENTATION_CONTEXT(2) 
PARAMETRIC_REPRESENTATION_CONTEXT() REPRESENTATION_CONTEXT('2D SPACE',''
  ) );
#7879 = ORIENTED_EDGE('',*,*,#7880,.F.);
#7880 = EDGE_CURVE('',#7807,#7858,#7881,.T.);
#7881 = SURFACE_CURVE('',#7882,(#7886,#7893),.PCURVE_S1.);
#7882 = LINE('',#7883,#7884);
#7883 = CARTESIAN_POINT('',(-29.,15.,14.));
#7884 = VECTOR('',#7885,1.);
#7885 = DIRECTION('',(0.,1.,0.));
#7886 = PCURVE('',#7815,#7887);
#7887 = DEFINITIONAL_REPRESENTATION('',(#7888),#7892);
#7888 = LINE('',#7889,#7890);
#7889 = CARTESIAN_POINT('',(10.,0.));
#7890 = VECTOR('',#7891,1.);
#7891 = DIRECTION('',(0.,-1.));
#7892 = ( GEOMETRIC_REPRESENTATION_CONTEXT(2) 
PARAMETRIC_REPRESENTATION_CONTEXT() REPRESENTATION_CONTEXT('2D SPACE',''
  ) );
#7893 = PCURVE('',#7789,#7894);
#7894 = DEFINITIONAL_REPRESENTATION('',(#7895),#7899);
#7895 = LINE('',#7896,#7897);
#7896 = CARTESIAN_POINT('',(14.,0.));
#7897 = VECTOR('',#7898,1.);
#7898 = DIRECTION('',(0.,1.));
#7899 = ( GEOMETRIC_REPRESENTATION_CONTEXT(2) 
PARAMETRIC_REPRESENTATION_CONTEXT() REPRESENTATION_CONTEXT('2D SPACE',''
  ) );
#7900 = ADVANCED_FACE('',(#7901),#7707,.F.);
#7901 = FACE_BOUND('',#7902,.F.);
#7902 = EDGE_LOOP('',(#7903,#7924,#7925,#7946));
#7903 = ORIENTED_EDGE('',*,*,#7904,.F.);
#7904 = EDGE_CURVE('',#7685,#7805,#7905,.T.);
#7905 = SURFACE_CURVE('',#7906,(#7910,#7917),.PCURVE_S1.);
#7906 = LINE('',#7907,#7908);
#7907 = CARTESIAN_POINT('',(-43.,15.,4.));
#7908 = VECTOR('',#7909,1.);
#7909 = DIRECTION('',(1.,0.,0.));
#7910 = PCURVE('',#7707,#7911);
#7911 = DEFINITIONAL_REPRESENTATION('',(#7912),#7916);
#7912 = LINE('',#7913,#7914);
#7913 = CARTESIAN_POINT('',(0.,0.));
#7914 = VECTOR('',#7915,1.);
#7915 = DIRECTION('',(0.,1.));
#7916 = ( GEOMETRIC_REPRESENTATION_CONTEXT(2) 
PARAMETRIC_REPRESENTATION_CONTEXT() REPRESENTATION_CONTEXT('2D SPACE',''
  ) );
#7917 = PCURVE('',#7735,#7918);
#7918 = DEFINITIONAL_REPRESENTATION('',(#7919),#7923);
#7919 = LINE('',#7920,#7921);
#7920 = CARTESIAN_POINT('',(0.,0.));
#7921 = VECTOR('',#7922,1.);
#7922 = DIRECTION('',(1.,0.));
#7923 = ( GEOMETRIC_REPRESENTATION_CONTEXT(2) 
PARAMETRIC_REPRESENTATION_CONTEXT() REPRESENTATION_CONTEXT('2D SPACE',''
  ) );
#7924 = ORIENTED_EDGE('',*,*,#7684,.T.);
#7925 = ORIENTED_EDGE('',*,*,#7926,.T.);
#7926 = EDGE_CURVE('',#7687,#7807,#7927,.T.);
#7927 = SURFACE_CURVE('',#7928,(#7932,#7939),.PCURVE_S1.);
#7928 = LINE('',#7929,#7930);
#7929 = CARTESIAN_POINT('',(-43.,15.,14.));
#7930 = VECTOR('',#7931,1.);
#7931 = DIRECTION('',(1.,0.,0.));
#7932 = PCURVE('',#7707,#7933);
#7933 = DEFINITIONAL_REPRESENTATION('',(#7934),#7938);
#7934 = LINE('',#7935,#7936);
#7935 = CARTESIAN_POINT('',(10.,0.));
#7936 = VECTOR('',#7937,1.);
#7937 = DIRECTION('',(0.,1.));
#7938 = ( GEOMETRIC_REPRESENTATION_CONTEXT(2) 
PARAMETRIC_REPRESENTATION_CONTEXT() REPRESENTATION_CONTEXT('2D SPACE',''
  ) );
#7939 = PCURVE('',#7789,#7940);
#7940 = DEFINITIONAL_REPRESENTATION('',(#7941),#7945);
#7941 = LINE('',#7942,#7943);
#7942 = CARTESIAN_POINT('',(0.,0.));
#7943 = VECTOR('',#7944,1.);
#7944 = DIRECTION('',(1.,0.));
#7945 = ( GEOMETRIC_REPRESENTATION_CONTEXT(2) 
PARAMETRIC_REPRESENTATION_CONTEXT() REPRESENTATION_CONTEXT('2D SPACE',''
  ) );
#7946 = ORIENTED_EDGE('',*,*,#7804,.F.);
#7947 = ADVANCED_FACE('',(#7948),#7763,.T.);
#7948 = FACE_BOUND('',#7949,.T.);
#7949 = EDGE_LOOP('',(#7950,#7971,#7972,#7993));
#7950 = ORIENTED_EDGE('',*,*,#7951,.F.);
#7951 = EDGE_CURVE('',#7720,#7835,#7952,.T.);
#7952 = SURFACE_CURVE('',#7953,(#7957,#7964),.PCURVE_S1.);
#7953 = LINE('',#7954,#7955);
#7954 = CARTESIAN_POINT('',(-43.,25.,4.));
#7955 = VECTOR('',#7956,1.);
#7956 = DIRECTION('',(1.,0.,0.));
#7957 = PCURVE('',#7763,#7958);
#7958 = DEFINITIONAL_REPRESENTATION('',(#7959),#7963);
#7959 = LINE('',#7960,#7961);
#7960 = CARTESIAN_POINT('',(0.,0.));
#7961 = VECTOR('',#7962,1.);
#7962 = DIRECTION('',(0.,1.));
#7963 = ( GEOMETRIC_REPRESENTATION_CONTEXT(2) 
PARAMETRIC_REPRESENTATION_CONTEXT() REPRESENTATION_CONTEXT('2D SPACE',''
  ) );
#7964 = PCURVE('',#7735,#7965);
#7965 = DEFINITIONAL_REPRESENTATION('',(#7966),#7970);
#7966 = LINE('',#7967,#7968);
#7967 = CARTESIAN_POINT('',(0.,10.));
#7968 = VECTOR('',#7969,1.);
#7969 = DIRECTION('',(1.,0.));
#7970 = ( GEOMETRIC_REPRESENTATION_CONTEXT(2) 
PARAMETRIC_REPRESENTATION_CONTEXT() REPRESENTATION_CONTEXT('2D SPACE',''
  ) );
#7971 = ORIENTED_EDGE('',*,*,#7747,.T.);
#7972 = ORIENTED_EDGE('',*,*,#7973,.T.);
#7973 = EDGE_CURVE('',#7748,#7858,#7974,.T.);
#7974 = SURFACE_CURVE('',#7975,(#7979,#7986),.PCURVE_S1.);
#7975 = LINE('',#7976,#7977);
#7976 = CARTESIAN_POINT('',(-43.,25.,14.));
#7977 = VECTOR('',#7978,1.);
#7978 = DIRECTION('',(1.,0.,0.));
#7979 = PCURVE('',#7763,#7980);
#7980 = DEFINITIONAL_REPRESENTATION('',(#7981),#7985);
#7981 = LINE('',#7982,#7983);
#7982 = CARTESIAN_POINT('',(10.,0.));
#7983 = VECTOR('',#7984,1.);
#7984 = DIRECTION('',(0.,1.));
#7985 = ( GEOMETRIC_REPRESENTATION_CONTEXT(2) 
PARAMETRIC_REPRESENTATION_CONTEXT() REPRESENTATION_CONTEXT('2D SPACE',''
  ) );
#7986 = PCURVE('',#7789,#7987);
#7987 = DEFINITIONAL_REPRESENTATION('',(#7988),#7992);
#7988 = LINE('',#7989,#7990);
#7989 = CARTESIAN_POINT('',(0.,10.));
#7990 = VECTOR('',#7991,1.);
#7991 = DIRECTION('',(1.,0.));
#7992 = ( GEOMETRIC_REPRESENTATION_CONTEXT(2) 
PARAMETRIC_REPRESENTATION_CONTEXT() REPRESENTATION_CONTEXT('2D SPACE',''
  ) );
#7993 = ORIENTED_EDGE('',*,*,#7857,.F.);
#7994 = ADVANCED_FACE('',(#7995),#7735,.F.);
#7995 = FACE_BOUND('',#7996,.F.);
#7996 = EDGE_LOOP('',(#7997,#7998,#7999,#8000));
#7997 = ORIENTED_EDGE('',*,*,#7719,.F.);
#7998 = ORIENTED_EDGE('',*,*,#7904,.T.);
#7999 = ORIENTED_EDGE('',*,*,#7834,.T.);
#8000 = ORIENTED_EDGE('',*,*,#7951,.F.);
#8001 = ADVANCED_FACE('',(#8002),#7789,.T.);
#8002 = FACE_BOUND('',#8003,.T.);
#8003 = EDGE_LOOP('',(#8004,#8005,#8006,#8007));
#8004 = ORIENTED_EDGE('',*,*,#7775,.F.);
#8005 = ORIENTED_EDGE('',*,*,#7926,.T.);
#8006 = ORIENTED_EDGE('',*,*,#7880,.T.);
#8007 = ORIENTED_EDGE('',*,*,#7973,.F.);
#8008 = ( GEOMETRIC_REPRESENTATION_CONTEXT(3) 
GLOBAL_UNCERTAINTY_ASSIGNED_CONTEXT((#8012)) 
GLOBAL_UNIT_ASSIGNED_CONTEXT((#8009,#8010,#8011)) REPRESENTATION_CONTEXT
('Context #1','3D Context with UNIT and UNCERTAINTY') );
#8009 = ( LENGTH_UNIT() NAMED_UNIT(*) SI_UNIT(.MILLI.,.METRE.) );
#8010 = ( NAMED_UNIT(*) PLANE_ANGLE_UNIT() SI_UNIT($,.RADIAN.) );
#8011 = ( NAMED_UNIT(*) SI_UNIT($,.STERADIAN.) SOLID_ANGLE_UNIT() );
#8012 = UNCERTAINTY_MEASURE_WITH_UNIT(LENGTH_MEASURE(1.E-07),#8009,
  'distance_accuracy_value','confusion accuracy');
#8013 = CONTEXT_DEPENDENT_SHAPE_REPRESENTATION(#8014,#8016);
#8014 = ( REPRESENTATION_RELATIONSHIP('','',#7677,#10) 
REPRESENTATION_RELATIONSHIP_WITH_TRANSFORMATION(#8015) 
SHAPE_REPRESENTATION_RELATIONSHIP() );
#8015 = ITEM_DEFINED_TRANSFORMATION('','',#11,#39);
#8016 = PRODUCT_DEFINITION_SHAPE('Placement','Placement of an item',
  #8017);
#8017 = NEXT_ASSEMBLY_USAGE_OCCURRENCE('7','F1','',#5,#7672,$);
#8018 = PRODUCT_RELATED_PRODUCT_CATEGORY('part',$,(#7674));
#8019 = SHAPE_DEFINITION_REPRESENTATION(#8020,#8026);
#8020 = PRODUCT_DEFINITION_SHAPE('','',#8021);
#8021 = PRODUCT_DEFINITION('design','',#8022,#8025);
#8022 = PRODUCT_DEFINITION_FORMATION('','',#8023);
#8023 = PRODUCT('S1','S1','',(#8024));
#8024 = PRODUCT_CONTEXT('',#2,'mechanical');
#8025 = PRODUCT_DEFINITION_CONTEXT('part definition',#2,'design');
#8026 = ADVANCED_BREP_SHAPE_REPRESENTATION('',(#11,#8027),#8357);
#8027 = MANIFOLD_SOLID_BREP('',#8028);
#8028 = CLOSED_SHELL('',(#8029,#8149,#8249,#8296,#8343,#8350));
#8029 = ADVANCED_FACE('',(#8030),#8044,.F.);
#8030 = FACE_BOUND('',#8031,.F.);
#8031 = EDGE_LOOP('',(#8032,#8067,#8095,#8123));
#8032 = ORIENTED_EDGE('',*,*,#8033,.F.);
#8033 = EDGE_CURVE('',#8034,#8036,#8038,.T.);
#8034 = VERTEX_POINT('',#8035);
#8035 = CARTESIAN_POINT('',(-42.,-29.,4.));
#8036 = VERTEX_POINT('',#8037);
#8037 = CARTESIAN_POINT('',(-42.,-29.,24.));
#8038 = SURFACE_CURVE('',#8039,(#8043,#8055),.PCURVE_S1.);
#8039 = LINE('',#8040,#8041);
#8040 = CARTESIAN_POINT('',(-42.,-29.,4.));
#8041 = VECTOR('',#8042,1.);
#8042 = DIRECTION('',(0.,0.,1.));
#8043 = PCURVE('',#8044,#8049);
#8044 = PLANE('',#8045);
#8045 = AXIS2_PLACEMENT_3D('',#8046,#8047,#8048);
#8046 = CARTESIAN_POINT('',(-42.,-29.,4.));
#8047 = DIRECTION('',(1.,0.,0.));
#8048 = DIRECTION('',(0.,0.,1.));
#8049 = DEFINITIONAL_REPRESENTATION('',(#8050),#8054);
#8050 = LINE('',#8051,#8052);
#8051 = CARTESIAN_POINT('',(0.,0.));
#8052 = VECTOR('',#8053,1.);
#8053 = DIRECTION('',(1.,0.));
#8054 = ( GEOMETRIC_REPRESENTATION_CONTEXT(2) 
PARAMETRIC_REPRESENTATION_CONTEXT() REPRESENTATION_CONTEXT('2D SPACE',''
  ) );
#8055 = PCURVE('',#8056,#8061);
#8056 = PLANE('',#8057);
#8057 = AXIS2_PLACEMENT_3D('',#8058,#8059,#8060);
#8058 = CARTESIAN_POINT('',(-42.,-29.,4.));
#8059 = DIRECTION('',(0.,1.,0.));
#8060 = DIRECTION('',(0.,0.,1.));
#8061 = DEFINITIONAL_REPRESENTATION('',(#8062),#8066);
#8062 = LINE('',#8063,#8064);
#8063 = CARTESIAN_POINT('',(0.,0.));
#8064 = VECTOR('',#8065,1.);
#8065 = DIRECTION('',(1.,0.));
#8066 = ( GEOMETRIC_REPRESENTATION_CONTEXT(2) 
PARAMETRIC_REPRESENTATION_CONTEXT() REPRESENTATION_CONTEXT('2D SPACE',''
  ) );
#8067 = ORIENTED_EDGE('',*,*,#8068,.T.);
#8068 = EDGE_CURVE('',#8034,#8069,#8071,.T.);
#8069 = VERTEX_POINT('',#8070);
#8070 = CARTESIAN_POINT('',(-42.,-11.,4.));
#8071 = SURFACE_CURVE('',#8072,(#8076,#8083),.PCURVE_S1.);
#8072 = LINE('',#8073,#8074);
#8073 = CARTESIAN_POINT('',(-42.,-29.,4.));
#8074 = VECTOR('',#8075,1.);
#8075 = DIRECTION('',(0.,1.,0.));
#8076 = PCURVE('',#8044,#8077);
#8077 = DEFINITIONAL_REPRESENTATION('',(#8078),#8082);
#8078 = LINE('',#8079,#8080);
#8079 = CARTESIAN_POINT('',(0.,0.));
#8080 = VECTOR('',#8081,1.);
#8081 = DIRECTION('',(0.,-1.));
#8082 = ( GEOMETRIC_REPRESENTATION_CONTEXT(2) 
PARAMETRIC_REPRESENTATION_CONTEXT() REPRESENTATION_CONTEXT('2D SPACE',''
  ) );
#8083 = PCURVE('',#8084,#8089);
#8084 = PLANE('',#8085);
#8085 = AXIS2_PLACEMENT_3D('',#8086,#8087,#8088);
#8086 = CARTESIAN_POINT('',(-42.,-29.,4.));
#8087 = DIRECTION('',(0.,0.,1.));
#8088 = DIRECTION('',(1.,0.,0.));
#8089 = DEFINITIONAL_REPRESENTATION('',(#8090),#8094);
#8090 = LINE('',#8091,#8092);
#8091 = CARTESIAN_POINT('',(0.,0.));
#8092 = VECTOR('',#8093,1.);
#8093 = DIRECTION('',(0.,1.));
#8094 = ( GEOMETRIC_REPRESENTATION_CONTEXT(2) 
PARAMETRIC_REPRESENTATION_CONTEXT() REPRESENTATION_CONTEXT('2D SPACE',''
  ) );
#8095 = ORIENTED_EDGE('',*,*,#8096,.T.);
#8096 = EDGE_CURVE('',#8069,#8097,#8099,.T.);
#8097 = VERTEX_POINT('',#8098);
#8098 = CARTESIAN_POINT('',(-42.,-11.,24.));
#8099 = SURFACE_CURVE('',#8100,(#8104,#8111),.PCURVE_S1.);
#8100 = LINE('',#8101,#8102);
#8101 = CARTESIAN_POINT('',(-42.,-11.,4.));
#8102 = VECTOR('',#8103,1.);
#8103 = DIRECTION('',(0.,0.,1.));
#8104 = PCURVE('',#8044,#8105);
#8105 = DEFINITIONAL_REPRESENTATION('',(#8106),#8110);
#8106 = LINE('',#8107,#8108);
#8107 = CARTESIAN_POINT('',(0.,-18.));
#8108 = VECTOR('',#8109,1.);
#8109 = DIRECTION('',(1.,0.));
#8110 = ( GEOMETRIC_REPRESENTATION_CONTEXT(2) 
PARAMETRIC_REPRESENTATION_CONTEXT() REPRESENTATION_CONTEXT('2D SPACE',''
  ) );
#8111 = PCURVE('',#8112,#8117);
#8112 = PLANE('',#8113);
#8113 = AXIS2_PLACEMENT_3D('',#8114,#8115,#8116);
#8114 = CARTESIAN_POINT('',(-42.,-11.,4.));
#8115 = DIRECTION('',(0.,1.,0.));
#8116 = DIRECTION('',(0.,0.,1.));
#8117 = DEFINITIONAL_REPRESENTATION('',(#8118),#8122);
#8118 = LINE('',#8119,#8120);
#8119 = CARTESIAN_POINT('',(0.,0.));
#8120 = VECTOR('',#8121,1.);
#8121 = DIRECTION('',(1.,0.));
#8122 = ( GEOMETRIC_REPRESENTATION_CONTEXT(2) 
PARAMETRIC_REPRESENTATION_CONTEXT() REPRESENTATION_CONTEXT('2D SPACE',''
  ) );
#8123 = ORIENTED_EDGE('',*,*,#8124,.F.);
#8124 = EDGE_CURVE('',#8036,#8097,#8125,.T.);
#8125 = SURFACE_CURVE('',#8126,(#8130,#8137),.PCURVE_S1.);
#8126 = LINE('',#8127,#8128);
#8127 = CARTESIAN_POINT('',(-42.,-29.,24.));
#8128 = VECTOR('',#8129,1.);
#8129 = DIRECTION('',(0.,1.,0.));
#8130 = PCURVE('',#8044,#8131);
#8131 = DEFINITIONAL_REPRESENTATION('',(#8132),#8136);
#8132 = LINE('',#8133,#8134);
#8133 = CARTESIAN_POINT('',(20.,0.));
#8134 = VECTOR('',#8135,1.);
#8135 = DIRECTION('',(0.,-1.));
#8136 = ( GEOMETRIC_REPRESENTATION_CONTEXT(2) 
PARAMETRIC_REPRESENTATION_CONTEXT() REPRESENTATION_CONTEXT('2D SPACE',''
  ) );
#8137 = PCURVE('',#8138,#8143);
#8138 = PLANE('',#8139);
#8139 = AXIS2_PLACEMENT_3D('',#8140,#8141,#8142);
#8140 = CARTESIAN_POINT('',(-42.,-29.,24.));
#8141 = DIRECTION('',(0.,0.,1.));
#8142 = DIRECTION('',(1.,0.,0.));
#8143 = DEFINITIONAL_REPRESENTATION('',(#8144),#8148);
#8144 = LINE('',#8145,#8146);
#8145 = CARTESIAN_POINT('',(0.,0.));
#8146 = VECTOR('',#8147,1.);
#8147 = DIRECTION('',(0.,1.));
#8148 = ( GEOMETRIC_REPRESENTATION_CONTEXT(2) 
PARAMETRIC_REPRESENTATION_CONTEXT() REPRESENTATION_CONTEXT('2D SPACE',''
  ) );
#8149 = ADVANCED_FACE('',(#8150),#8164,.T.);
#8150 = FACE_BOUND('',#8151,.T.);
#8151 = EDGE_LOOP('',(#8152,#8182,#8205,#8228));
#8152 = ORIENTED_EDGE('',*,*,#8153,.F.);
#8153 = EDGE_CURVE('',#8154,#8156,#8158,.T.);
#8154 = VERTEX_POINT('',#8155);
#8155 = CARTESIAN_POINT('',(-22.,-29.,4.));
#8156 = VERTEX_POINT('',#8157);
#8157 = CARTESIAN_POINT('',(-22.,-29.,24.));
#8158 = SURFACE_CURVE('',#8159,(#8163,#8175),.PCURVE_S1.);
#8159 = LINE('',#8160,#8161);
#8160 = CARTESIAN_POINT('',(-22.,-29.,4.));
#8161 = VECTOR('',#8162,1.);
#8162 = DIRECTION('',(0.,0.,1.));
#8163 = PCURVE('',#8164,#8169);
#8164 = PLANE('',#8165);
#8165 = AXIS2_PLACEMENT_3D('',#8166,#8167,#8168);
#8166 = CARTESIAN_POINT('',(-22.,-29.,4.));
#8167 = DIRECTION('',(1.,0.,0.));
#8168 = DIRECTION('',(0.,0.,1.));
#8169 = DEFINITIONAL_REPRESENTATION('',(#8170),#8174);
#8170 = LINE('',#8171,#8172);
#8171 = CARTESIAN_POINT('',(0.,0.));
#8172 = VECTOR('',#8173,1.);
#8173 = DIRECTION('',(1.,0.));
#8174 = ( GEOMETRIC_REPRESENTATION_CONTEXT(2) 
PARAMETRIC_REPRESENTATION_CONTEXT() REPRESENTATION_CONTEXT('2D SPACE',''
  ) );
#8175 = PCURVE('',#8056,#8176);
#8176 = DEFINITIONAL_REPRESENTATION('',(#8177),#8181);
#8177 = LINE('',#8178,#8179);
#8178 = CARTESIAN_POINT('',(0.,20.));
#8179 = VECTOR('',#8180,1.);
#8180 = DIRECTION('',(1.,0.));
#8181 = ( GEOMETRIC_REPRESENTATION_CONTEXT(2) 
PARAMETRIC_REPRESENTATION_CONTEXT() REPRESENTATION_CONTEXT('2D SPACE',''
  ) );
#8182 = ORIENTED_EDGE('',*,*,#8183,.T.);
#8183 = EDGE_CURVE('',#8154,#8184,#8186,.T.);
#8184 = VERTEX_POINT('',#8185);
#8185 = CARTESIAN_POINT('',(-22.,-11.,4.));
#8186 = SURFACE_CURVE('',#8187,(#8191,#8198),.PCURVE_S1.);
#8187 = LINE('',#8188,#8189);
#8188 = CARTESIAN_POINT('',(-22.,-29.,4.));
#8189 = VECTOR('',#8190,1.);
#8190 = DIRECTION('',(0.,1.,0.));
#8191 = PCURVE('',#8164,#8192);
#8192 = DEFINITIONAL_REPRESENTATION('',(#8193),#8197);
#8193 = LINE('',#8194,#8195);
#8194 = CARTESIAN_POINT('',(0.,0.));
#8195 = VECTOR('',#8196,1.);
#8196 = DIRECTION('',(0.,-1.));
#8197 = ( GEOMETRIC_REPRESENTATION_CONTEXT(2) 
PARAMETRIC_REPRESENTATION_CONTEXT() REPRESENTATION_CONTEXT('2D SPACE',''
  ) );
#8198 = PCURVE('',#8084,#8199);
#8199 = DEFINITIONAL_REPRESENTATION('',(#8200),#8204);
#8200 = LINE('',#8201,#8202);
#8201 = CARTESIAN_POINT('',(20.,0.));
#8202 = VECTOR('',#8203,1.);
#8203 = DIRECTION('',(0.,1.));
#8204 = ( GEOMETRIC_REPRESENTATION_CONTEXT(2) 
PARAMETRIC_REPRESENTATION_CONTEXT() REPRESENTATION_CONTEXT('2D SPACE',''
  ) );
#8205 = ORIENTED_EDGE('',*,*,#8206,.T.);
#8206 = EDGE_CURVE('',#8184,#8207,#8209,.T.);
#8207 = VERTEX_POINT('',#8208);
#8208 = CARTESIAN_POINT('',(-22.,-11.,24.));
#8209 = SURFACE_CURVE('',#8210,(#8214,#8221),.PCURVE_S1.);
#8210 = LINE('',#8211,#8212);
#8211 = CARTESIAN_POINT('',(-22.,-11.,4.));
#8212 = VECTOR('',#8213,1.);
#8213 = DIRECTION('',(0.,0.,1.));
#8214 = PCURVE('',#8164,#8215);
#8215 = DEFINITIONAL_REPRESENTATION('',(#8216),#8220);
#8216 = LINE('',#8217,#8218);
#8217 = CARTESIAN_POINT('',(0.,-18.));
#8218 = VECTOR('',#8219,1.);
#8219 = DIRECTION('',(1.,0.));
#8220 = ( GEOMETRIC_REPRESENTATION_CONTEXT(2) 
PARAMETRIC_REPRESENTATION_CONTEXT() REPRESENTATION_CONTEXT('2D SPACE',''
  ) );
#8221 = PCURVE('',#8112,#8222);
#8222 = DEFINITIONAL_REPRESENTATION('',(#8223),#8227);
#8223 = LINE('',#8224,#8225);
#8224 = CARTESIAN_POINT('',(0.,20.));
#8225 = VECTOR('',#8226,1.);
#8226 = DIRECTION('',(1.,0.));
#8227 = ( GEOMETRIC_REPRESENTATION_CONTEXT(2) 
PARAMETRIC_REPRESENTATION_CONTEXT() REPRESENTATION_CONTEXT('2D SPACE',''
  ) );
#8228 = ORIENTED_EDGE('',*,*,#8229,.F.);
#8229 = EDGE_CURVE('',#8156,#8207,#8230,.T.);
#8230 = SURFACE_CURVE('',#8231,(#8235,#8242),.PCURVE_S1.);
#8231 = LINE('',#8232,#8233);
#8232 = CARTESIAN_POINT('',(-22.,-29.,24.));
#8233 = VECTOR('',#8234,1.);
#8234 = DIRECTION('',(0.,1.,0.));
#8235 = PCURVE('',#8164,#8236);
#8236 = DEFINITIONAL_REPRESENTATION('',(#8237),#8241);
#8237 = LINE('',#8238,#8239);
#8238 = CARTESIAN_POINT('',(20.,0.));
#8239 = VECTOR('',#8240,1.);
#8240 = DIRECTION('',(0.,-1.));
#8241 = ( GEOMETRIC_REPRESENTATION_CONTEXT(2) 
PARAMETRIC_REPRESENTATION_CONTEXT() REPRESENTATION_CONTEXT('2D SPACE',''
  ) );
#8242 = PCURVE('',#8138,#8243);
#8243 = DEFINITIONAL_REPRESENTATION('',(#8244),#8248);
#8244 = LINE('',#8245,#8246);
#8245 = CARTESIAN_POINT('',(20.,0.));
#8246 = VECTOR('',#8247,1.);
#8247 = DIRECTION('',(0.,1.));
#8248 = ( GEOMETRIC_REPRESENTATION_CONTEXT(2) 
PARAMETRIC_REPRESENTATION_CONTEXT() REPRESENTATION_CONTEXT('2D SPACE',''
  ) );
#8249 = ADVANCED_FACE('',(#8250),#8056,.F.);
#8250 = FACE_BOUND('',#8251,.F.);
#8251 = EDGE_LOOP('',(#8252,#8273,#8274,#8295));
#8252 = ORIENTED_EDGE('',*,*,#8253,.F.);
#8253 = EDGE_CURVE('',#8034,#8154,#8254,.T.);
#8254 = SURFACE_CURVE('',#8255,(#8259,#8266),.PCURVE_S1.);
#8255 = LINE('',#8256,#8257);
#8256 = CARTESIAN_POINT('',(-42.,-29.,4.));
#8257 = VECTOR('',#8258,1.);
#8258 = DIRECTION('',(1.,0.,0.));
#8259 = PCURVE('',#8056,#8260);
#8260 = DEFINITIONAL_REPRESENTATION('',(#8261),#8265);
#8261 = LINE('',#8262,#8263);
#8262 = CARTESIAN_POINT('',(0.,0.));
#8263 = VECTOR('',#8264,1.);
#8264 = DIRECTION('',(0.,1.));
#8265 = ( GEOMETRIC_REPRESENTATION_CONTEXT(2) 
PARAMETRIC_REPRESENTATION_CONTEXT() REPRESENTATION_CONTEXT('2D SPACE',''
  ) );
#8266 = PCURVE('',#8084,#8267);
#8267 = DEFINITIONAL_REPRESENTATION('',(#8268),#8272);
#8268 = LINE('',#8269,#8270);
#8269 = CARTESIAN_POINT('',(0.,0.));
#8270 = VECTOR('',#8271,1.);
#8271 = DIRECTION('',(1.,0.));
#8272 = ( GEOMETRIC_REPRESENTATION_CONTEXT(2) 
PARAMETRIC_REPRESENTATION_CONTEXT() REPRESENTATION_CONTEXT('2D SPACE',''
  ) );
#8273 = ORIENTED_EDGE('',*,*,#8033,.T.);
#8274 = ORIENTED_EDGE('',*,*,#8275,.T.);
#8275 = EDGE_CURVE('',#8036,#8156,#8276,.T.);
#8276 = SURFACE_CURVE('',#8277,(#8281,#8288),.PCURVE_S1.);
#8277 = LINE('',#8278,#8279);
#8278 = CARTESIAN_POINT('',(-42.,-29.,24.));
#8279 = VECTOR('',#8280,1.);
#8280 = DIRECTION('',(1.,0.,0.));
#8281 = PCURVE('',#8056,#8282);
#8282 = DEFINITIONAL_REPRESENTATION('',(#8283),#8287);
#8283 = LINE('',#8284,#8285);
#8284 = CARTESIAN_POINT('',(20.,0.));
#8285 = VECTOR('',#8286,1.);
#8286 = DIRECTION('',(0.,1.));
#8287 = ( GEOMETRIC_REPRESENTATION_CONTEXT(2) 
PARAMETRIC_REPRESENTATION_CONTEXT() REPRESENTATION_CONTEXT('2D SPACE',''
  ) );
#8288 = PCURVE('',#8138,#8289);
#8289 = DEFINITIONAL_REPRESENTATION('',(#8290),#8294);
#8290 = LINE('',#8291,#8292);
#8291 = CARTESIAN_POINT('',(0.,0.));
#8292 = VECTOR('',#8293,1.);
#8293 = DIRECTION('',(1.,0.));
#8294 = ( GEOMETRIC_REPRESENTATION_CONTEXT(2) 
PARAMETRIC_REPRESENTATION_CONTEXT() REPRESENTATION_CONTEXT('2D SPACE',''
  ) );
#8295 = ORIENTED_EDGE('',*,*,#8153,.F.);
#8296 = ADVANCED_FACE('',(#8297),#8112,.T.);
#8297 = FACE_BOUND('',#8298,.T.);
#8298 = EDGE_LOOP('',(#8299,#8320,#8321,#8342));
#8299 = ORIENTED_EDGE('',*,*,#8300,.F.);
#8300 = EDGE_CURVE('',#8069,#8184,#8301,.T.);
#8301 = SURFACE_CURVE('',#8302,(#8306,#8313),.PCURVE_S1.);
#8302 = LINE('',#8303,#8304);
#8303 = CARTESIAN_POINT('',(-42.,-11.,4.));
#8304 = VECTOR('',#8305,1.);
#8305 = DIRECTION('',(1.,0.,0.));
#8306 = PCURVE('',#8112,#8307);
#8307 = DEFINITIONAL_REPRESENTATION('',(#8308),#8312);
#8308 = LINE('',#8309,#8310);
#8309 = CARTESIAN_POINT('',(0.,0.));
#8310 = VECTOR('',#8311,1.);
#8311 = DIRECTION('',(0.,1.));
#8312 = ( GEOMETRIC_REPRESENTATION_CONTEXT(2) 
PARAMETRIC_REPRESENTATION_CONTEXT() REPRESENTATION_CONTEXT('2D SPACE',''
  ) );
#8313 = PCURVE('',#8084,#8314);
#8314 = DEFINITIONAL_REPRESENTATION('',(#8315),#8319);
#8315 = LINE('',#8316,#8317);
#8316 = CARTESIAN_POINT('',(0.,18.));
#8317 = VECTOR('',#8318,1.);
#8318 = DIRECTION('',(1.,0.));
#8319 = ( GEOMETRIC_REPRESENTATION_CONTEXT(2) 
PARAMETRIC_REPRESENTATION_CONTEXT() REPRESENTATION_CONTEXT('2D SPACE',''
  ) );
#8320 = ORIENTED_EDGE('',*,*,#8096,.T.);
#8321 = ORIENTED_EDGE('',*,*,#8322,.T.);
#8322 = EDGE_CURVE('',#8097,#8207,#8323,.T.);
#8323 = SURFACE_CURVE('',#8324,(#8328,#8335),.PCURVE_S1.);
#8324 = LINE('',#8325,#8326);
#8325 = CARTESIAN_POINT('',(-42.,-11.,24.));
#8326 = VECTOR('',#8327,1.);
#8327 = DIRECTION('',(1.,0.,0.));
#8328 = PCURVE('',#8112,#8329);
#8329 = DEFINITIONAL_REPRESENTATION('',(#8330),#8334);
#8330 = LINE('',#8331,#8332);
#8331 = CARTESIAN_POINT('',(20.,0.));
#8332 = VECTOR('',#8333,1.);
#8333 = DIRECTION('',(0.,1.));
#8334 = ( GEOMETRIC_REPRESENTATION_CONTEXT(2) 
PARAMETRIC_REPRESENTATION_CONTEXT() REPRESENTATION_CONTEXT('2D SPACE',''
  ) );
#8335 = PCURVE('',#8138,#8336);
#8336 = DEFINITIONAL_REPRESENTATION('',(#8337),#8341);
#8337 = LINE('',#8338,#8339);
#8338 = CARTESIAN_POINT('',(0.,18.));
#8339 = VECTOR('',#8340,1.);
#8340 = DIRECTION('',(1.,0.));
#8341 = ( GEOMETRIC_REPRESENTATION_CONTEXT(2) 
PARAMETRIC_REPRESENTATION_CONTEXT() REPRESENTATION_CONTEXT('2D SPACE',''
  ) );
#8342 = ORIENTED_EDGE('',*,*,#8206,.F.);
#8343 = ADVANCED_FACE('',(#8344),#8084,.F.);
#8344 = FACE_BOUND('',#8345,.F.);
#8345 = EDGE_LOOP('',(#8346,#8347,#8348,#8349));
#8346 = ORIENTED_EDGE('',*,*,#8068,.F.);
#8347 = ORIENTED_EDGE('',*,*,#8253,.T.);
#8348 = ORIENTED_EDGE('',*,*,#8183,.T.);
#8349 = ORIENTED_EDGE('',*,*,#8300,.F.);
#8350 = ADVANCED_FACE('',(#8351),#8138,.T.);
#8351 = FACE_BOUND('',#8352,.T.);
#8352 = EDGE_LOOP('',(#8353,#8354,#8355,#8356));
#8353 = ORIENTED_EDGE('',*,*,#8124,.F.);
#8354 = ORIENTED_EDGE('',*,*,#8275,.T.);
#8355 = ORIENTED_EDGE('',*,*,#8229,.T.);
#8356 = ORIENTED_EDGE('',*,*,#8322,.F.);
#8357 = ( GEOMETRIC_REPRESENTATION_CONTEXT(3) 
GLOBAL_UNCERTAINTY_ASSIGNED_CONTEXT((#8361)) 
GLOBAL_UNIT_ASSIGNED_CONTEXT((#8358,#8359,#8360)) REPRESENTATION_CONTEXT
('Context #1','3D Context with UNIT and UNCERTAINTY') );
#8358 = ( LENGTH_UNIT() NAMED_UNIT(*) SI_UNIT(.MILLI.,.METRE.) );
#8359 = ( NAMED_UNIT(*) PLANE_ANGLE_UNIT() SI_UNIT($,.RADIAN.) );
#8360 = ( NAMED_UNIT(*) SI_UNIT($,.STERADIAN.) SOLID_ANGLE_UNIT() );
#8361 = UNCERTAINTY_MEASURE_WITH_UNIT(LENGTH_MEASURE(1.E-07),#8358,
  'distance_accuracy_value','confusion accuracy');
#8362 = CONTEXT_DEPENDENT_SHAPE_REPRESENTATION(#8363,#8365);
#8363 = ( REPRESENTATION_RELATIONSHIP('','',#8026,#10) 
REPRESENTATION_RELATIONSHIP_WITH_TRANSFORMATION(#8364) 
SHAPE_REPRESENTATION_RELATIONSHIP() );
#8364 = ITEM_DEFINED_TRANSFORMATION('','',#11,#43);
#8365 = PRODUCT_DEFINITION_SHAPE('Placement','Placement of an item',
  #8366);
#8366 = NEXT_ASSEMBLY_USAGE_OCCURRENCE('8','S1','',#5,#8021,$);
#8367 = PRODUCT_RELATED_PRODUCT_CATEGORY('part',$,(#8023));
#8368 = SHAPE_DEFINITION_REPRESENTATION(#8369,#8375);
#8369 = PRODUCT_DEFINITION_SHAPE('','',#8370);
#8370 = PRODUCT_DEFINITION('design','',#8371,#8374);
#8371 = PRODUCT_DEFINITION_FORMATION('','',#8372);
#8372 = PRODUCT('U2','U2','',(#8373));
#8373 = PRODUCT_CONTEXT('',#2,'mechanical');
#8374 = PRODUCT_DEFINITION_CONTEXT('part definition',#2,'design');
#8375 = ADVANCED_BREP_SHAPE_REPRESENTATION('',(#11,#8376),#8706);
#8376 = MANIFOLD_SOLID_BREP('',#8377);
#8377 = CLOSED_SHELL('',(#8378,#8498,#8598,#8645,#8692,#8699));
#8378 = ADVANCED_FACE('',(#8379),#8393,.F.);
#8379 = FACE_BOUND('',#8380,.F.);
#8380 = EDGE_LOOP('',(#8381,#8416,#8444,#8472));
#8381 = ORIENTED_EDGE('',*,*,#8382,.F.);
#8382 = EDGE_CURVE('',#8383,#8385,#8387,.T.);
#8383 = VERTEX_POINT('',#8384);
#8384 = CARTESIAN_POINT('',(17.5,14.,4.));
#8385 = VERTEX_POINT('',#8386);
#8386 = CARTESIAN_POINT('',(17.5,14.,16.));
#8387 = SURFACE_CURVE('',#8388,(#8392,#8404),.PCURVE_S1.);
#8388 = LINE('',#8389,#8390);
#8389 = CARTESIAN_POINT('',(17.5,14.,4.));
#8390 = VECTOR('',#8391,1.);
#8391 = DIRECTION('',(0.,0.,1.));
#8392 = PCURVE('',#8393,#8398);
#8393 = PLANE('',#8394);
#8394 = AXIS2_PLACEMENT_3D('',#8395,#8396,#8397);
#8395 = CARTESIAN_POINT('',(17.5,14.,4.));
#8396 = DIRECTION('',(1.,0.,0.));
#8397 = DIRECTION('',(0.,0.,1.));
#8398 = DEFINITIONAL_REPRESENTATION('',(#8399),#8403);
#8399 = LINE('',#8400,#8401);
#8400 = CARTESIAN_POINT('',(0.,0.));
#8401 = VECTOR('',#8402,1.);
#8402 = DIRECTION('',(1.,0.));
#8403 = ( GEOMETRIC_REPRESENTATION_CONTEXT(2) 
PARAMETRIC_REPRESENTATION_CONTEXT() REPRESENTATION_CONTEXT('2D SPACE',''
  ) );
#8404 = PCURVE('',#8405,#8410);
#8405 = PLANE('',#8406);
#8406 = AXIS2_PLACEMENT_3D('',#8407,#8408,#8409);
#8407 = CARTESIAN_POINT('',(17.5,14.,4.));
#8408 = DIRECTION('',(0.,1.,0.));
#8409 = DIRECTION('',(0.,0.,1.));
#8410 = DEFINITIONAL_REPRESENTATION('',(#8411),#8415);
#8411 = LINE('',#8412,#8413);
#8412 = CARTESIAN_POINT('',(0.,0.));
#8413 = VECTOR('',#8414,1.);
#8414 = DIRECTION('',(1.,0.));
#8415 = ( GEOMETRIC_REPRESENTATION_CONTEXT(2) 
PARAMETRIC_REPRESENTATION_CONTEXT() REPRESENTATION_CONTEXT('2D SPACE',''
  ) );
#8416 = ORIENTED_EDGE('',*,*,#8417,.T.);
#8417 = EDGE_CURVE('',#8383,#8418,#8420,.T.);
#8418 = VERTEX_POINT('',#8419);
#8419 = CARTESIAN_POINT('',(17.5,32.,4.));
#8420 = SURFACE_CURVE('',#8421,(#8425,#8432),.PCURVE_S1.);
#8421 = LINE('',#8422,#8423);
#8422 = CARTESIAN_POINT('',(17.5,14.,4.));
#8423 = VECTOR('',#8424,1.);
#8424 = DIRECTION('',(0.,1.,0.));
#8425 = PCURVE('',#8393,#8426);
#8426 = DEFINITIONAL_REPRESENTATION('',(#8427),#8431);
#8427 = LINE('',#8428,#8429);
#8428 = CARTESIAN_POINT('',(0.,0.));
#8429 = VECTOR('',#8430,1.);
#8430 = DIRECTION('',(0.,-1.));
#8431 = ( GEOMETRIC_REPRESENTATION_CONTEXT(2) 
PARAMETRIC_REPRESENTATION_CONTEXT() REPRESENTATION_CONTEXT('2D SPACE',''
  ) );
#8432 = PCURVE('',#8433,#8438);
#8433 = PLANE('',#8434);
#8434 = AXIS2_PLACEMENT_3D('',#8435,#8436,#8437);
#8435 = CARTESIAN_POINT('',(17.5,14.,4.));
#8436 = DIRECTION('',(0.,0.,1.));
#8437 = DIRECTION('',(1.,0.,0.));
#8438 = DEFINITIONAL_REPRESENTATION('',(#8439),#8443);
#8439 = LINE('',#8440,#8441);
#8440 = CARTESIAN_POINT('',(0.,0.));
#8441 = VECTOR('',#8442,1.);
#8442 = DIRECTION('',(0.,1.));
#8443 = ( GEOMETRIC_REPRESENTATION_CONTEXT(2) 
PARAMETRIC_REPRESENTATION_CONTEXT() REPRESENTATION_CONTEXT('2D SPACE',''
  ) );
#8444 = ORIENTED_EDGE('',*,*,#8445,.T.);
#8445 = EDGE_CURVE('',#8418,#8446,#8448,.T.);
#8446 = VERTEX_POINT('',#8447);
#8447 = CARTESIAN_POINT('',(17.5,32.,16.));
#8448 = SURFACE_CURVE('',#8449,(#8453,#8460),.PCURVE_S1.);
#8449 = LINE('',#8450,#8451);
#8450 = CARTESIAN_POINT('',(17.5,32.,4.));
#8451 = VECTOR('',#8452,1.);
#8452 = DIRECTION('',(0.,0.,1.));
#8453 = PCURVE('',#8393,#8454);
#8454 = DEFINITIONAL_REPRESENTATION('',(#8455),#8459);
#8455 = LINE('',#8456,#8457);
#8456 = CARTESIAN_POINT('',(0.,-18.));
#8457 = VECTOR('',#8458,1.);
#8458 = DIRECTION('',(1.,0.));
#8459 = ( GEOMETRIC_REPRESENTATION_CONTEXT(2) 
PARAMETRIC_REPRESENTATION_CONTEXT() REPRESENTATION_CONTEXT('2D SPACE',''
  ) );
#8460 = PCURVE('',#8461,#8466);
#8461 = PLANE('',#8462);
#8462 = AXIS2_PLACEMENT_3D('',#8463,#8464,#8465);
#8463 = CARTESIAN_POINT('',(17.5,32.,4.));
#8464 = DIRECTION('',(0.,1.,0.));
#8465 = DIRECTION('',(0.,0.,1.));
#8466 = DEFINITIONAL_REPRESENTATION('',(#8467),#8471);
#8467 = LINE('',#8468,#8469);
#8468 = CARTESIAN_POINT('',(0.,0.));
#8469 = VECTOR('',#8470,1.);
#8470 = DIRECTION('',(1.,0.));
#8471 = ( GEOMETRIC_REPRESENTATION_CONTEXT(2) 
PARAMETRIC_REPRESENTATION_CONTEXT() REPRESENTATION_CONTEXT('2D SPACE',''
  ) );
#8472 = ORIENTED_EDGE('',*,*,#8473,.F.);
#8473 = EDGE_CURVE('',#8385,#8446,#8474,.T.);
#8474 = SURFACE_CURVE('',#8475,(#8479,#8486),.PCURVE_S1.);
#8475 = LINE('',#8476,#8477);
#8476 = CARTESIAN_POINT('',(17.5,14.,16.));
#8477 = VECTOR('',#8478,1.);
#8478 = DIRECTION('',(0.,1.,0.));
#8479 = PCURVE('',#8393,#8480);
#8480 = DEFINITIONAL_REPRESENTATION('',(#8481),#8485);
#8481 = LINE('',#8482,#8483);
#8482 = CARTESIAN_POINT('',(12.,0.));
#8483 = VECTOR('',#8484,1.);
#8484 = DIRECTION('',(0.,-1.));
#8485 = ( GEOMETRIC_REPRESENTATION_CONTEXT(2) 
PARAMETRIC_REPRESENTATION_CONTEXT() REPRESENTATION_CONTEXT('2D SPACE',''
  ) );
#8486 = PCURVE('',#8487,#8492);
#8487 = PLANE('',#8488);
#8488 = AXIS2_PLACEMENT_3D('',#8489,#8490,#8491);
#8489 = CARTESIAN_POINT('',(17.5,14.,16.));
#8490 = DIRECTION('',(0.,0.,1.));
#8491 = DIRECTION('',(1.,0.,0.));
#8492 = DEFINITIONAL_REPRESENTATION('',(#8493),#8497);
#8493 = LINE('',#8494,#8495);
#8494 = CARTESIAN_POINT('',(0.,0.));
#8495 = VECTOR('',#8496,1.);
#8496 = DIRECTION('',(0.,1.));
#8497 = ( GEOMETRIC_REPRESENTATION_CONTEXT(2) 
PARAMETRIC_REPRESENTATION_CONTEXT() REPRESENTATION_CONTEXT('2D SPACE',''
  ) );
#8498 = ADVANCED_FACE('',(#8499),#8513,.T.);
#8499 = FACE_BOUND('',#8500,.T.);
#8500 = EDGE_LOOP('',(#8501,#8531,#8554,#8577));
#8501 = ORIENTED_EDGE('',*,*,#8502,.F.);
#8502 = EDGE_CURVE('',#8503,#8505,#8507,.T.);
#8503 = VERTEX_POINT('',#8504);
#8504 = CARTESIAN_POINT('',(42.5,14.,4.));
#8505 = VERTEX_POINT('',#8506);
#8506 = CARTESIAN_POINT('',(42.5,14.,16.));
#8507 = SURFACE_CURVE('',#8508,(#8512,#8524),.PCURVE_S1.);
#8508 = LINE('',#8509,#8510);
#8509 = CARTESIAN_POINT('',(42.5,14.,4.));
#8510 = VECTOR('',#8511,1.);
#8511 = DIRECTION('',(0.,0.,1.));
#8512 = PCURVE('',#8513,#8518);
#8513 = PLANE('',#8514);
#8514 = AXIS2_PLACEMENT_3D('',#8515,#8516,#8517);
#8515 = CARTESIAN_POINT('',(42.5,14.,4.));
#8516 = DIRECTION('',(1.,0.,0.));
#8517 = DIRECTION('',(0.,0.,1.));
#8518 = DEFINITIONAL_REPRESENTATION('',(#8519),#8523);
#8519 = LINE('',#8520,#8521);
#8520 = CARTESIAN_POINT('',(0.,0.));
#8521 = VECTOR('',#8522,1.);
#8522 = DIRECTION('',(1.,0.));
#8523 = ( GEOMETRIC_REPRESENTATION_CONTEXT(2) 
PARAMETRIC_REPRESENTATION_CONTEXT() REPRESENTATION_CONTEXT('2D SPACE',''
  ) );
#8524 = PCURVE('',#8405,#8525);
#8525 = DEFINITIONAL_REPRESENTATION('',(#8526),#8530);
#8526 = LINE('',#8527,#8528);
#8527 = CARTESIAN_POINT('',(0.,25.));
#8528 = VECTOR('',#8529,1.);
#8529 = DIRECTION('',(1.,0.));
#8530 = ( GEOMETRIC_REPRESENTATION_CONTEXT(2) 
PARAMETRIC_REPRESENTATION_CONTEXT() REPRESENTATION_CONTEXT('2D SPACE',''
  ) );
#8531 = ORIENTED_EDGE('',*,*,#8532,.T.);
#8532 = EDGE_CURVE('',#8503,#8533,#8535,.T.);
#8533 = VERTEX_POINT('',#8534);
#8534 = CARTESIAN_POINT('',(42.5,32.,4.));
#8535 = SURFACE_CURVE('',#8536,(#8540,#8547),.PCURVE_S1.);
#8536 = LINE('',#8537,#8538);
#8537 = CARTESIAN_POINT('',(42.5,14.,4.));
#8538 = VECTOR('',#8539,1.);
#8539 = DIRECTION('',(0.,1.,0.));
#8540 = PCURVE('',#8513,#8541);
#8541 = DEFINITIONAL_REPRESENTATION('',(#8542),#8546);
#8542 = LINE('',#8543,#8544);
#8543 = CARTESIAN_POINT('',(0.,0.));
#8544 = VECTOR('',#8545,1.);
#8545 = DIRECTION('',(0.,-1.));
#8546 = ( GEOMETRIC_REPRESENTATION_CONTEXT(2) 
PARAMETRIC_REPRESENTATION_CONTEXT() REPRESENTATION_CONTEXT('2D SPACE',''
  ) );
#8547 = PCURVE('',#8433,#8548);
#8548 = DEFINITIONAL_REPRESENTATION('',(#8549),#8553);
#8549 = LINE('',#8550,#8551);
#8550 = CARTESIAN_POINT('',(25.,0.));
#8551 = VECTOR('',#8552,1.);
#8552 = DIRECTION('',(0.,1.));
#8553 = ( GEOMETRIC_REPRESENTATION_CONTEXT(2) 
PARAMETRIC_REPRESENTATION_CONTEXT() REPRESENTATION_CONTEXT('2D SPACE',''
  ) );
#8554 = ORIENTED_EDGE('',*,*,#8555,.T.);
#8555 = EDGE_CURVE('',#8533,#8556,#8558,.T.);
#8556 = VERTEX_POINT('',#8557);
#8557 = CARTESIAN_POINT('',(42.5,32.,16.));
#8558 = SURFACE_CURVE('',#8559,(#8563,#8570),.PCURVE_S1.);
#8559 = LINE('',#8560,#8561);
#8560 = CARTESIAN_POINT('',(42.5,32.,4.));
#8561 = VECTOR('',#8562,1.);
#8562 = DIRECTION('',(0.,0.,1.));
#8563 = PCURVE('',#8513,#8564);
#8564 = DEFINITIONAL_REPRESENTATION('',(#8565),#8569);
#8565 = LINE('',#8566,#8567);
#8566 = CARTESIAN_POINT('',(0.,-18.));
#8567 = VECTOR('',#8568,1.);
#8568 = DIRECTION('',(1.,0.));
#8569 = ( GEOMETRIC_REPRESENTATION_CONTEXT(2) 
PARAMETRIC_REPRESENTATION_CONTEXT() REPRESENTATION_CONTEXT('2D SPACE',''
  ) );
#8570 = PCURVE('',#8461,#8571);
#8571 = DEFINITIONAL_REPRESENTATION('',(#8572),#8576);
#8572 = LINE('',#8573,#8574);
#8573 = CARTESIAN_POINT('',(0.,25.));
#8574 = VECTOR('',#8575,1.);
#8575 = DIRECTION('',(1.,0.));
#8576 = ( GEOMETRIC_REPRESENTATION_CONTEXT(2) 
PARAMETRIC_REPRESENTATION_CONTEXT() REPRESENTATION_CONTEXT('2D SPACE',''
  ) );
#8577 = ORIENTED_EDGE('',*,*,#8578,.F.);
#8578 = EDGE_CURVE('',#8505,#8556,#8579,.T.);
#8579 = SURFACE_CURVE('',#8580,(#8584,#8591),.PCURVE_S1.);
#8580 = LINE('',#8581,#8582);
#8581 = CARTESIAN_POINT('',(42.5,14.,16.));
#8582 = VECTOR('',#8583,1.);
#8583 = DIRECTION('',(0.,1.,0.));
#8584 = PCURVE('',#8513,#8585);
#8585 = DEFINITIONAL_REPRESENTATION('',(#8586),#8590);
#8586 = LINE('',#8587,#8588);
#8587 = CARTESIAN_POINT('',(12.,0.));
#8588 = VECTOR('',#8589,1.);
#8589 = DIRECTION('',(0.,-1.));
#8590 = ( GEOMETRIC_REPRESENTATION_CONTEXT(2) 
PARAMETRIC_REPRESENTATION_CONTEXT() REPRESENTATION_CONTEXT('2D SPACE',''
  ) );
#8591 = PCURVE('',#8487,#8592);
#8592 = DEFINITIONAL_REPRESENTATION('',(#8593),#8597);
#8593 = LINE('',#8594,#8595);
#8594 = CARTESIAN_POINT('',(25.,0.));
#8595 = VECTOR('',#8596,1.);
#8596 = DIRECTION('',(0.,1.));
#8597 = ( GEOMETRIC_REPRESENTATION_CONTEXT(2) 
PARAMETRIC_REPRESENTATION_CONTEXT() REPRESENTATION_CONTEXT('2D SPACE',''
  ) );
#8598 = ADVANCED_FACE('',(#8599),#8405,.F.);
#8599 = FACE_BOUND('',#8600,.F.);
#8600 = EDGE_LOOP('',(#8601,#8622,#8623,#8644));
#8601 = ORIENTED_EDGE('',*,*,#8602,.F.);
#8602 = EDGE_CURVE('',#8383,#8503,#8603,.T.);
#8603 = SURFACE_CURVE('',#8604,(#8608,#8615),.PCURVE_S1.);
#8604 = LINE('',#8605,#8606);
#8605 = CARTESIAN_POINT('',(17.5,14.,4.));
#8606 = VECTOR('',#8607,1.);
#8607 = DIRECTION('',(1.,0.,0.));
#8608 = PCURVE('',#8405,#8609);
#8609 = DEFINITIONAL_REPRESENTATION('',(#8610),#8614);
#8610 = LINE('',#8611,#8612);
#8611 = CARTESIAN_POINT('',(0.,0.));
#8612 = VECTOR('',#8613,1.);
#8613 = DIRECTION('',(0.,1.));
#8614 = ( GEOMETRIC_REPRESENTATION_CONTEXT(2) 
PARAMETRIC_REPRESENTATION_CONTEXT() REPRESENTATION_CONTEXT('2D SPACE',''
  ) );
#8615 = PCURVE('',#8433,#8616);
#8616 = DEFINITIONAL_REPRESENTATION('',(#8617),#8621);
#8617 = LINE('',#8618,#8619);
#8618 = CARTESIAN_POINT('',(0.,0.));
#8619 = VECTOR('',#8620,1.);
#8620 = DIRECTION('',(1.,0.));
#8621 = ( GEOMETRIC_REPRESENTATION_CONTEXT(2) 
PARAMETRIC_REPRESENTATION_CONTEXT() REPRESENTATION_CONTEXT('2D SPACE',''
  ) );
#8622 = ORIENTED_EDGE('',*,*,#8382,.T.);
#8623 = ORIENTED_EDGE('',*,*,#8624,.T.);
#8624 = EDGE_CURVE('',#8385,#8505,#8625,.T.);
#8625 = SURFACE_CURVE('',#8626,(#8630,#8637),.PCURVE_S1.);
#8626 = LINE('',#8627,#8628);
#8627 = CARTESIAN_POINT('',(17.5,14.,16.));
#8628 = VECTOR('',#8629,1.);
#8629 = DIRECTION('',(1.,0.,0.));
#8630 = PCURVE('',#8405,#8631);
#8631 = DEFINITIONAL_REPRESENTATION('',(#8632),#8636);
#8632 = LINE('',#8633,#8634);
#8633 = CARTESIAN_POINT('',(12.,0.));
#8634 = VECTOR('',#8635,1.);
#8635 = DIRECTION('',(0.,1.));
#8636 = ( GEOMETRIC_REPRESENTATION_CONTEXT(2) 
PARAMETRIC_REPRESENTATION_CONTEXT() REPRESENTATION_CONTEXT('2D SPACE',''
  ) );
#8637 = PCURVE('',#8487,#8638);
#8638 = DEFINITIONAL_REPRESENTATION('',(#8639),#8643);
#8639 = LINE('',#8640,#8641);
#8640 = CARTESIAN_POINT('',(0.,0.));
#8641 = VECTOR('',#8642,1.);
#8642 = DIRECTION('',(1.,0.));
#8643 = ( GEOMETRIC_REPRESENTATION_CONTEXT(2) 
PARAMETRIC_REPRESENTATION_CONTEXT() REPRESENTATION_CONTEXT('2D SPACE',''
  ) );
#8644 = ORIENTED_EDGE('',*,*,#8502,.F.);
#8645 = ADVANCED_FACE('',(#8646),#8461,.T.);
#8646 = FACE_BOUND('',#8647,.T.);
#8647 = EDGE_LOOP('',(#8648,#8669,#8670,#8691));
#8648 = ORIENTED_EDGE('',*,*,#8649,.F.);
#8649 = EDGE_CURVE('',#8418,#8533,#8650,.T.);
#8650 = SURFACE_CURVE('',#8651,(#8655,#8662),.PCURVE_S1.);
#8651 = LINE('',#8652,#8653);
#8652 = CARTESIAN_POINT('',(17.5,32.,4.));
#8653 = VECTOR('',#8654,1.);
#8654 = DIRECTION('',(1.,0.,0.));
#8655 = PCURVE('',#8461,#8656);
#8656 = DEFINITIONAL_REPRESENTATION('',(#8657),#8661);
#8657 = LINE('',#8658,#8659);
#8658 = CARTESIAN_POINT('',(0.,0.));
#8659 = VECTOR('',#8660,1.);
#8660 = DIRECTION('',(0.,1.));
#8661 = ( GEOMETRIC_REPRESENTATION_CONTEXT(2) 
PARAMETRIC_REPRESENTATION_CONTEXT() REPRESENTATION_CONTEXT('2D SPACE',''
  ) );
#8662 = PCURVE('',#8433,#8663);
#8663 = DEFINITIONAL_REPRESENTATION('',(#8664),#8668);
#8664 = LINE('',#8665,#8666);
#8665 = CARTESIAN_POINT('',(0.,18.));
#8666 = VECTOR('',#8667,1.);
#8667 = DIRECTION('',(1.,0.));
#8668 = ( GEOMETRIC_REPRESENTATION_CONTEXT(2) 
PARAMETRIC_REPRESENTATION_CONTEXT() REPRESENTATION_CONTEXT('2D SPACE',''
  ) );
#8669 = ORIENTED_EDGE('',*,*,#8445,.T.);
#8670 = ORIENTED_EDGE('',*,*,#8671,.T.);
#8671 = EDGE_CURVE('',#8446,#8556,#8672,.T.);
#8672 = SURFACE_CURVE('',#8673,(#8677,#8684),.PCURVE_S1.);
#8673 = LINE('',#8674,#8675);
#8674 = CARTESIAN_POINT('',(17.5,32.,16.));
#8675 = VECTOR('',#8676,1.);
#8676 = DIRECTION('',(1.,0.,0.));
#8677 = PCURVE('',#8461,#8678);
#8678 = DEFINITIONAL_REPRESENTATION('',(#8679),#8683);
#8679 = LINE('',#8680,#8681);
#8680 = CARTESIAN_POINT('',(12.,0.));
#8681 = VECTOR('',#8682,1.);
#8682 = DIRECTION('',(0.,1.));
#8683 = ( GEOMETRIC_REPRESENTATION_CONTEXT(2) 
PARAMETRIC_REPRESENTATION_CONTEXT() REPRESENTATION_CONTEXT('2D SPACE',''
  ) );
#8684 = PCURVE('',#8487,#8685);
#8685 = DEFINITIONAL_REPRESENTATION('',(#8686),#8690);
#8686 = LINE('',#8687,#8688);
#8687 = CARTESIAN_POINT('',(0.,18.));
#8688 = VECTOR('',#8689,1.);
#8689 = DIRECTION('',(1.,0.));
#8690 = ( GEOMETRIC_REPRESENTATION_CONTEXT(2) 
PARAMETRIC_REPRESENTATION_CONTEXT() REPRESENTATION_CONTEXT('2D SPACE',''
  ) );
#8691 = ORIENTED_EDGE('',*,*,#8555,.F.);
#8692 = ADVANCED_FACE('',(#8693),#8433,.F.);
#8693 = FACE_BOUND('',#8694,.F.);
#8694 = EDGE_LOOP('',(#8695,#8696,#8697,#8698));
#8695 = ORIENTED_EDGE('',*,*,#8417,.F.);
#8696 = ORIENTED_EDGE('',*,*,#8602,.T.);
#8697 = ORIENTED_EDGE('',*,*,#8532,.T.);
#8698 = ORIENTED_EDGE('',*,*,#8649,.F.);
#8699 = ADVANCED_FACE('',(#8700),#8487,.T.);
#8700 = FACE_BOUND('',#8701,.T.);
#8701 = EDGE_LOOP('',(#8702,#8703,#8704,#8705));
#8702 = ORIENTED_EDGE('',*,*,#8473,.F.);
#8703 = ORIENTED_EDGE('',*,*,#8624,.T.);
#8704 = ORIENTED_EDGE('',*,*,#8578,.T.);
#8705 = ORIENTED_EDGE('',*,*,#8671,.F.);
#8706 = ( GEOMETRIC_REPRESENTATION_CONTEXT(3) 
GLOBAL_UNCERTAINTY_ASSIGNED_CONTEXT((#8710)) 
GLOBAL_UNIT_ASSIGNED_CONTEXT((#8707,#8708,#8709)) REPRESENTATION_CONTEXT
('Context #1','3D Context with UNIT and UNCERTAINTY') );
#8707 = ( LENGTH_UNIT() NAMED_UNIT(*) SI_UNIT(.MILLI.,.METRE.) );
#8708 = ( NAMED_UNIT(*) PLANE_ANGLE_UNIT() SI_UNIT($,.RADIAN.) );
#8709 = ( NAMED_UNIT(*) SI_UNIT($,.STERADIAN.) SOLID_ANGLE_UNIT() );
#8710 = UNCERTAINTY_MEASURE_WITH_UNIT(LENGTH_MEASURE(1.E-07),#8707,
  'distance_accuracy_value','confusion accuracy');
#8711 = CONTEXT_DEPENDENT_SHAPE_REPRESENTATION(#8712,#8714);
#8712 = ( REPRESENTATION_RELATIONSHIP('','',#8375,#10) 
REPRESENTATION_RELATIONSHIP_WITH_TRANSFORMATION(#8713) 
SHAPE_REPRESENTATION_RELATIONSHIP() );
#8713 = ITEM_DEFINED_TRANSFORMATION('','',#11,#47);
#8714 = PRODUCT_DEFINITION_SHAPE('Placement','Placement of an item',
  #8715);
#8715 = NEXT_ASSEMBLY_USAGE_OCCURRENCE('9','U2','',#5,#8370,$);
#8716 = PRODUCT_RELATED_PRODUCT_CATEGORY('part',$,(#8372));
#8717 = SHAPE_DEFINITION_REPRESENTATION(#8718,#8724);
#8718 = PRODUCT_DEFINITION_SHAPE('','',#8719);
#8719 = PRODUCT_DEFINITION('design','',#8720,#8723);
#8720 = PRODUCT_DEFINITION_FORMATION('','',#8721);
#8721 = PRODUCT('M1','M1','',(#8722));
#8722 = PRODUCT_CONTEXT('',#2,'mechanical');
#8723 = PRODUCT_DEFINITION_CONTEXT('part definition',#2,'design');
#8724 = ADVANCED_BREP_SHAPE_REPRESENTATION('',(#11,#8725),#9055);
#8725 = MANIFOLD_SOLID_BREP('',#8726);
#8726 = CLOSED_SHELL('',(#8727,#8847,#8947,#8994,#9041,#9048));
#8727 = ADVANCED_FACE('',(#8728),#8742,.F.);
#8728 = FACE_BOUND('',#8729,.F.);
#8729 = EDGE_LOOP('',(#8730,#8765,#8793,#8821));
#8730 = ORIENTED_EDGE('',*,*,#8731,.F.);
#8731 = EDGE_CURVE('',#8732,#8734,#8736,.T.);
#8732 = VERTEX_POINT('',#8733);
#8733 = CARTESIAN_POINT('',(-11.5,-6.1,6.5));
#8734 = VERTEX_POINT('',#8735);
#8735 = CARTESIAN_POINT('',(-11.5,-6.1,35.5));
#8736 = SURFACE_CURVE('',#8737,(#8741,#8753),.PCURVE_S1.);
#8737 = LINE('',#8738,#8739);
#8738 = CARTESIAN_POINT('',(-11.5,-6.1,6.5));
#8739 = VECTOR('',#8740,1.);
#8740 = DIRECTION('',(0.,0.,1.));
#8741 = PCURVE('',#8742,#8747);
#8742 = PLANE('',#8743);
#8743 = AXIS2_PLACEMENT_3D('',#8744,#8745,#8746);
#8744 = CARTESIAN_POINT('',(-11.5,-6.1,6.5));
#8745 = DIRECTION('',(1.,0.,0.));
#8746 = DIRECTION('',(0.,0.,1.));
#8747 = DEFINITIONAL_REPRESENTATION('',(#8748),#8752);
#8748 = LINE('',#8749,#8750);
#8749 = CARTESIAN_POINT('',(0.,0.));
#8750 = VECTOR('',#8751,1.);
#8751 = DIRECTION('',(1.,0.));
#8752 = ( GEOMETRIC_REPRESENTATION_CONTEXT(2) 
PARAMETRIC_REPRESENTATION_CONTEXT() REPRESENTATION_CONTEXT('2D SPACE',''
  ) );
#8753 = PCURVE('',#8754,#8759);
#8754 = PLANE('',#8755);
#8755 = AXIS2_PLACEMENT_3D('',#8756,#8757,#8758);
#8756 = CARTESIAN_POINT('',(-11.5,-6.1,6.5));
#8757 = DIRECTION('',(0.,1.,0.));
#8758 = DIRECTION('',(0.,0.,1.));
#8759 = DEFINITIONAL_REPRESENTATION('',(#8760),#8764);
#8760 = LINE('',#8761,#8762);
#8761 = CARTESIAN_POINT('',(0.,0.));
#8762 = VECTOR('',#8763,1.);
#8763 = DIRECTION('',(1.,0.));
#8764 = ( GEOMETRIC_REPRESENTATION_CONTEXT(2) 
PARAMETRIC_REPRESENTATION_CONTEXT() REPRESENTATION_CONTEXT('2D SPACE',''
  ) );
#8765 = ORIENTED_EDGE('',*,*,#8766,.T.);
#8766 = EDGE_CURVE('',#8732,#8767,#8769,.T.);
#8767 = VERTEX_POINT('',#8768);
#8768 = CARTESIAN_POINT('',(-11.5,6.1,6.5));
#8769 = SURFACE_CURVE('',#8770,(#8774,#8781),.PCURVE_S1.);
#8770 = LINE('',#8771,#8772);
#8771 = CARTESIAN_POINT('',(-11.5,-6.1,6.5));
#8772 = VECTOR('',#8773,1.);
#8773 = DIRECTION('',(0.,1.,0.));
#8774 = PCURVE('',#8742,#8775);
#8775 = DEFINITIONAL_REPRESENTATION('',(#8776),#8780);
#8776 = LINE('',#8777,#8778);
#8777 = CARTESIAN_POINT('',(0.,0.));
#8778 = VECTOR('',#8779,1.);
#8779 = DIRECTION('',(0.,-1.));
#8780 = ( GEOMETRIC_REPRESENTATION_CONTEXT(2) 
PARAMETRIC_REPRESENTATION_CONTEXT() REPRESENTATION_CONTEXT('2D SPACE',''
  ) );
#8781 = PCURVE('',#8782,#8787);
#8782 = PLANE('',#8783);
#8783 = AXIS2_PLACEMENT_3D('',#8784,#8785,#8786);
#8784 = CARTESIAN_POINT('',(-11.5,-6.1,6.5));
#8785 = DIRECTION('',(0.,0.,1.));
#8786 = DIRECTION('',(1.,0.,0.));
#8787 = DEFINITIONAL_REPRESENTATION('',(#8788),#8792);
#8788 = LINE('',#8789,#8790);
#8789 = CARTESIAN_POINT('',(0.,0.));
#8790 = VECTOR('',#8791,1.);
#8791 = DIRECTION('',(0.,1.));
#8792 = ( GEOMETRIC_REPRESENTATION_CONTEXT(2) 
PARAMETRIC_REPRESENTATION_CONTEXT() REPRESENTATION_CONTEXT('2D SPACE',''
  ) );
#8793 = ORIENTED_EDGE('',*,*,#8794,.T.);
#8794 = EDGE_CURVE('',#8767,#8795,#8797,.T.);
#8795 = VERTEX_POINT('',#8796);
#8796 = CARTESIAN_POINT('',(-11.5,6.1,35.5));
#8797 = SURFACE_CURVE('',#8798,(#8802,#8809),.PCURVE_S1.);
#8798 = LINE('',#8799,#8800);
#8799 = CARTESIAN_POINT('',(-11.5,6.1,6.5));
#8800 = VECTOR('',#8801,1.);
#8801 = DIRECTION('',(0.,0.,1.));
#8802 = PCURVE('',#8742,#8803);
#8803 = DEFINITIONAL_REPRESENTATION('',(#8804),#8808);
#8804 = LINE('',#8805,#8806);
#8805 = CARTESIAN_POINT('',(0.,-12.2));
#8806 = VECTOR('',#8807,1.);
#8807 = DIRECTION('',(1.,0.));
#8808 = ( GEOMETRIC_REPRESENTATION_CONTEXT(2) 
PARAMETRIC_REPRESENTATION_CONTEXT() REPRESENTATION_CONTEXT('2D SPACE',''
  ) );
#8809 = PCURVE('',#8810,#8815);
#8810 = PLANE('',#8811);
#8811 = AXIS2_PLACEMENT_3D('',#8812,#8813,#8814);
#8812 = CARTESIAN_POINT('',(-11.5,6.1,6.5));
#8813 = DIRECTION('',(0.,1.,0.));
#8814 = DIRECTION('',(0.,0.,1.));
#8815 = DEFINITIONAL_REPRESENTATION('',(#8816),#8820);
#8816 = LINE('',#8817,#8818);
#8817 = CARTESIAN_POINT('',(0.,0.));
#8818 = VECTOR('',#8819,1.);
#8819 = DIRECTION('',(1.,0.));
#8820 = ( GEOMETRIC_REPRESENTATION_CONTEXT(2) 
PARAMETRIC_REPRESENTATION_CONTEXT() REPRESENTATION_CONTEXT('2D SPACE',''
  ) );
#8821 = ORIENTED_EDGE('',*,*,#8822,.F.);
#8822 = EDGE_CURVE('',#8734,#8795,#8823,.T.);
#8823 = SURFACE_CURVE('',#8824,(#8828,#8835),.PCURVE_S1.);
#8824 = LINE('',#8825,#8826);
#8825 = CARTESIAN_POINT('',(-11.5,-6.1,35.5));
#8826 = VECTOR('',#8827,1.);
#8827 = DIRECTION('',(0.,1.,0.));
#8828 = PCURVE('',#8742,#8829);
#8829 = DEFINITIONAL_REPRESENTATION('',(#8830),#8834);
#8830 = LINE('',#8831,#8832);
#8831 = CARTESIAN_POINT('',(29.,0.));
#8832 = VECTOR('',#8833,1.);
#8833 = DIRECTION('',(0.,-1.));
#8834 = ( GEOMETRIC_REPRESENTATION_CONTEXT(2) 
PARAMETRIC_REPRESENTATION_CONTEXT() REPRESENTATION_CONTEXT('2D SPACE',''
  ) );
#8835 = PCURVE('',#8836,#8841);
#8836 = PLANE('',#8837);
#8837 = AXIS2_PLACEMENT_3D('',#8838,#8839,#8840);
#8838 = CARTESIAN_POINT('',(-11.5,-6.1,35.5));
#8839 = DIRECTION('',(0.,0.,1.));
#8840 = DIRECTION('',(1.,0.,0.));
#8841 = DEFINITIONAL_REPRESENTATION('',(#8842),#8846);
#8842 = LINE('',#8843,#8844);
#8843 = CARTESIAN_POINT('',(0.,0.));
#8844 = VECTOR('',#8845,1.);
#8845 = DIRECTION('',(0.,1.));
#8846 = ( GEOMETRIC_REPRESENTATION_CONTEXT(2) 
PARAMETRIC_REPRESENTATION_CONTEXT() REPRESENTATION_CONTEXT('2D SPACE',''
  ) );
#8847 = ADVANCED_FACE('',(#8848),#8862,.T.);
#8848 = FACE_BOUND('',#8849,.T.);
#8849 = EDGE_LOOP('',(#8850,#8880,#8903,#8926));
#8850 = ORIENTED_EDGE('',*,*,#8851,.F.);
#8851 = EDGE_CURVE('',#8852,#8854,#8856,.T.);
#8852 = VERTEX_POINT('',#8853);
#8853 = CARTESIAN_POINT('',(11.5,-6.1,6.5));
#8854 = VERTEX_POINT('',#8855);
#8855 = CARTESIAN_POINT('',(11.5,-6.1,35.5));
#8856 = SURFACE_CURVE('',#8857,(#8861,#8873),.PCURVE_S1.);
#8857 = LINE('',#8858,#8859);
#8858 = CARTESIAN_POINT('',(11.5,-6.1,6.5));
#8859 = VECTOR('',#8860,1.);
#8860 = DIRECTION('',(0.,0.,1.));
#8861 = PCURVE('',#8862,#8867);
#8862 = PLANE('',#8863);
#8863 = AXIS2_PLACEMENT_3D('',#8864,#8865,#8866);
#8864 = CARTESIAN_POINT('',(11.5,-6.1,6.5));
#8865 = DIRECTION('',(1.,0.,0.));
#8866 = DIRECTION('',(0.,0.,1.));
#8867 = DEFINITIONAL_REPRESENTATION('',(#8868),#8872);
#8868 = LINE('',#8869,#8870);
#8869 = CARTESIAN_POINT('',(0.,0.));
#8870 = VECTOR('',#8871,1.);
#8871 = DIRECTION('',(1.,0.));
#8872 = ( GEOMETRIC_REPRESENTATION_CONTEXT(2) 
PARAMETRIC_REPRESENTATION_CONTEXT() REPRESENTATION_CONTEXT('2D SPACE',''
  ) );
#8873 = PCURVE('',#8754,#8874);
#8874 = DEFINITIONAL_REPRESENTATION('',(#8875),#8879);
#8875 = LINE('',#8876,#8877);
#8876 = CARTESIAN_POINT('',(0.,23.));
#8877 = VECTOR('',#8878,1.);
#8878 = DIRECTION('',(1.,0.));
#8879 = ( GEOMETRIC_REPRESENTATION_CONTEXT(2) 
PARAMETRIC_REPRESENTATION_CONTEXT() REPRESENTATION_CONTEXT('2D SPACE',''
  ) );
#8880 = ORIENTED_EDGE('',*,*,#8881,.T.);
#8881 = EDGE_CURVE('',#8852,#8882,#8884,.T.);
#8882 = VERTEX_POINT('',#8883);
#8883 = CARTESIAN_POINT('',(11.5,6.1,6.5));
#8884 = SURFACE_CURVE('',#8885,(#8889,#8896),.PCURVE_S1.);
#8885 = LINE('',#8886,#8887);
#8886 = CARTESIAN_POINT('',(11.5,-6.1,6.5));
#8887 = VECTOR('',#8888,1.);
#8888 = DIRECTION('',(0.,1.,0.));
#8889 = PCURVE('',#8862,#8890);
#8890 = DEFINITIONAL_REPRESENTATION('',(#8891),#8895);
#8891 = LINE('',#8892,#8893);
#8892 = CARTESIAN_POINT('',(0.,0.));
#8893 = VECTOR('',#8894,1.);
#8894 = DIRECTION('',(0.,-1.));
#8895 = ( GEOMETRIC_REPRESENTATION_CONTEXT(2) 
PARAMETRIC_REPRESENTATION_CONTEXT() REPRESENTATION_CONTEXT('2D SPACE',''
  ) );
#8896 = PCURVE('',#8782,#8897);
#8897 = DEFINITIONAL_REPRESENTATION('',(#8898),#8902);
#8898 = LINE('',#8899,#8900);
#8899 = CARTESIAN_POINT('',(23.,0.));
#8900 = VECTOR('',#8901,1.);
#8901 = DIRECTION('',(0.,1.));
#8902 = ( GEOMETRIC_REPRESENTATION_CONTEXT(2) 
PARAMETRIC_REPRESENTATION_CONTEXT() REPRESENTATION_CONTEXT('2D SPACE',''
  ) );
#8903 = ORIENTED_EDGE('',*,*,#8904,.T.);
#8904 = EDGE_CURVE('',#8882,#8905,#8907,.T.);
#8905 = VERTEX_POINT('',#8906);
#8906 = CARTESIAN_POINT('',(11.5,6.1,35.5));
#8907 = SURFACE_CURVE('',#8908,(#8912,#8919),.PCURVE_S1.);
#8908 = LINE('',#8909,#8910);
#8909 = CARTESIAN_POINT('',(11.5,6.1,6.5));
#8910 = VECTOR('',#8911,1.);
#8911 = DIRECTION('',(0.,0.,1.));
#8912 = PCURVE('',#8862,#8913);
#8913 = DEFINITIONAL_REPRESENTATION('',(#8914),#8918);
#8914 = LINE('',#8915,#8916);
#8915 = CARTESIAN_POINT('',(0.,-12.2));
#8916 = VECTOR('',#8917,1.);
#8917 = DIRECTION('',(1.,0.));
#8918 = ( GEOMETRIC_REPRESENTATION_CONTEXT(2) 
PARAMETRIC_REPRESENTATION_CONTEXT() REPRESENTATION_CONTEXT('2D SPACE',''
  ) );
#8919 = PCURVE('',#8810,#8920);
#8920 = DEFINITIONAL_REPRESENTATION('',(#8921),#8925);
#8921 = LINE('',#8922,#8923);
#8922 = CARTESIAN_POINT('',(0.,23.));
#8923 = VECTOR('',#8924,1.);
#8924 = DIRECTION('',(1.,0.));
#8925 = ( GEOMETRIC_REPRESENTATION_CONTEXT(2) 
PARAMETRIC_REPRESENTATION_CONTEXT() REPRESENTATION_CONTEXT('2D SPACE',''
  ) );
#8926 = ORIENTED_EDGE('',*,*,#8927,.F.);
#8927 = EDGE_CURVE('',#8854,#8905,#8928,.T.);
#8928 = SURFACE_CURVE('',#8929,(#8933,#8940),.PCURVE_S1.);
#8929 = LINE('',#8930,#8931);
#8930 = CARTESIAN_POINT('',(11.5,-6.1,35.5));
#8931 = VECTOR('',#8932,1.);
#8932 = DIRECTION('',(0.,1.,0.));
#8933 = PCURVE('',#8862,#8934);
#8934 = DEFINITIONAL_REPRESENTATION('',(#8935),#8939);
#8935 = LINE('',#8936,#8937);
#8936 = CARTESIAN_POINT('',(29.,0.));
#8937 = VECTOR('',#8938,1.);
#8938 = DIRECTION('',(0.,-1.));
#8939 = ( GEOMETRIC_REPRESENTATION_CONTEXT(2) 
PARAMETRIC_REPRESENTATION_CONTEXT() REPRESENTATION_CONTEXT('2D SPACE',''
  ) );
#8940 = PCURVE('',#8836,#8941);
#8941 = DEFINITIONAL_REPRESENTATION('',(#8942),#8946);
#8942 = LINE('',#8943,#8944);
#8943 = CARTESIAN_POINT('',(23.,0.));
#8944 = VECTOR('',#8945,1.);
#8945 = DIRECTION('',(0.,1.));
#8946 = ( GEOMETRIC_REPRESENTATION_CONTEXT(2) 
PARAMETRIC_REPRESENTATION_CONTEXT() REPRESENTATION_CONTEXT('2D SPACE',''
  ) );
#8947 = ADVANCED_FACE('',(#8948),#8754,.F.);
#8948 = FACE_BOUND('',#8949,.F.);
#8949 = EDGE_LOOP('',(#8950,#8971,#8972,#8993));
#8950 = ORIENTED_EDGE('',*,*,#8951,.F.);
#8951 = EDGE_CURVE('',#8732,#8852,#8952,.T.);
#8952 = SURFACE_CURVE('',#8953,(#8957,#8964),.PCURVE_S1.);
#8953 = LINE('',#8954,#8955);
#8954 = CARTESIAN_POINT('',(-11.5,-6.1,6.5));
#8955 = VECTOR('',#8956,1.);
#8956 = DIRECTION('',(1.,0.,0.));
#8957 = PCURVE('',#8754,#8958);
#8958 = DEFINITIONAL_REPRESENTATION('',(#8959),#8963);
#8959 = LINE('',#8960,#8961);
#8960 = CARTESIAN_POINT('',(0.,0.));
#8961 = VECTOR('',#8962,1.);
#8962 = DIRECTION('',(0.,1.));
#8963 = ( GEOMETRIC_REPRESENTATION_CONTEXT(2) 
PARAMETRIC_REPRESENTATION_CONTEXT() REPRESENTATION_CONTEXT('2D SPACE',''
  ) );
#8964 = PCURVE('',#8782,#8965);
#8965 = DEFINITIONAL_REPRESENTATION('',(#8966),#8970);
#8966 = LINE('',#8967,#8968);
#8967 = CARTESIAN_POINT('',(0.,0.));
#8968 = VECTOR('',#8969,1.);
#8969 = DIRECTION('',(1.,0.));
#8970 = ( GEOMETRIC_REPRESENTATION_CONTEXT(2) 
PARAMETRIC_REPRESENTATION_CONTEXT() REPRESENTATION_CONTEXT('2D SPACE',''
  ) );
#8971 = ORIENTED_EDGE('',*,*,#8731,.T.);
#8972 = ORIENTED_EDGE('',*,*,#8973,.T.);
#8973 = EDGE_CURVE('',#8734,#8854,#8974,.T.);
#8974 = SURFACE_CURVE('',#8975,(#8979,#8986),.PCURVE_S1.);
#8975 = LINE('',#8976,#8977);
#8976 = CARTESIAN_POINT('',(-11.5,-6.1,35.5));
#8977 = VECTOR('',#8978,1.);
#8978 = DIRECTION('',(1.,0.,0.));
#8979 = PCURVE('',#8754,#8980);
#8980 = DEFINITIONAL_REPRESENTATION('',(#8981),#8985);
#8981 = LINE('',#8982,#8983);
#8982 = CARTESIAN_POINT('',(29.,0.));
#8983 = VECTOR('',#8984,1.);
#8984 = DIRECTION('',(0.,1.));
#8985 = ( GEOMETRIC_REPRESENTATION_CONTEXT(2) 
PARAMETRIC_REPRESENTATION_CONTEXT() REPRESENTATION_CONTEXT('2D SPACE',''
  ) );
#8986 = PCURVE('',#8836,#8987);
#8987 = DEFINITIONAL_REPRESENTATION('',(#8988),#8992);
#8988 = LINE('',#8989,#8990);
#8989 = CARTESIAN_POINT('',(0.,0.));
#8990 = VECTOR('',#8991,1.);
#8991 = DIRECTION('',(1.,0.));
#8992 = ( GEOMETRIC_REPRESENTATION_CONTEXT(2) 
PARAMETRIC_REPRESENTATION_CONTEXT() REPRESENTATION_CONTEXT('2D SPACE',''
  ) );
#8993 = ORIENTED_EDGE('',*,*,#8851,.F.);
#8994 = ADVANCED_FACE('',(#8995),#8810,.T.);
#8995 = FACE_BOUND('',#8996,.T.);
#8996 = EDGE_LOOP('',(#8997,#9018,#9019,#9040));
#8997 = ORIENTED_EDGE('',*,*,#8998,.F.);
#8998 = EDGE_CURVE('',#8767,#8882,#8999,.T.);
#8999 = SURFACE_CURVE('',#9000,(#9004,#9011),.PCURVE_S1.);
#9000 = LINE('',#9001,#9002);
#9001 = CARTESIAN_POINT('',(-11.5,6.1,6.5));
#9002 = VECTOR('',#9003,1.);
#9003 = DIRECTION('',(1.,0.,0.));
#9004 = PCURVE('',#8810,#9005);
#9005 = DEFINITIONAL_REPRESENTATION('',(#9006),#9010);
#9006 = LINE('',#9007,#9008);
#9007 = CARTESIAN_POINT('',(0.,0.));
#9008 = VECTOR('',#9009,1.);
#9009 = DIRECTION('',(0.,1.));
#9010 = ( GEOMETRIC_REPRESENTATION_CONTEXT(2) 
PARAMETRIC_REPRESENTATION_CONTEXT() REPRESENTATION_CONTEXT('2D SPACE',''
  ) );
#9011 = PCURVE('',#8782,#9012);
#9012 = DEFINITIONAL_REPRESENTATION('',(#9013),#9017);
#9013 = LINE('',#9014,#9015);
#9014 = CARTESIAN_POINT('',(0.,12.2));
#9015 = VECTOR('',#9016,1.);
#9016 = DIRECTION('',(1.,0.));
#9017 = ( GEOMETRIC_REPRESENTATION_CONTEXT(2) 
PARAMETRIC_REPRESENTATION_CONTEXT() REPRESENTATION_CONTEXT('2D SPACE',''
  ) );
#9018 = ORIENTED_EDGE('',*,*,#8794,.T.);
#9019 = ORIENTED_EDGE('',*,*,#9020,.T.);
#9020 = EDGE_CURVE('',#8795,#8905,#9021,.T.);
#9021 = SURFACE_CURVE('',#9022,(#9026,#9033),.PCURVE_S1.);
#9022 = LINE('',#9023,#9024);
#9023 = CARTESIAN_POINT('',(-11.5,6.1,35.5));
#9024 = VECTOR('',#9025,1.);
#9025 = DIRECTION('',(1.,0.,0.));
#9026 = PCURVE('',#8810,#9027);
#9027 = DEFINITIONAL_REPRESENTATION('',(#9028),#9032);
#9028 = LINE('',#9029,#9030);
#9029 = CARTESIAN_POINT('',(29.,0.));
#9030 = VECTOR('',#9031,1.);
#9031 = DIRECTION('',(0.,1.));
#9032 = ( GEOMETRIC_REPRESENTATION_CONTEXT(2) 
PARAMETRIC_REPRESENTATION_CONTEXT() REPRESENTATION_CONTEXT('2D SPACE',''
  ) );
#9033 = PCURVE('',#8836,#9034);
#9034 = DEFINITIONAL_REPRESENTATION('',(#9035),#9039);
#9035 = LINE('',#9036,#9037);
#9036 = CARTESIAN_POINT('',(0.,12.2));
#9037 = VECTOR('',#9038,1.);
#9038 = DIRECTION('',(1.,0.));
#9039 = ( GEOMETRIC_REPRESENTATION_CONTEXT(2) 
PARAMETRIC_REPRESENTATION_CONTEXT() REPRESENTATION_CONTEXT('2D SPACE',''
  ) );
#9040 = ORIENTED_EDGE('',*,*,#8904,.F.);
#9041 = ADVANCED_FACE('',(#9042),#8782,.F.);
#9042 = FACE_BOUND('',#9043,.F.);
#9043 = EDGE_LOOP('',(#9044,#9045,#9046,#9047));
#9044 = ORIENTED_EDGE('',*,*,#8766,.F.);
#9045 = ORIENTED_EDGE('',*,*,#8951,.T.);
#9046 = ORIENTED_EDGE('',*,*,#8881,.T.);
#9047 = ORIENTED_EDGE('',*,*,#8998,.F.);
#9048 = ADVANCED_FACE('',(#9049),#8836,.T.);
#9049 = FACE_BOUND('',#9050,.T.);
#9050 = EDGE_LOOP('',(#9051,#9052,#9053,#9054));
#9051 = ORIENTED_EDGE('',*,*,#8822,.F.);
#9052 = ORIENTED_EDGE('',*,*,#8973,.T.);
#9053 = ORIENTED_EDGE('',*,*,#8927,.T.);
#9054 = ORIENTED_EDGE('',*,*,#9020,.F.);
#9055 = ( GEOMETRIC_REPRESENTATION_CONTEXT(3) 
GLOBAL_UNCERTAINTY_ASSIGNED_CONTEXT((#9059)) 
GLOBAL_UNIT_ASSIGNED_CONTEXT((#9056,#9057,#9058)) REPRESENTATION_CONTEXT
('Context #1','3D Context with UNIT and UNCERTAINTY') );
#9056 = ( LENGTH_UNIT() NAMED_UNIT(*) SI_UNIT(.MILLI.,.METRE.) );
#9057 = ( NAMED_UNIT(*) PLANE_ANGLE_UNIT() SI_UNIT($,.RADIAN.) );
#9058 = ( NAMED_UNIT(*) SI_UNIT($,.STERADIAN.) SOLID_ANGLE_UNIT() );
#9059 = UNCERTAINTY_MEASURE_WITH_UNIT(LENGTH_MEASURE(1.E-07),#9056,
  'distance_accuracy_value','confusion accuracy');
#9060 = CONTEXT_DEPENDENT_SHAPE_REPRESENTATION(#9061,#9063);
#9061 = ( REPRESENTATION_RELATIONSHIP('','',#8724,#10) 
REPRESENTATION_RELATIONSHIP_WITH_TRANSFORMATION(#9062) 
SHAPE_REPRESENTATION_RELATIONSHIP() );
#9062 = ITEM_DEFINED_TRANSFORMATION('','',#11,#51);
#9063 = PRODUCT_DEFINITION_SHAPE('Placement','Placement of an item',
  #9064);
#9064 = NEXT_ASSEMBLY_USAGE_OCCURRENCE('10','M1','',#5,#8719,$);
#9065 = PRODUCT_RELATED_PRODUCT_CATEGORY('part',$,(#8721));
#9066 = SHAPE_DEFINITION_REPRESENTATION(#9067,#9073);
#9067 = PRODUCT_DEFINITION_SHAPE('','',#9068);
#9068 = PRODUCT_DEFINITION('design','',#9069,#9072);
#9069 = PRODUCT_DEFINITION_FORMATION('','',#9070);
#9070 = PRODUCT('M2','M2','',(#9071));
#9071 = PRODUCT_CONTEXT('',#2,'mechanical');
#9072 = PRODUCT_DEFINITION_CONTEXT('part definition',#2,'design');
#9073 = ADVANCED_BREP_SHAPE_REPRESENTATION('',(#11,#9074),#9404);
#9074 = MANIFOLD_SOLID_BREP('',#9075);
#9075 = CLOSED_SHELL('',(#9076,#9196,#9296,#9343,#9390,#9397));
#9076 = ADVANCED_FACE('',(#9077),#9091,.F.);
#9077 = FACE_BOUND('',#9078,.F.);
#9078 = EDGE_LOOP('',(#9079,#9114,#9142,#9170));
#9079 = ORIENTED_EDGE('',*,*,#9080,.F.);
#9080 = EDGE_CURVE('',#9081,#9083,#9085,.T.);
#9081 = VERTEX_POINT('',#9082);
#9082 = CARTESIAN_POINT('',(-11.5,-14.5,53.9));
#9083 = VERTEX_POINT('',#9084);
#9084 = CARTESIAN_POINT('',(-11.5,-14.5,66.1));
#9085 = SURFACE_CURVE('',#9086,(#9090,#9102),.PCURVE_S1.);
#9086 = LINE('',#9087,#9088);
#9087 = CARTESIAN_POINT('',(-11.5,-14.5,53.9));
#9088 = VECTOR('',#9089,1.);
#9089 = DIRECTION('',(0.,0.,1.));
#9090 = PCURVE('',#9091,#9096);
#9091 = PLANE('',#9092);
#9092 = AXIS2_PLACEMENT_3D('',#9093,#9094,#9095);
#9093 = CARTESIAN_POINT('',(-11.5,-14.5,53.9));
#9094 = DIRECTION('',(1.,0.,0.));
#9095 = DIRECTION('',(0.,0.,1.));
#9096 = DEFINITIONAL_REPRESENTATION('',(#9097),#9101);
#9097 = LINE('',#9098,#9099);
#9098 = CARTESIAN_POINT('',(0.,0.));
#9099 = VECTOR('',#9100,1.);
#9100 = DIRECTION('',(1.,0.));
#9101 = ( GEOMETRIC_REPRESENTATION_CONTEXT(2) 
PARAMETRIC_REPRESENTATION_CONTEXT() REPRESENTATION_CONTEXT('2D SPACE',''
  ) );
#9102 = PCURVE('',#9103,#9108);
#9103 = PLANE('',#9104);
#9104 = AXIS2_PLACEMENT_3D('',#9105,#9106,#9107);
#9105 = CARTESIAN_POINT('',(-11.5,-14.5,53.9));
#9106 = DIRECTION('',(0.,1.,0.));
#9107 = DIRECTION('',(0.,0.,1.));
#9108 = DEFINITIONAL_REPRESENTATION('',(#9109),#9113);
#9109 = LINE('',#9110,#9111);
#9110 = CARTESIAN_POINT('',(0.,0.));
#9111 = VECTOR('',#9112,1.);
#9112 = DIRECTION('',(1.,0.));
#9113 = ( GEOMETRIC_REPRESENTATION_CONTEXT(2) 
PARAMETRIC_REPRESENTATION_CONTEXT() REPRESENTATION_CONTEXT('2D SPACE',''
  ) );
#9114 = ORIENTED_EDGE('',*,*,#9115,.T.);
#9115 = EDGE_CURVE('',#9081,#9116,#9118,.T.);
#9116 = VERTEX_POINT('',#9117);
#9117 = CARTESIAN_POINT('',(-11.5,14.5,53.9));
#9118 = SURFACE_CURVE('',#9119,(#9123,#9130),.PCURVE_S1.);
#9119 = LINE('',#9120,#9121);
#9120 = CARTESIAN_POINT('',(-11.5,-14.5,53.9));
#9121 = VECTOR('',#9122,1.);
#9122 = DIRECTION('',(0.,1.,0.));
#9123 = PCURVE('',#9091,#9124);
#9124 = DEFINITIONAL_REPRESENTATION('',(#9125),#9129);
#9125 = LINE('',#9126,#9127);
#9126 = CARTESIAN_POINT('',(0.,0.));
#9127 = VECTOR('',#9128,1.);
#9128 = DIRECTION('',(0.,-1.));
#9129 = ( GEOMETRIC_REPRESENTATION_CONTEXT(2) 
PARAMETRIC_REPRESENTATION_CONTEXT() REPRESENTATION_CONTEXT('2D SPACE',''
  ) );
#9130 = PCURVE('',#9131,#9136);
#9131 = PLANE('',#9132);
#9132 = AXIS2_PLACEMENT_3D('',#9133,#9134,#9135);
#9133 = CARTESIAN_POINT('',(-11.5,-14.5,53.9));
#9134 = DIRECTION('',(0.,0.,1.));
#9135 = DIRECTION('',(1.,0.,0.));
#9136 = DEFINITIONAL_REPRESENTATION('',(#9137),#9141);
#9137 = LINE('',#9138,#9139);
#9138 = CARTESIAN_POINT('',(0.,0.));
#9139 = VECTOR('',#9140,1.);
#9140 = DIRECTION('',(0.,1.));
#9141 = ( GEOMETRIC_REPRESENTATION_CONTEXT(2) 
PARAMETRIC_REPRESENTATION_CONTEXT() REPRESENTATION_CONTEXT('2D SPACE',''
  ) );
#9142 = ORIENTED_EDGE('',*,*,#9143,.T.);
#9143 = EDGE_CURVE('',#9116,#9144,#9146,.T.);
#9144 = VERTEX_POINT('',#9145);
#9145 = CARTESIAN_POINT('',(-11.5,14.5,66.1));
#9146 = SURFACE_CURVE('',#9147,(#9151,#9158),.PCURVE_S1.);
#9147 = LINE('',#9148,#9149);
#9148 = CARTESIAN_POINT('',(-11.5,14.5,53.9));
#9149 = VECTOR('',#9150,1.);
#9150 = DIRECTION('',(0.,0.,1.));
#9151 = PCURVE('',#9091,#9152);
#9152 = DEFINITIONAL_REPRESENTATION('',(#9153),#9157);
#9153 = LINE('',#9154,#9155);
#9154 = CARTESIAN_POINT('',(0.,-29.));
#9155 = VECTOR('',#9156,1.);
#9156 = DIRECTION('',(1.,0.));
#9157 = ( GEOMETRIC_REPRESENTATION_CONTEXT(2) 
PARAMETRIC_REPRESENTATION_CONTEXT() REPRESENTATION_CONTEXT('2D SPACE',''
  ) );
#9158 = PCURVE('',#9159,#9164);
#9159 = PLANE('',#9160);
#9160 = AXIS2_PLACEMENT_3D('',#9161,#9162,#9163);
#9161 = CARTESIAN_POINT('',(-11.5,14.5,53.9));
#9162 = DIRECTION('',(0.,1.,0.));
#9163 = DIRECTION('',(0.,0.,1.));
#9164 = DEFINITIONAL_REPRESENTATION('',(#9165),#9169);
#9165 = LINE('',#9166,#9167);
#9166 = CARTESIAN_POINT('',(0.,0.));
#9167 = VECTOR('',#9168,1.);
#9168 = DIRECTION('',(1.,0.));
#9169 = ( GEOMETRIC_REPRESENTATION_CONTEXT(2) 
PARAMETRIC_REPRESENTATION_CONTEXT() REPRESENTATION_CONTEXT('2D SPACE',''
  ) );
#9170 = ORIENTED_EDGE('',*,*,#9171,.F.);
#9171 = EDGE_CURVE('',#9083,#9144,#9172,.T.);
#9172 = SURFACE_CURVE('',#9173,(#9177,#9184),.PCURVE_S1.);
#9173 = LINE('',#9174,#9175);
#9174 = CARTESIAN_POINT('',(-11.5,-14.5,66.1));
#9175 = VECTOR('',#9176,1.);
#9176 = DIRECTION('',(0.,1.,0.));
#9177 = PCURVE('',#9091,#9178);
#9178 = DEFINITIONAL_REPRESENTATION('',(#9179),#9183);
#9179 = LINE('',#9180,#9181);
#9180 = CARTESIAN_POINT('',(12.2,0.));
#9181 = VECTOR('',#9182,1.);
#9182 = DIRECTION('',(0.,-1.));
#9183 = ( GEOMETRIC_REPRESENTATION_CONTEXT(2) 
PARAMETRIC_REPRESENTATION_CONTEXT() REPRESENTATION_CONTEXT('2D SPACE',''
  ) );
#9184 = PCURVE('',#9185,#9190);
#9185 = PLANE('',#9186);
#9186 = AXIS2_PLACEMENT_3D('',#9187,#9188,#9189);
#9187 = CARTESIAN_POINT('',(-11.5,-14.5,66.1));
#9188 = DIRECTION('',(0.,0.,1.));
#9189 = DIRECTION('',(1.,0.,0.));
#9190 = DEFINITIONAL_REPRESENTATION('',(#9191),#9195);
#9191 = LINE('',#9192,#9193);
#9192 = CARTESIAN_POINT('',(0.,0.));
#9193 = VECTOR('',#9194,1.);
#9194 = DIRECTION('',(0.,1.));
#9195 = ( GEOMETRIC_REPRESENTATION_CONTEXT(2) 
PARAMETRIC_REPRESENTATION_CONTEXT() REPRESENTATION_CONTEXT('2D SPACE',''
  ) );
#9196 = ADVANCED_FACE('',(#9197),#9211,.T.);
#9197 = FACE_BOUND('',#9198,.T.);
#9198 = EDGE_LOOP('',(#9199,#9229,#9252,#9275));
#9199 = ORIENTED_EDGE('',*,*,#9200,.F.);
#9200 = EDGE_CURVE('',#9201,#9203,#9205,.T.);
#9201 = VERTEX_POINT('',#9202);
#9202 = CARTESIAN_POINT('',(11.5,-14.5,53.9));
#9203 = VERTEX_POINT('',#9204);
#9204 = CARTESIAN_POINT('',(11.5,-14.5,66.1));
#9205 = SURFACE_CURVE('',#9206,(#9210,#9222),.PCURVE_S1.);
#9206 = LINE('',#9207,#9208);
#9207 = CARTESIAN_POINT('',(11.5,-14.5,53.9));
#9208 = VECTOR('',#9209,1.);
#9209 = DIRECTION('',(0.,0.,1.));
#9210 = PCURVE('',#9211,#9216);
#9211 = PLANE('',#9212);
#9212 = AXIS2_PLACEMENT_3D('',#9213,#9214,#9215);
#9213 = CARTESIAN_POINT('',(11.5,-14.5,53.9));
#9214 = DIRECTION('',(1.,0.,0.));
#9215 = DIRECTION('',(0.,0.,1.));
#9216 = DEFINITIONAL_REPRESENTATION('',(#9217),#9221);
#9217 = LINE('',#9218,#9219);
#9218 = CARTESIAN_POINT('',(0.,0.));
#9219 = VECTOR('',#9220,1.);
#9220 = DIRECTION('',(1.,0.));
#9221 = ( GEOMETRIC_REPRESENTATION_CONTEXT(2) 
PARAMETRIC_REPRESENTATION_CONTEXT() REPRESENTATION_CONTEXT('2D SPACE',''
  ) );
#9222 = PCURVE('',#9103,#9223);
#9223 = DEFINITIONAL_REPRESENTATION('',(#9224),#9228);
#9224 = LINE('',#9225,#9226);
#9225 = CARTESIAN_POINT('',(0.,23.));
#9226 = VECTOR('',#9227,1.);
#9227 = DIRECTION('',(1.,0.));
#9228 = ( GEOMETRIC_REPRESENTATION_CONTEXT(2) 
PARAMETRIC_REPRESENTATION_CONTEXT() REPRESENTATION_CONTEXT('2D SPACE',''
  ) );
#9229 = ORIENTED_EDGE('',*,*,#9230,.T.);
#9230 = EDGE_CURVE('',#9201,#9231,#9233,.T.);
#9231 = VERTEX_POINT('',#9232);
#9232 = CARTESIAN_POINT('',(11.5,14.5,53.9));
#9233 = SURFACE_CURVE('',#9234,(#9238,#9245),.PCURVE_S1.);
#9234 = LINE('',#9235,#9236);
#9235 = CARTESIAN_POINT('',(11.5,-14.5,53.9));
#9236 = VECTOR('',#9237,1.);
#9237 = DIRECTION('',(0.,1.,0.));
#9238 = PCURVE('',#9211,#9239);
#9239 = DEFINITIONAL_REPRESENTATION('',(#9240),#9244);
#9240 = LINE('',#9241,#9242);
#9241 = CARTESIAN_POINT('',(0.,0.));
#9242 = VECTOR('',#9243,1.);
#9243 = DIRECTION('',(0.,-1.));
#9244 = ( GEOMETRIC_REPRESENTATION_CONTEXT(2) 
PARAMETRIC_REPRESENTATION_CONTEXT() REPRESENTATION_CONTEXT('2D SPACE',''
  ) );
#9245 = PCURVE('',#9131,#9246);
#9246 = DEFINITIONAL_REPRESENTATION('',(#9247),#9251);
#9247 = LINE('',#9248,#9249);
#9248 = CARTESIAN_POINT('',(23.,0.));
#9249 = VECTOR('',#9250,1.);
#9250 = DIRECTION('',(0.,1.));
#9251 = ( GEOMETRIC_REPRESENTATION_CONTEXT(2) 
PARAMETRIC_REPRESENTATION_CONTEXT() REPRESENTATION_CONTEXT('2D SPACE',''
  ) );
#9252 = ORIENTED_EDGE('',*,*,#9253,.T.);
#9253 = EDGE_CURVE('',#9231,#9254,#9256,.T.);
#9254 = VERTEX_POINT('',#9255);
#9255 = CARTESIAN_POINT('',(11.5,14.5,66.1));
#9256 = SURFACE_CURVE('',#9257,(#9261,#9268),.PCURVE_S1.);
#9257 = LINE('',#9258,#9259);
#9258 = CARTESIAN_POINT('',(11.5,14.5,53.9));
#9259 = VECTOR('',#9260,1.);
#9260 = DIRECTION('',(0.,0.,1.));
#9261 = PCURVE('',#9211,#9262);
#9262 = DEFINITIONAL_REPRESENTATION('',(#9263),#9267);
#9263 = LINE('',#9264,#9265);
#9264 = CARTESIAN_POINT('',(0.,-29.));
#9265 = VECTOR('',#9266,1.);
#9266 = DIRECTION('',(1.,0.));
#9267 = ( GEOMETRIC_REPRESENTATION_CONTEXT(2) 
PARAMETRIC_REPRESENTATION_CONTEXT() REPRESENTATION_CONTEXT('2D SPACE',''
  ) );
#9268 = PCURVE('',#9159,#9269);
#9269 = DEFINITIONAL_REPRESENTATION('',(#9270),#9274);
#9270 = LINE('',#9271,#9272);
#9271 = CARTESIAN_POINT('',(0.,23.));
#9272 = VECTOR('',#9273,1.);
#9273 = DIRECTION('',(1.,0.));
#9274 = ( GEOMETRIC_REPRESENTATION_CONTEXT(2) 
PARAMETRIC_REPRESENTATION_CONTEXT() REPRESENTATION_CONTEXT('2D SPACE',''
  ) );
#9275 = ORIENTED_EDGE('',*,*,#9276,.F.);
#9276 = EDGE_CURVE('',#9203,#9254,#9277,.T.);
#9277 = SURFACE_CURVE('',#9278,(#9282,#9289),.PCURVE_S1.);
#9278 = LINE('',#9279,#9280);
#9279 = CARTESIAN_POINT('',(11.5,-14.5,66.1));
#9280 = VECTOR('',#9281,1.);
#9281 = DIRECTION('',(0.,1.,0.));
#9282 = PCURVE('',#9211,#9283);
#9283 = DEFINITIONAL_REPRESENTATION('',(#9284),#9288);
#9284 = LINE('',#9285,#9286);
#9285 = CARTESIAN_POINT('',(12.2,0.));
#9286 = VECTOR('',#9287,1.);
#9287 = DIRECTION('',(0.,-1.));
#9288 = ( GEOMETRIC_REPRESENTATION_CONTEXT(2) 
PARAMETRIC_REPRESENTATION_CONTEXT() REPRESENTATION_CONTEXT('2D SPACE',''
  ) );
#9289 = PCURVE('',#9185,#9290);
#9290 = DEFINITIONAL_REPRESENTATION('',(#9291),#9295);
#9291 = LINE('',#9292,#9293);
#9292 = CARTESIAN_POINT('',(23.,0.));
#9293 = VECTOR('',#9294,1.);
#9294 = DIRECTION('',(0.,1.));
#9295 = ( GEOMETRIC_REPRESENTATION_CONTEXT(2) 
PARAMETRIC_REPRESENTATION_CONTEXT() REPRESENTATION_CONTEXT('2D SPACE',''
  ) );
#9296 = ADVANCED_FACE('',(#9297),#9103,.F.);
#9297 = FACE_BOUND('',#9298,.F.);
#9298 = EDGE_LOOP('',(#9299,#9320,#9321,#9342));
#9299 = ORIENTED_EDGE('',*,*,#9300,.F.);
#9300 = EDGE_CURVE('',#9081,#9201,#9301,.T.);
#9301 = SURFACE_CURVE('',#9302,(#9306,#9313),.PCURVE_S1.);
#9302 = LINE('',#9303,#9304);
#9303 = CARTESIAN_POINT('',(-11.5,-14.5,53.9));
#9304 = VECTOR('',#9305,1.);
#9305 = DIRECTION('',(1.,0.,0.));
#9306 = PCURVE('',#9103,#9307);
#9307 = DEFINITIONAL_REPRESENTATION('',(#9308),#9312);
#9308 = LINE('',#9309,#9310);
#9309 = CARTESIAN_POINT('',(0.,0.));
#9310 = VECTOR('',#9311,1.);
#9311 = DIRECTION('',(0.,1.));
#9312 = ( GEOMETRIC_REPRESENTATION_CONTEXT(2) 
PARAMETRIC_REPRESENTATION_CONTEXT() REPRESENTATION_CONTEXT('2D SPACE',''
  ) );
#9313 = PCURVE('',#9131,#9314);
#9314 = DEFINITIONAL_REPRESENTATION('',(#9315),#9319);
#9315 = LINE('',#9316,#9317);
#9316 = CARTESIAN_POINT('',(0.,0.));
#9317 = VECTOR('',#9318,1.);
#9318 = DIRECTION('',(1.,0.));
#9319 = ( GEOMETRIC_REPRESENTATION_CONTEXT(2) 
PARAMETRIC_REPRESENTATION_CONTEXT() REPRESENTATION_CONTEXT('2D SPACE',''
  ) );
#9320 = ORIENTED_EDGE('',*,*,#9080,.T.);
#9321 = ORIENTED_EDGE('',*,*,#9322,.T.);
#9322 = EDGE_CURVE('',#9083,#9203,#9323,.T.);
#9323 = SURFACE_CURVE('',#9324,(#9328,#9335),.PCURVE_S1.);
#9324 = LINE('',#9325,#9326);
#9325 = CARTESIAN_POINT('',(-11.5,-14.5,66.1));
#9326 = VECTOR('',#9327,1.);
#9327 = DIRECTION('',(1.,0.,0.));
#9328 = PCURVE('',#9103,#9329);
#9329 = DEFINITIONAL_REPRESENTATION('',(#9330),#9334);
#9330 = LINE('',#9331,#9332);
#9331 = CARTESIAN_POINT('',(12.2,0.));
#9332 = VECTOR('',#9333,1.);
#9333 = DIRECTION('',(0.,1.));
#9334 = ( GEOMETRIC_REPRESENTATION_CONTEXT(2) 
PARAMETRIC_REPRESENTATION_CONTEXT() REPRESENTATION_CONTEXT('2D SPACE',''
  ) );
#9335 = PCURVE('',#9185,#9336);
#9336 = DEFINITIONAL_REPRESENTATION('',(#9337),#9341);
#9337 = LINE('',#9338,#9339);
#9338 = CARTESIAN_POINT('',(0.,0.));
#9339 = VECTOR('',#9340,1.);
#9340 = DIRECTION('',(1.,0.));
#9341 = ( GEOMETRIC_REPRESENTATION_CONTEXT(2) 
PARAMETRIC_REPRESENTATION_CONTEXT() REPRESENTATION_CONTEXT('2D SPACE',''
  ) );
#9342 = ORIENTED_EDGE('',*,*,#9200,.F.);
#9343 = ADVANCED_FACE('',(#9344),#9159,.T.);
#9344 = FACE_BOUND('',#9345,.T.);
#9345 = EDGE_LOOP('',(#9346,#9367,#9368,#9389));
#9346 = ORIENTED_EDGE('',*,*,#9347,.F.);
#9347 = EDGE_CURVE('',#9116,#9231,#9348,.T.);
#9348 = SURFACE_CURVE('',#9349,(#9353,#9360),.PCURVE_S1.);
#9349 = LINE('',#9350,#9351);
#9350 = CARTESIAN_POINT('',(-11.5,14.5,53.9));
#9351 = VECTOR('',#9352,1.);
#9352 = DIRECTION('',(1.,0.,0.));
#9353 = PCURVE('',#9159,#9354);
#9354 = DEFINITIONAL_REPRESENTATION('',(#9355),#9359);
#9355 = LINE('',#9356,#9357);
#9356 = CARTESIAN_POINT('',(0.,0.));
#9357 = VECTOR('',#9358,1.);
#9358 = DIRECTION('',(0.,1.));
#9359 = ( GEOMETRIC_REPRESENTATION_CONTEXT(2) 
PARAMETRIC_REPRESENTATION_CONTEXT() REPRESENTATION_CONTEXT('2D SPACE',''
  ) );
#9360 = PCURVE('',#9131,#9361);
#9361 = DEFINITIONAL_REPRESENTATION('',(#9362),#9366);
#9362 = LINE('',#9363,#9364);
#9363 = CARTESIAN_POINT('',(0.,29.));
#9364 = VECTOR('',#9365,1.);
#9365 = DIRECTION('',(1.,0.));
#9366 = ( GEOMETRIC_REPRESENTATION_CONTEXT(2) 
PARAMETRIC_REPRESENTATION_CONTEXT() REPRESENTATION_CONTEXT('2D SPACE',''
  ) );
#9367 = ORIENTED_EDGE('',*,*,#9143,.T.);
#9368 = ORIENTED_EDGE('',*,*,#9369,.T.);
#9369 = EDGE_CURVE('',#9144,#9254,#9370,.T.);
#9370 = SURFACE_CURVE('',#9371,(#9375,#9382),.PCURVE_S1.);
#9371 = LINE('',#9372,#9373);
#9372 = CARTESIAN_POINT('',(-11.5,14.5,66.1));
#9373 = VECTOR('',#9374,1.);
#9374 = DIRECTION('',(1.,0.,0.));
#9375 = PCURVE('',#9159,#9376);
#9376 = DEFINITIONAL_REPRESENTATION('',(#9377),#9381);
#9377 = LINE('',#9378,#9379);
#9378 = CARTESIAN_POINT('',(12.2,0.));
#9379 = VECTOR('',#9380,1.);
#9380 = DIRECTION('',(0.,1.));
#9381 = ( GEOMETRIC_REPRESENTATION_CONTEXT(2) 
PARAMETRIC_REPRESENTATION_CONTEXT() REPRESENTATION_CONTEXT('2D SPACE',''
  ) );
#9382 = PCURVE('',#9185,#9383);
#9383 = DEFINITIONAL_REPRESENTATION('',(#9384),#9388);
#9384 = LINE('',#9385,#9386);
#9385 = CARTESIAN_POINT('',(0.,29.));
#9386 = VECTOR('',#9387,1.);
#9387 = DIRECTION('',(1.,0.));
#9388 = ( GEOMETRIC_REPRESENTATION_CONTEXT(2) 
PARAMETRIC_REPRESENTATION_CONTEXT() REPRESENTATION_CONTEXT('2D SPACE',''
  ) );
#9389 = ORIENTED_EDGE('',*,*,#9253,.F.);
#9390 = ADVANCED_FACE('',(#9391),#9131,.F.);
#9391 = FACE_BOUND('',#9392,.F.);
#9392 = EDGE_LOOP('',(#9393,#9394,#9395,#9396));
#9393 = ORIENTED_EDGE('',*,*,#9115,.F.);
#9394 = ORIENTED_EDGE('',*,*,#9300,.T.);
#9395 = ORIENTED_EDGE('',*,*,#9230,.T.);
#9396 = ORIENTED_EDGE('',*,*,#9347,.F.);
#9397 = ADVANCED_FACE('',(#9398),#9185,.T.);
#9398 = FACE_BOUND('',#9399,.T.);
#9399 = EDGE_LOOP('',(#9400,#9401,#9402,#9403));
#9400 = ORIENTED_EDGE('',*,*,#9171,.F.);
#9401 = ORIENTED_EDGE('',*,*,#9322,.T.);
#9402 = ORIENTED_EDGE('',*,*,#9276,.T.);
#9403 = ORIENTED_EDGE('',*,*,#9369,.F.);
#9404 = ( GEOMETRIC_REPRESENTATION_CONTEXT(3) 
GLOBAL_UNCERTAINTY_ASSIGNED_CONTEXT((#9408)) 
GLOBAL_UNIT_ASSIGNED_CONTEXT((#9405,#9406,#9407)) REPRESENTATION_CONTEXT
('Context #1','3D Context with UNIT and UNCERTAINTY') );
#9405 = ( LENGTH_UNIT() NAMED_UNIT(*) SI_UNIT(.MILLI.,.METRE.) );
#9406 = ( NAMED_UNIT(*) PLANE_ANGLE_UNIT() SI_UNIT($,.RADIAN.) );
#9407 = ( NAMED_UNIT(*) SI_UNIT($,.STERADIAN.) SOLID_ANGLE_UNIT() );
#9408 = UNCERTAINTY_MEASURE_WITH_UNIT(LENGTH_MEASURE(1.E-07),#9405,
  'distance_accuracy_value','confusion accuracy');
#9409 = CONTEXT_DEPENDENT_SHAPE_REPRESENTATION(#9410,#9412);
#9410 = ( REPRESENTATION_RELATIONSHIP('','',#9073,#10) 
REPRESENTATION_RELATIONSHIP_WITH_TRANSFORMATION(#9411) 
SHAPE_REPRESENTATION_RELATIONSHIP() );
#9411 = ITEM_DEFINED_TRANSFORMATION('','',#11,#55);
#9412 = PRODUCT_DEFINITION_SHAPE('Placement','Placement of an item',
  #9413);
#9413 = NEXT_ASSEMBLY_USAGE_OCCURRENCE('11','M2','',#5,#9068,$);
#9414 = PRODUCT_RELATED_PRODUCT_CATEGORY('part',$,(#9070));
ENDSEC;
END-ISO-10303-21;
